job_id,title,company_name,location,is_remote,job_type,tags,tags_count,posted_date,source,source_url
senior-backend-engineer-databases-pyroscope-germany-remote-136629,Senior Backend Engineer - Databases Pyroscope | Germany | Remote,grafanalabs,,False,Full Time,R&D : Databases,1,2026-09-14,Arbeitnow,https://www.arbeitnow.com/jobs/companies/grafanalabs/senior-backend-engineer-databases-pyroscope-germany-remote-136629
software-engineer-data-infrastructure-acquisition-munich-germany-255697,"Software Engineer, Data Infrastructure & Acquisition - Munich, Germany",speechify,Munich,False,Full Time,Global,1,2026-09-14,Arbeitnow,https://www.arbeitnow.com/jobs/companies/speechify/software-engineer-data-infrastructure-acquisition-munich-germany-255697
senior-software-engineer-windows-desktop-applications-munich-germany-51531,"Senior Software Engineer, Windows/Desktop Applications - Munich, Germany",speechify,Munich,False,Full Time,Global,1,2026-09-14,Arbeitnow,https://www.arbeitnow.com/jobs/companies/speechify/senior-software-engineer-windows-desktop-applications-munich-germany-51531
senior-software-engineer-windows-desktop-applications-hamburg-germany-210998,"Senior Software Engineer, Windows/Desktop Applications - Hamburg, Germany",speechify,Hamburg,False,Full Time,Global,1,2026-09-14,Arbeitnow,https://www.arbeitnow.com/jobs/companies/speechify/senior-software-engineer-windows-desktop-applications-hamburg-germany-210998
senior-software-engineer-windows-desktop-applications-dusseldorf-germany-350811,"Senior Software Engineer, Windows/Desktop Applications - Düsseldorf, Germany",speechify,Düsseldorf,False,Full Time,Global,1,2026-09-14,Arbeitnow,https://www.arbeitnow.com/jobs/companies/speechify/senior-software-engineer-windows-desktop-applications-dusseldorf-germany-350811
senior-software-engineer-core-experiences-munich-germany-247857,"Senior Software Engineer, Core Experiences - Munich, Germany",speechify,Munich,False,Full Time,Global,1,2026-09-14,Arbeitnow,https://www.arbeitnow.com/jobs/companies/speechify/senior-software-engineer-core-experiences-munich-germany-247857
senior-software-engineer-core-experiences-frankfurt-germany-281069,"Senior Software Engineer, Core Experiences - Frankfurt, Germany",speechify,Frankfurt,False,Full Time,Global,1,2026-09-14,Arbeitnow,https://www.arbeitnow.com/jobs/companies/speechify/senior-software-engineer-core-experiences-frankfurt-germany-281069
working-student-procurement-ludwigsburg-244211,Working Student - Procurement (f/m/d),Instagrid,"Ludwigsburg, Baden-Württemberg, Germany",False,"Student college, internship",Procurement,1,2026-09-14,Arbeitnow,https://www.arbeitnow.com/jobs/companies/instagrid/working-student-procurement-ludwigsburg-244211
werkstudent-projektmanagement-glasfaserausbau-koln-168873,Werkstudent (m/w/d) Projektmanagement – Glasfaserausbau,GlasfaserPlus GmbH,Köln,False,"Student, Working student, Part time",,0,2026-09-14,Arbeitnow,https://www.arbeitnow.com/jobs/companies/glasfaserplus-gmbh/werkstudent-projektmanagement-glasfaserausbau-koln-168873
werkstudent-design-strategy-munchen-416640,Werkstudent Design & Strategy (d/w/m),Mawave Marketing GmbH,München,False,"Student, Intern, Part time",,0,2026-09-14,Arbeitnow,https://www.arbeitnow.com/jobs/companies/mawave-marketing-gmbh/werkstudent-design-strategy-munchen-416640
senior-treasury-manager-hamburg-447676,Senior Treasury Manager (m/w/d),Pammys™ (dieseo GmbH),Hamburg,False,"Experienced, Permanent, Full time",,0,2026-09-14,Arbeitnow,https://www.arbeitnow.com/jobs/companies/pammys-dieseo-gmbh/senior-treasury-manager-hamburg-447676
senior-creative-strategist-social-ads-ugc-hamburg-63412,Senior Creative Strategist – Social Ads / UGC (m/w/d),Pammys™ (dieseo GmbH),Hamburg,False,"Experienced, Permanent, Full time","E-commerce, Creative, Strategy, Marketing, Pammys, Manager, Performance Marketing",7,2026-09-14,Arbeitnow,https://www.arbeitnow.com/jobs/companies/pammys-dieseo-gmbh/senior-creative-strategist-social-ads-ugc-hamburg-63412
head-of-product-marketing-hamburg-420883,Head of Product Marketing (m/w/d),Pammys™ (dieseo GmbH),Hamburg,False,"Experienced, Permanent, Full time",,0,2026-09-14,Arbeitnow,https://www.arbeitnow.com/jobs/companies/pammys-dieseo-gmbh/head-of-product-marketing-hamburg-420883
head-of-product-development-engineering-hamburg-49081,Head of Product Development & Engineering (m/w/d),Pammys™ (dieseo GmbH),Hamburg,False,"Experienced, Permanent, Full time",,0,2026-09-14,Arbeitnow,https://www.arbeitnow.com/jobs/companies/pammys-dieseo-gmbh/head-of-product-development-engineering-hamburg-49081
head-of-data-business-intelligence-hamburg-440136,Head of Data & Business Intelligence (m/w/d),Pammys™ (dieseo GmbH),Hamburg,False,"Experienced, Permanent, Full time",,0,2026-09-14,Arbeitnow,https://www.arbeitnow.com/jobs/companies/pammys-dieseo-gmbh/head-of-data-business-intelligence-hamburg-440136
cpo-chief-product-officer-hamburg-259382,CPO - Chief Product Officer (m/w/d),Pammys™ (dieseo GmbH),Hamburg,False,"Executive, Permanent, Full time",,0,2026-09-14,Arbeitnow,https://www.arbeitnow.com/jobs/companies/pammys-dieseo-gmbh/cpo-chief-product-officer-hamburg-259382
cmo-chief-marketing-officer-hamburg-400060,CMO - Chief Marketing Officer (m/w/d),Pammys™ (dieseo GmbH),Hamburg,False,"Experienced, Permanent, Full time",,0,2026-09-14,Arbeitnow,https://www.arbeitnow.com/jobs/companies/pammys-dieseo-gmbh/cmo-chief-marketing-officer-hamburg-400060
cbo-chief-business-officer-hamburg-483447,CBO - Chief Business Officer (m/w/d),Pammys™ (dieseo GmbH),Hamburg,False,"Experienced, Permanent, Full time",,0,2026-09-14,Arbeitnow,https://www.arbeitnow.com/jobs/companies/pammys-dieseo-gmbh/cbo-chief-business-officer-hamburg-483447
senior-payroll-hr-operations-manager-hamburg-340,(Senior) Payroll & HR Operations Manager (m/w/d),Pammys™ (dieseo GmbH),Hamburg,False,"Experienced, Permanent, Full time",,0,2026-09-14,Arbeitnow,https://www.arbeitnow.com/jobs/companies/pammys-dieseo-gmbh/senior-payroll-hr-operations-manager-hamburg-340
senior-digital-strategist-hamburg-264815,(Senior) Digital Strategist (m/w/d),Pammys™ (dieseo GmbH),Hamburg,False,"Experienced, Permanent, Full time","Marketing, E-Commerce, manager, Performance, Creative, Strategy",6,2026-09-14,Arbeitnow,https://www.arbeitnow.com/jobs/companies/pammys-dieseo-gmbh/senior-digital-strategist-hamburg-264815
senior-controller-finance-business-partner-hamburg-436394,(Senior) Controller / Finance Business Partner (m/w/d),Pammys™ (dieseo GmbH),Hamburg,False,"Experienced, Permanent, Full time",,0,2026-09-14,Arbeitnow,https://www.arbeitnow.com/jobs/companies/pammys-dieseo-gmbh/senior-controller-finance-business-partner-hamburg-436394
werkstudent-logopadie-frankfurt-frankfurt-am-sachsenhausen-117804,Werkstudent (m/w/d) Logopädie - Frankfurt,Palabra,Frankfurt a.M. - Sachsenhausen,False,"Student, Working student, Part time","werkstudent, student, Frankfurt, logo, logopädie, sprachtherapie",6,2026-09-14,Arbeitnow,https://www.arbeitnow.com/jobs/companies/palabra/werkstudent-logopadie-frankfurt-frankfurt-am-sachsenhausen-117804
werkstudent-ergotherapie-munchen-125357,Werkstudent (m/w/d) Ergotherapie - München,Palabra,München,False,"Student, Working student, Part time","werkstudent, student, ergo, ergotherapie, münchen",5,2026-09-14,Arbeitnow,https://www.arbeitnow.com/jobs/companies/palabra/werkstudent-ergotherapie-munchen-125357
werkstudent-ergotherapie-frankfurt-frankfurt-am-sachsenhausen-479858,Werkstudent (m/w/d) Ergotherapie - Frankfurt,Palabra,Frankfurt a.M. - Sachsenhausen,False,"Student, Working student, Part time","werkstudent, student, ergo, ergotherapie, Frankfurt",5,2026-09-14,Arbeitnow,https://www.arbeitnow.com/jobs/companies/palabra/werkstudent-ergotherapie-frankfurt-frankfurt-am-sachsenhausen-479858
fachinformatiker-im-medizinischen-umfeld-lifelink-nuklearmedizin-bremen-270660,Fachinformatiker im medizinischen Umfeld (m/w/d),Lifelink Medical Gmbh,LifeLink Nuklearmedizin Bremen,False,"Experienced, Permanent, Full time",Bremen,1,2026-09-14,Arbeitnow,https://www.arbeitnow.com/jobs/companies/lifelink-medical-gmbh/fachinformatiker-im-medizinischen-umfeld-lifelink-nuklearmedizin-bremen-270660
software-engineer-systems-modeling-all-genders-berlin-368586,Software Engineer - Systems Modeling (all genders),Reflex Aerospace GmbH,Berlin,False,"Experienced, Permanent, Full time",,0,2026-09-14,Arbeitnow,https://www.arbeitnow.com/jobs/companies/reflex-aerospace-gmbh/software-engineer-systems-modeling-all-genders-berlin-368586
werkstudent-finance-hamburg-valentinskamp-70-20355-hamburg-327173,Werkstudent Finance (m/w/d),Afc Gruppe,"Hamburg, Valentinskamp 70, 20355 Hamburg",False,"Entry, Working student, Part time",,0,2026-09-14,Arbeitnow,https://www.arbeitnow.com/jobs/companies/afc-gruppe/werkstudent-finance-hamburg-valentinskamp-70-20355-hamburg-327173
senior-marketing-specialist-hamburg-427638,Senior Marketing Specialist (w/m/d),Opentas,Hamburg,False,"Experienced, Permanent, Full time","Marketing Specialist, BRB Marketing, ABM-driven campaigns, Communication, Sales and Business Development, Content Marketing, Digital Creation, Content Management",8,2026-09-14,Arbeitnow,https://www.arbeitnow.com/jobs/companies/opentas/senior-marketing-specialist-hamburg-427638
working-student-export-control-trade-compliance-all-genders-munich-270089,Working Student Export Control & Trade Compliance (all genders),Stark,Munich,False,"Entry, Intern, Part time",,0,2026-09-14,Arbeitnow,https://www.arbeitnow.com/jobs/companies/stark/working-student-export-control-trade-compliance-all-genders-munich-270089
working-student-hardware-engineering-uas-propulsion-power-all-genders-berlin-103697,Working Student – Hardware Engineering (UAS Propulsion & Power) (all genders),Stark,Berlin,False,"Entry, Intern, Part time",,0,2026-09-14,Arbeitnow,https://www.arbeitnow.com/jobs/companies/stark/working-student-hardware-engineering-uas-propulsion-power-all-genders-berlin-103697
working-student-flight-software-engineering-px4-autopilot-all-genders-berlin-336483,Working Student – Flight Software Engineering (PX4 / Autopilot) (all genders),Stark,Berlin,False,"Entry, Intern, Part time",,0,2026-09-14,Arbeitnow,https://www.arbeitnow.com/jobs/companies/stark/working-student-flight-software-engineering-px4-autopilot-all-genders-berlin-336483
technical-product-manager-all-gender-berlin-373703,Technical Product Manager (All gender),Stark,Berlin,False,"Experienced, Permanent, Full time",,0,2026-09-14,Arbeitnow,https://www.arbeitnow.com/jobs/companies/stark/technical-product-manager-all-gender-berlin-373703
tactical-data-link-expert-all-genders-munich-108610,Tactical Data Link Expert (all genders),Stark,Munich,False,"Experienced, Permanent, Full time",,0,2026-09-14,Arbeitnow,https://www.arbeitnow.com/jobs/companies/stark/tactical-data-link-expert-all-genders-munich-108610
systems-architect-all-genders-munich-214141,Systems Architect (All Genders),Stark,Munich,False,"Experienced, Permanent, Full time","System Engineering, Architect",2,2026-09-14,Arbeitnow,https://www.arbeitnow.com/jobs/companies/stark/systems-architect-all-genders-munich-214141
software-ivv-lead-munich-225906,Software IV&V Lead,Stark,Munich,False,"Experienced, Permanent, Full time","integration verification and validation, ivv, software integration, agile",4,2026-09-14,Arbeitnow,https://www.arbeitnow.com/jobs/companies/stark/software-ivv-lead-munich-225906
senior-waveform-architect-all-genders-berlin-180271,Senior Waveform Architect (All Genders),Stark,Berlin,False,"Experienced, Permanent, Full time",,0,2026-09-14,Arbeitnow,https://www.arbeitnow.com/jobs/companies/stark/senior-waveform-architect-all-genders-berlin-180271
senior-software-engineer-mission-autonomy-all-genders-munich-367142,Senior Software Engineer - Mission Autonomy (All Genders),Stark,Munich,False,"Experienced, Permanent, Full time","Multi‑vehicle task allocation, Swarm‑level optimisation, SITL (Software‑in‑the‑Loop) simulation, Real‑time decision metrics, Auction‑based / Hungarian algorithm",5,2026-09-14,Arbeitnow,https://www.arbeitnow.com/jobs/companies/stark/senior-software-engineer-mission-autonomy-all-genders-munich-367142
senior-mesh-network-and-mac-engineer-all-genders-berlin-273928,Senior Mesh Network and MAC Engineer (All Genders),Stark,Berlin,False,"Experienced, Permanent, Full time",,0,2026-09-14,Arbeitnow,https://www.arbeitnow.com/jobs/companies/stark/senior-mesh-network-and-mac-engineer-all-genders-berlin-273928
senior-electronics-engineer-ew-all-genders-berlin-490834,Senior Electronics Engineer EW (All Genders),Stark,Berlin,False,"Experienced, Permanent, Full time",,0,2026-09-14,Arbeitnow,https://www.arbeitnow.com/jobs/companies/stark/senior-electronics-engineer-ew-all-genders-berlin-490834
senior-ai-systems-engineer-robotics-swarming-all-genders-munich-359429,Senior AI Systems Engineer – Robotics/Swarming (all genders),Stark,Munich,False,"Experienced, Permanent, Full time","Multi‑vehicle task allocation, Swarm‑level optimisation, SITL (Software‑in‑the‑Loop) simulation, Real‑time decision metrics, Auction‑based / Hungarian algorithm",5,2026-09-14,Arbeitnow,https://www.arbeitnow.com/jobs/companies/stark/senior-ai-systems-engineer-robotics-swarming-all-genders-munich-359429
flight-test-engineer-onsite-test-coordinator-all-genders-berlin-402740,Flight Test Engineer & Onsite Test Coordinator (all genders),Stark,Berlin,False,"Experienced, Permanent, Full time","flighttest, flighttesting, engineering, pilots, drones",5,2026-09-14,Arbeitnow,https://www.arbeitnow.com/jobs/companies/stark/flight-test-engineer-onsite-test-coordinator-all-genders-berlin-402740
werkstudent-seo-content-berlin-291076,Werkstudent SEO & Content (m/w/d),Verivox,Berlin,False,"Student, Intern, Part time","SEO, Content, Marketing, Werkstudent",4,2026-09-14,Arbeitnow,https://www.arbeitnow.com/jobs/companies/verivox/werkstudent-seo-content-berlin-291076
werkstudent-office-management-heidelberg-473114,Werkstudent Office Management (m/w/d),Verivox,Heidelberg,False,"Student, Intern, Part time","Office Management, Assistance, Empfang, Administration, Sachbearbeitung, Werkstudent",6,2026-09-14,Arbeitnow,https://www.arbeitnow.com/jobs/companies/verivox/werkstudent-office-management-heidelberg-473114
werkstudent-facility-management-heidelberg-105191,Werkstudent Facility Management (m/w/d),Verivox,Heidelberg,False,"Student, Intern, Part time","Facility Management, Gebäudemanagement, Werkstudent, Sachbearbeitung",4,2026-09-14,Arbeitnow,https://www.arbeitnow.com/jobs/companies/verivox/werkstudent-facility-management-heidelberg-105191
werkstudent-customer-service-hybrid-heidelberg-202500,Werkstudent Customer Service (m/w/d) Hybrid,Verivox,Heidelberg,False,"Student, Intern, Part time","Customer Service, Werkstudent, Kundenservice",3,2026-09-14,Arbeitnow,https://www.arbeitnow.com/jobs/companies/verivox/werkstudent-customer-service-hybrid-heidelberg-202500
senior-it-services-lead-heidelberg-282764,Senior IT Services Lead (m/w/d),Verivox,Heidelberg,False,"Experienced, Permanent, Full time","IT Services, Lead",2,2026-09-14,Arbeitnow,https://www.arbeitnow.com/jobs/companies/verivox/senior-it-services-lead-heidelberg-282764
studentische-hilfskraft-team-questionnaire-design-evaluation-team-assessing-survey-data-quality-shk-sdm-2026-020-mannheim-20517,"Studentische Hilfskraft, Team Questionnaire Design & Evaluation / Team Assessing Survey Data Quality (SHK_SDM_2026_020)",GESIS – Leibniz-Institut für Sozialwissenschaften,Mannheim,False,"Student, Working student, Part time",,0,2026-09-14,Arbeitnow,https://www.arbeitnow.com/jobs/companies/gesis-leibniz-institut-fur-sozialwissenschaften/studentische-hilfskraft-team-questionnaire-design-evaluation-team-assessing-survey-data-quality-shk-sdm-2026-020-mannheim-20517
studentische-hilfskraft-team-data-aquisition-and-access-shk-dss-11-koln-459540,"Studentische Hilfskraft, Team Data Aquisition and Access (SHK-DSS-11)",GESIS – Leibniz-Institut für Sozialwissenschaften,Köln,False,"Student, Working student, Part time",,0,2026-09-14,Arbeitnow,https://www.arbeitnow.com/jobs/companies/gesis-leibniz-institut-fur-sozialwissenschaften/studentische-hilfskraft-team-data-aquisition-and-access-shk-dss-11-koln-459540
research-data-manager-postdoc-for-mapping-harvesting-relationships-kts-84-koln-385269,Research Data Manager (PostDoc) for mapping harvesting relationships (KTS-84),GESIS – Leibniz-Institut für Sozialwissenschaften,Köln,False,"Experienced, Temporary, Full time",,0,2026-09-14,Arbeitnow,https://www.arbeitnow.com/jobs/companies/gesis-leibniz-institut-fur-sozialwissenschaften/research-data-manager-postdoc-for-mapping-harvesting-relationships-kts-84-koln-385269
graduate-student-research-assistant-team-assessing-survey-data-quality-de-en-shk-sdm-2026-024-mannheim-380976,"Graduate Student Research Assistant, Team Assessing Survey Data Quality (DE/EN) (SHK_SDM_2026_024)",GESIS – Leibniz-Institut für Sozialwissenschaften,Mannheim,False,"Student, Working student, Part time",,0,2026-09-14,Arbeitnow,https://www.arbeitnow.com/jobs/companies/gesis-leibniz-institut-fur-sozialwissenschaften/graduate-student-research-assistant-team-assessing-survey-data-quality-de-en-shk-sdm-2026-024-mannheim-380976
financial-assistant-werkstudentin-oder-praktikantin-berlin-240873,Financial Assistant (Werkstudent:in oder Praktikant:in),Workist Gmbh,Berlin,False,"Entry, Intern, Part time",,0,2026-09-14,Arbeitnow,https://www.arbeitnow.com/jobs/companies/workist-gmbh/financial-assistant-werkstudentin-oder-praktikantin-berlin-240873
working-student-digital-operations-berlin-2455,Working Student - Digital Operations (m/f/d),Healy World GmbH,Berlin,False,"Student, Working student, Part time",,0,2026-09-14,Arbeitnow,https://www.arbeitnow.com/jobs/companies/healy-world-gmbh/working-student-digital-operations-berlin-2455
senior-ui-ux-designer-for-mobile-app-for-2-month-berlin-96296,(Senior) UI/UX Designer for Mobile App (m/f/d) | for 2 month,Healy World GmbH,Berlin,False,"Experienced, Freelance, Full time",,0,2026-09-14,Arbeitnow,https://www.arbeitnow.com/jobs/companies/healy-world-gmbh/senior-ui-ux-designer-for-mobile-app-for-2-month-berlin-96296
working-student-ai-support-operations-frankfurt-am-main-436929,Working Student AI Support & Operations,Statworx,Frankfurt am Main,False,"Student, Working student, Part time",,0,2026-09-14,Arbeitnow,https://www.arbeitnow.com/jobs/companies/statworx/working-student-ai-support-operations-frankfurt-am-main-436929
working-student-intern-sales-business-development-cologne-262843,Working Student/Intern Sales & Business Development (f/m/d),Oniq,Cologne,False,"Student, Intern, Full time","Sales, Business Development, Market Analysis, Go-To-Market",4,2026-09-14,Arbeitnow,https://www.arbeitnow.com/jobs/companies/oniq/working-student-intern-sales-business-development-cologne-262843
ai-research-engineer-bochum-139653,AI Research Engineer (f/m/d),Sonarsource,Bochum,False,Employee / Full-Time,Data & Agentic,1,2026-09-14,Arbeitnow,https://www.arbeitnow.com/jobs/companies/sonarsource/ai-research-engineer-bochum-139653
remote-senior-backend-engineer-go-berlin-391760,Senior Backend Engineer (Go) (m/w/d),Recare Deutschland GmbH,Remote job,True,"Experienced, fulltime permanent","Engineering, Remote",2,2026-09-14,Arbeitnow,https://www.arbeitnow.com/jobs/companies/recare-deutschland-gmbh/remote-senior-backend-engineer-go-berlin-391760
principal-analytics-engineer-berlin-225855,Principal Analytics Engineer (f/m/d),Trusted Shops SE (DE),"Berlin, Berlin, Germany",False,"Experienced, fulltime permanent",Tech,1,2026-09-14,Arbeitnow,https://www.arbeitnow.com/jobs/companies/trusted-shops-se-de/principal-analytics-engineer-berlin-225855
remote-senior-product-performance-analyst-cologne-163841,Senior Product Performance Analyst (m/f/d),Trusted Shops SE (DE),Remote job,True,"Experienced, fulltime permanent","Tech, Remote",2,2026-09-14,Arbeitnow,https://www.arbeitnow.com/jobs/companies/trusted-shops-se-de/remote-senior-product-performance-analyst-cologne-163841
senior-hr-generalist-2-year-contract-berlin-394328,Senior HR Generalist (2-year contract),TransPerfect,"Berlin, Berlin, Germany",False,"Mid, fulltime fixed term",,0,2026-09-14,Arbeitnow,https://www.arbeitnow.com/jobs/companies/transperfect/senior-hr-generalist-2-year-contract-berlin-394328
working-student-graphic-design-e-commerce-all-genders-berlin-195997,Working Student – Graphic Design E-Commerce (all genders),Niboline Gmbh,Berlin,False,"Entry, Intern, Full or part time","graphic design, design, product modelling, 3d rendering, video, ai, e-commerce, images, product pictures, conversion rate, amazon, social media, instagram, linkedin, marketing",15,2026-09-14,Arbeitnow,https://www.arbeitnow.com/jobs/companies/niboline-gmbh/working-student-graphic-design-e-commerce-all-genders-berlin-195997
werkstudent-strategie-business-development-berlin-130141,Werkstudent Strategie & Business Development (m/w/d),CKM Group,Berlin,False,"Entry, Intern, Part time","join, business development, venture, development, werkstudium",5,2026-09-14,Arbeitnow,https://www.arbeitnow.com/jobs/companies/ckm-group/werkstudent-strategie-business-development-berlin-130141
working-student-hr-recruitment-dusseldorf-1228,Working Student HR & Recruitment (m/f/d),Ecovacs Europe Gmbh,Düsseldorf,False,"Student, Working student, Part time","recruitment, HR",2,2026-09-14,Arbeitnow,https://www.arbeitnow.com/jobs/companies/ecovacs-europe-gmbh/working-student-hr-recruitment-dusseldorf-1228
senior-global-product-brand-manager-hair-professional-munchen-371785,(Senior) Global Product & Brand Manager (m/w/d) | Hair Professional,New Flag GmbH,München,False,"Experienced, Permanent, Full time","Produktmanagement, Produktentwicklung, Markenmanagement, Produktinnovation, FMCG, Beauty, join",7,2026-09-14,Arbeitnow,https://www.arbeitnow.com/jobs/companies/new-flag-gmbh/senior-global-product-brand-manager-hair-professional-munchen-371785
head-of-production-berlin-213174,Head of Production (m/f/x),Charlesundcharlottegmbh,Berlin,False,"Experienced, Permanent, Full time",,0,2026-09-14,Arbeitnow,https://www.arbeitnow.com/jobs/companies/charlesundcharlottegmbh/head-of-production-berlin-213174
werkstudent-marketing-allrounder-munchen-unterhaching-7506,Werkstudent Marketing-Allrounder (m/w/d),Membrain,München-Unterhaching,False,"Student, Working student, Full or part time","Werkstudent, Online-Marketing, Kampagnenmanagement, Leadmanagement, CMS, Content Marketing, Social Media Marketing, Content Creation, Web Analytics, Eventmarketing, WordPress, TYPO3",12,2026-09-14,Arbeitnow,https://www.arbeitnow.com/jobs/companies/membrain/werkstudent-marketing-allrounder-munchen-unterhaching-7506
senior-photonik-charakterisierungsingenieur-stuttgart-434457,Senior Photonik-Charakterisierungsingenieur (m/w/d),pmX Group,Stuttgart,False,"Experienced, Permanent, Full time",,0,2026-09-14,Arbeitnow,https://www.arbeitnow.com/jobs/companies/pmx-group/senior-photonik-charakterisierungsingenieur-stuttgart-434457
senior-full-stack-engineer-typescript-nextjs-100-ltq-de-berlin-142987,"Senior Full Stack Engineer — TypeScript / Next.js (100%, m/f/d)",LeaseTeq,LTQ-DE | Berlin,False,"Experienced, Permanent, Full time","Senior Full Stack Engineer, TypeScript, Next.js / NextJS, JavaScript",4,2026-09-14,Arbeitnow,https://www.arbeitnow.com/jobs/companies/leaseteq/senior-full-stack-engineer-typescript-nextjs-100-ltq-de-berlin-142987
senior-associate-operations-munchen-409806,Senior Associate Operations (m/f/d),Huz,München,False,"Experienced, Permanent, Full time",,0,2026-09-14,Arbeitnow,https://www.arbeitnow.com/jobs/companies/huz/senior-associate-operations-munchen-409806
senior-expert-software-sourcing-value-creation-munchen-154400,(Senior) Expert Software Sourcing & Value Creation (m/f/d),Huz,München,False,"Experienced, Permanent, Full time",,0,2026-09-14,Arbeitnow,https://www.arbeitnow.com/jobs/companies/huz/senior-expert-software-sourcing-value-creation-munchen-154400
senior-sap-consultant-migration-sdt-deutschland-463257,Senior SAP Consultant Migration & SDT (m/w/d),Gambit,Deutschland,False,"Experienced, Permanent, Full time","SAP SDT, SAP Data Migration, Selective Data Transition",3,2026-09-14,Arbeitnow,https://www.arbeitnow.com/jobs/companies/gambit/senior-sap-consultant-migration-sdt-deutschland-463257
praktikum-digital-design-web-medieninformatik-kommunikationsdesign-webdesign-mit-perspektive-auf-eine-anschliessende-werkstudententatigke-240394,Praktikum Digital Design & Web (m/w/d) Medieninformatik | Kommunikationsdesign | Webdesign mit Perspektive auf eine anschließende Werkstudententätigkeit,Hcsm Steuerberatung Gmbh,Wiesbaden,False,"Student, Intern, Part time","Webseiten und Landingpages, WIX, Grafiken, Adobe Creative Cloud, Lovable, Content, Gestaltung, KI, Werkstudententätigkeit, Praktikum, Digital Design, Webdesign",12,2026-09-14,Arbeitnow,https://www.arbeitnow.com/jobs/companies/hcsm-steuerberatung-gmbh/praktikum-digital-design-web-medieninformatik-kommunikationsdesign-webdesign-mit-perspektive-auf-eine-anschliessende-werkstudententatigke-240394
senior-technical-product-manager-hamburg-88855,Senior Technical Product Manager (f/m/x),exmox,Hamburg,False,"Experienced, Permanent, Full time",,0,2026-09-14,Arbeitnow,https://www.arbeitnow.com/jobs/companies/exmox/senior-technical-product-manager-hamburg-88855
senior-fraud-risk-analyst-hamburg-472710,Senior Fraud & Risk Analyst (f/m/x),exmox,Hamburg,False,"Experienced, Permanent, Full time","Risk Management, Fraud Analytics, Risk Assessment, Fraud Management",4,2026-09-14,Arbeitnow,https://www.arbeitnow.com/jobs/companies/exmox/senior-fraud-risk-analyst-hamburg-472710
senior-ai-native-data-engineer-hamburg-424655,Senior AI-Native Data Engineer (f/m/x),exmox,Hamburg,False,"Experienced, Permanent, Full time",,0,2026-09-14,Arbeitnow,https://www.arbeitnow.com/jobs/companies/exmox/senior-ai-native-data-engineer-hamburg-424655
senior-ai-data-expert-hamburg-332905,Senior AI Data Expert (f/m/x),exmox,Hamburg,False,"Experienced, Permanent, Full time",,0,2026-09-14,Arbeitnow,https://www.arbeitnow.com/jobs/companies/exmox/senior-ai-data-expert-hamburg-332905
product-manager-local-payments-portuguese-spanish-berlin-292806,Product Manager - Local Payments (Portuguese + Spanish),Ppro,Berlin,False,Permanent - full time,Product Management: Local Payments,1,2026-09-14,Arbeitnow,https://www.arbeitnow.com/jobs/companies/ppro/product-manager-local-payments-portuguese-spanish-berlin-292806
director-ai-automation-onemedia-germany-munich-249102,Director AI & Automation,Onemedia Consulting,"Onemedia Germany, Munich",False,"Experienced, Permanent, Full time",,0,2026-09-14,Arbeitnow,https://www.arbeitnow.com/jobs/companies/onemedia-consulting/director-ai-automation-onemedia-germany-munich-249102
senior-manager-social-media-management-berlin-210492,"Senior Manager, Social Media Management",Pulsegroup,Berlin,False,"Experienced, Permanent, Full time","@Digital, @social, @Media, @tiktok, @instagram, @creative, @client, @agentur, @agency, @content, @editing, @creation, @trends, @native",14,2026-09-14,Arbeitnow,https://www.arbeitnow.com/jobs/companies/pulsegroup/senior-manager-social-media-management-berlin-210492
solution-architect-client-solutions-frankfurt-am-main-324534,Solution Architect – Client Solutions (m/w/d),Fincite Gmbh,Frankfurt am Main,False,"Experienced, Permanent, Full time","FinTech, SaaS, Agile, CustomerSuccess, Architecture, Softwaredevelopment, Translation, Anforderungsmanagement, Productmanagement, Finance, Wealthmanagement, Software",12,2026-09-14,Arbeitnow,https://www.arbeitnow.com/jobs/companies/fincite-gmbh/solution-architect-client-solutions-frankfurt-am-main-324534
werkstudent-im-bereich-buchhaltung-und-fuhrparkmanagement-koln-143121,Werkstudent (m/w/d) im Bereich Buchhaltung und Fuhrparkmanagement,teamZUKUNFT gGmbH,Köln,False,"Entry, Working student, Part time",,0,2026-09-14,Arbeitnow,https://www.arbeitnow.com/jobs/companies/teamzukunft-ggmbh/werkstudent-im-bereich-buchhaltung-und-fuhrparkmanagement-koln-143121
talente-finden-teams-starken-werkstudentin-recruiting-koln-323942,Talente finden. Teams stärken. – Werkstudent*in Recruiting (m/w/d),teamZUKUNFT gGmbH,Köln,False,"Experienced, Intern, Part time",,0,2026-09-14,Arbeitnow,https://www.arbeitnow.com/jobs/companies/teamzukunft-ggmbh/talente-finden-teams-starken-werkstudentin-recruiting-koln-323942
junior-seo-manager-customer-success-manager-bonn-ramersdorf-21252,Junior SEO Manager (m/w/d) – Customer Success Manager,Linkbroker,Bonn-Ramersdorf,False,"Entry, Permanent, Full time","Linkbuilding, Junior Account Manager, Bonn, Homeoffice, Customer Success",5,2026-09-14,Arbeitnow,https://www.arbeitnow.com/jobs/companies/linkbroker/junior-seo-manager-customer-success-manager-bonn-ramersdorf-21252
senior-project-developer-berlin-316757,Senior Project Developer (m/f/d),Periskop,Berlin,False,"Experienced, Permanent, Full time","management of project development, area planning, cost estimates for planning, b-plan procedures, supervision of neighborhood agreements, reporting",6,2026-09-14,Arbeitnow,https://www.arbeitnow.com/jobs/companies/periskop/senior-project-developer-berlin-316757
it-systemadministrator-bei-maximal-dental-sei-der-it-held-fur-unsere-zahnarzte-frankfurt-am-main-334332,IT-Systemadministrator (w/m/d) bei Maximal Dental - Sei der IT-Held für unsere Zahnärzte!,Maximal Dental GmbH,Frankfurt am Main,False,Full Time,IT,1,2026-09-14,Arbeitnow,https://www.arbeitnow.com/jobs/companies/maximal-dental-gmbh/it-systemadministrator-bei-maximal-dental-sei-der-it-held-fur-unsere-zahnarzte-frankfurt-am-main-334332
it-systemadministrator-bei-maximal-dental-sei-der-it-held-fur-unsere-zahnarzte-munich-425616,IT-Systemadministrator (w/m/d) bei Maximal Dental - Sei der IT-Held für unsere Zahnärzte!,Maximal Dental GmbH,Munich,False,Full Time,IT,1,2026-09-14,Arbeitnow,https://www.arbeitnow.com/jobs/companies/maximal-dental-gmbh/it-systemadministrator-bei-maximal-dental-sei-der-it-held-fur-unsere-zahnarzte-munich-425616
senior-sous-chefin-hamburg-10392,Senior Sous Chef:in (m/w/d),The Bellezza Group,"Hamburg, Hamburg, Deutschland",False,"Experienced, fulltime fixed term",Mitarbeiter:in im Restaurant,1,2026-09-14,Arbeitnow,https://www.arbeitnow.com/jobs/companies/the-bellezza-group/senior-sous-chefin-hamburg-10392
remote-technischer-senior-projektmanager-306441,Technischer Senior Projektmanager (m/w/d),Vitagroup,"Mannheim, Remote",False,"Experienced, Permanent, Full time","Projektmanager, Projektmanagement, IT, Health, eHealth, technisch, Gesundheit",7,2026-09-14,Arbeitnow,https://www.arbeitnow.com/jobs/companies/vitagroup/remote-technischer-senior-projektmanager-306441
senior-collection-merchandiser-shoes-berlin-140410,(Senior) Collection Merchandiser Shoes (f/m/d),Aeyde,Berlin,False,"Experienced, Permanent, Full time",,0,2026-09-14,Arbeitnow,https://www.arbeitnow.com/jobs/companies/aeyde/senior-collection-merchandiser-shoes-berlin-140410
werkstudent-oder-praktikant-human-resources-frankfurt-452185,Werkstudent oder Praktikant Human Resources (m/w/d),Plutos,Frankfurt,False,"Student, Intern, Full or part time",Werkstudent oder Praktikant Human Resources (m/w/d),1,2026-09-14,Arbeitnow,https://www.arbeitnow.com/jobs/companies/plutos/werkstudent-oder-praktikant-human-resources-frankfurt-452185
werkstudent-oder-praktikant-human-resources-frankfurt-471425,Werkstudent oder Praktikant Human Resources (m/w/d),Plutos,Frankfurt,False,"Student, Permanent, Full time","Werkstudenten, Praktikanten, HR Werkstudent, HR Praktikant",4,2026-09-14,Arbeitnow,https://www.arbeitnow.com/jobs/companies/plutos/werkstudent-oder-praktikant-human-resources-frankfurt-471425
werkstudent-ki-automatisierung-stuttgart-168851,Werkstudent (m/w/d) KI & Automatisierung Stuttgart,Hws,Stuttgart,False,"Student, Intern, Part time","KI, Automatisierung, Werkstudent, Werkstudentin, Nebenjob, Steuerberatung, Wirtschaftsprüfung",7,2026-09-14,Arbeitnow,https://www.arbeitnow.com/jobs/companies/hws/werkstudent-ki-automatisierung-stuttgart-168851
founding-brand-manager-munchen-378004,Founding Brand Manager (m/w/d),Aampere,München,False,"Experienced, Permanent, Full time","Brand Manager, Community, Brand, Brand Marketing Manager, Head of Brand, Markenmanager, Markenführung, Brand Building, Brand Strategy, Markenstrategie, Brand Positioning, Brand Awareness, E-Mobilität, EV, Automotive, Startup, München, Vollzeit, FT",19,2026-09-14,Arbeitnow,https://www.arbeitnow.com/jobs/companies/aampere/founding-brand-manager-munchen-378004
marketing-social-media-manager-battlekart-halle-leipzig-halle-saale-38125,Marketing & Social Media Manager (m/w/d) BattleKart Halle-Leipzig · Halle (Saale),BattleKart Halle-Leipzig GmbH,Halle (Saale),False,berufseinstieg,Social Media Manager,1,2026-09-13,Arbeitnow,https://www.arbeitnow.com/jobs/companies/battlekart-halle-leipzig-gmbh/marketing-social-media-manager-battlekart-halle-leipzig-halle-saale-38125
associate-paid-social-berlin-414277,"Associate, Paid Social",Angi,Hybrid - Germany - Berlin,False,Full Time,Marketing,1,2026-09-13,Arbeitnow,https://www.arbeitnow.com/jobs/companies/angi/associate-paid-social-berlin-414277
remote-kubernetes-administrator-private-cloud-engineer-karlsruhe-90810,Kubernetes Administrator/Private Cloud Engineer (m/w/d),virtual7 GmbH,Homeoffice,True,"Experienced, fulltime permanent","Customer Cluster Justice, Remote",2,2026-09-13,Arbeitnow,https://www.arbeitnow.com/jobs/companies/virtual7-gmbh/remote-kubernetes-administrator-private-cloud-engineer-karlsruhe-90810
senior-java-fullstack-developer-kaarst-477433,Senior Java Fullstack Developer (m/w/d),virtual7 GmbH,"Kaarst, Nordrhein-Westfalen, Deutschland",False,"Experienced, fulltime permanent",Customer Cluster Finance,1,2026-09-13,Arbeitnow,https://www.arbeitnow.com/jobs/companies/virtual7-gmbh/senior-java-fullstack-developer-kaarst-477433
senior-java-fullstack-developer-mit-technischem-fokus-kaarst-376035,Senior Java Fullstack Developer mit technischem Fokus (m/w/d),virtual7 GmbH,"Kaarst, Nordrhein-Westfalen, Deutschland",False,"Experienced, fulltime permanent",Customer Cluster Finance,1,2026-09-13,Arbeitnow,https://www.arbeitnow.com/jobs/companies/virtual7-gmbh/senior-java-fullstack-developer-mit-technischem-fokus-kaarst-376035
remote-ai-solution-architect-nurnberg-mittelfranken-236690,AI Solution Architect (m/w/d),virtual7 GmbH,Homeoffice,True,"Experienced, fulltime permanent","Customer Cluster Environment, Transportation & Energy, Remote",3,2026-09-13,Arbeitnow,https://www.arbeitnow.com/jobs/companies/virtual7-gmbh/remote-ai-solution-architect-nurnberg-mittelfranken-236690
remote-senior-it-architect-karlsruhe-252149,Senior IT Architect (m/w/d),virtual7 GmbH,Homeoffice,True,"Experienced, fulltime permanent","Customer Cluster Healthcare, Remote",2,2026-09-13,Arbeitnow,https://www.arbeitnow.com/jobs/companies/virtual7-gmbh/remote-senior-it-architect-karlsruhe-252149
associate-director-payments-scheme-economics-london-475453,"Associate Director, Payments/Scheme Economics",Airwallex,UK - London,False,Full Time,Finance & Corporate Development,1,2026-09-14,Arbeitnow,https://www.arbeitnow.co.uk/jobs/companies/airwallex/associate-director-payments-scheme-economics-london-475453
remote-devops-engineer-cimar-london-437460,DevOps Engineer - CIMAR,DeepHealth,Remote job,True,"Mid, fulltime permanent","Business and Product, Remote",2,2026-09-14,Arbeitnow,https://www.arbeitnow.co.uk/jobs/companies/deephealth/remote-devops-engineer-cimar-london-437460
senior-contract-solutions-lawyer-apac-hong-kong-central-and-western-hong-kong-sar-singapore-sydney-australia-193252,"Senior Contract Solutions Lawyer, APAC",Carta,"Hong Kong, Central and Western, Hong Kong S.A.R., Singapore, Sydney, Australia",False,Full Time,Carta Law Contracts,1,2026-09-13,Arbeitnow,https://www.arbeitnow.co.uk/jobs/companies/carta/senior-contract-solutions-lawyer-apac-hong-kong-central-and-western-hong-kong-sar-singapore-sydney-australia-193252
software-engineer-london-424352,Software Engineer,Geniussports,London,False,Full Time,Technology,1,2026-09-13,Arbeitnow,https://www.arbeitnow.co.uk/jobs/companies/geniussports/software-engineer-london-424352
infrastructure-engineer-united-kingdom-448511,Infrastructure Engineer,Augmodo,United Kingdom,False,Full Time,Engineering,1,2026-09-13,Arbeitnow,https://www.arbeitnow.co.uk/jobs/companies/augmodo/infrastructure-engineer-united-kingdom-448511
mission-operations-specialist-uk-portsmouth-445260,Mission Operations Specialist - UK,Saronic Technologies,"Portsmouth, UK",False,Full Time,Mission Services,1,2026-09-13,Arbeitnow,https://www.arbeitnow.co.uk/jobs/companies/saronic-technologies/mission-operations-specialist-uk-portsmouth-445260
diesel-mechanic-london-31442,Diesel Mechanic,Saronic Technologies,"London, UK",False,Full Time,Mission Services,1,2026-09-13,Arbeitnow,https://www.arbeitnow.co.uk/jobs/companies/saronic-technologies/diesel-mechanic-london-31442
quality-systems-manager-reading-194941,Quality Systems Manager,Kandou AI,Reading,False,Full Time,Operations,1,2026-09-13,Arbeitnow,https://www.arbeitnow.co.uk/jobs/companies/kandou-ai/quality-systems-manager-reading-194941
analog-layout-engineer-lead-reading-44767,Analog Layout Engineer (Lead),Kandou AI,Reading,False,Full Time,Engineering,1,2026-09-13,Arbeitnow,https://www.arbeitnow.co.uk/jobs/companies/kandou-ai/analog-layout-engineer-lead-reading-44767
claydr-manager-emea-sdr-manager-london-430531,ClayDR Manager (EMEA SDR Manager),Clay Labs,London,False,Full Time,GTM - Sales,1,2026-09-13,Arbeitnow,https://www.arbeitnow.co.uk/jobs/companies/clay-labs/claydr-manager-emea-sdr-manager-london-430531
private-equity-partnerships-emea-london-174861,Private Equity Partnerships (EMEA),Clay Labs,London,False,Full Time,GTM - Sales,1,2026-09-13,Arbeitnow,https://www.arbeitnow.co.uk/jobs/companies/clay-labs/private-equity-partnerships-emea-london-174861
dach-partner-manager-german-speaking-london-407971,DACH Partner Manager (German Speaking),Clay Labs,London,False,Full Time,GTM - Sales,1,2026-09-13,Arbeitnow,https://www.arbeitnow.co.uk/jobs/companies/clay-labs/dach-partner-manager-german-speaking-london-407971
strategic-sales-manager-gtme-london-159172,Strategic Sales Manager (GTME),Clay Labs,London,False,Full Time,GTM - Sales,1,2026-09-13,Arbeitnow,https://www.arbeitnow.co.uk/jobs/companies/clay-labs/strategic-sales-manager-gtme-london-159172
account-executive-gtme-strategic-london-439045,Account Executive (GTME - Strategic),Clay Labs,London,False,Full Time,GTM - Sales,1,2026-09-13,Arbeitnow,https://www.arbeitnow.co.uk/jobs/companies/clay-labs/account-executive-gtme-strategic-london-439045
technical-account-manager-uk-london-113689,Technical Account Manager - UK,Geordie AI,London Hybrid,False,Full Time,GTM,1,2026-09-13,Arbeitnow,https://www.arbeitnow.co.uk/jobs/companies/geordie-ai/technical-account-manager-uk-london-113689
account-executive-emea-london-166713,"Account Executive, EMEA",Geordie AI,London Hybrid,False,Full Time,GTM,1,2026-09-13,Arbeitnow,https://www.arbeitnow.co.uk/jobs/companies/geordie-ai/account-executive-emea-london-166713
product-integration-engineer-defence-bath-480575,"Product Integration Engineer, Defence",Distance Technologies,"Bath, UK",False,Full Time,Tech,1,2026-09-13,Arbeitnow,https://www.arbeitnow.co.uk/jobs/companies/distance-technologies/product-integration-engineer-defence-bath-480575
special-projects-associate-london-386862,Special Projects Associate // London,ClaimSorted,London,False,Full Time,Operations,1,2026-09-13,Arbeitnow,https://www.arbeitnow.co.uk/jobs/companies/claimsorted/special-projects-associate-london-386862
remote-claims-handler-property-267499,Claims Handler – Property,ClaimSorted,UK (Remote),False,Full Time,Claims,1,2026-09-13,Arbeitnow,https://www.arbeitnow.co.uk/jobs/companies/claimsorted/remote-claims-handler-property-267499
remote-team-leader-technical-claims-491929,Team Leader - Technical Claims,ClaimSorted,UK (Remote),False,Full Time,Claims,1,2026-09-13,Arbeitnow,https://www.arbeitnow.co.uk/jobs/companies/claimsorted/remote-team-leader-technical-claims-491929
remote-claims-handler-pet-with-apa-cip-qualification-uk-irl-460765,Claims Handler - Pet - with APA/CIP Qualification (UK/IRL),ClaimSorted,UK (Remote),False,Full Time,Claims,1,2026-09-13,Arbeitnow,https://www.arbeitnow.co.uk/jobs/companies/claimsorted/remote-claims-handler-pet-with-apa-cip-qualification-uk-irl-460765
remote-claims-handler-travel-333467,Claims Handler – Travel,ClaimSorted,UK (Remote),False,Full Time,Claims,1,2026-09-13,Arbeitnow,https://www.arbeitnow.co.uk/jobs/companies/claimsorted/remote-claims-handler-travel-333467
remote-claims-handler-gadget-with-apa-cip-qualification-uk-irl-339536,Claims Handler - Gadget - with APA/CIP Qualification (UK/IRL),ClaimSorted,UK (Remote),False,Full Time,Claims,1,2026-09-13,Arbeitnow,https://www.arbeitnow.co.uk/jobs/companies/claimsorted/remote-claims-handler-gadget-with-apa-cip-qualification-uk-irl-339536
remote-claims-handler-travel-with-apa-cip-qualification-uk-irl-236960,Claims Handler - Travel - with APA/CIP Qualification (UK/IRL),ClaimSorted,UK (Remote),False,Full Time,Claims,1,2026-09-13,Arbeitnow,https://www.arbeitnow.co.uk/jobs/companies/claimsorted/remote-claims-handler-travel-with-apa-cip-qualification-uk-irl-236960
commercial-contracts-associate-nda-london-140483,Commercial Contracts Associate (NDA),Norm Ai - Commercial Contracts Associate (NDA),London,False,Full Time,Norm Law,1,2026-09-13,Arbeitnow,https://www.arbeitnow.co.uk/jobs/companies/norm-ai-commercial-contracts-associate-nda/commercial-contracts-associate-nda-london-140483
medical-device-auditor-london-120880,Medical Device Auditor,Scarlet,London Office,False,Full Time,Assessment,1,2026-09-13,Arbeitnow,https://www.arbeitnow.co.uk/jobs/companies/scarlet/medical-device-auditor-london-120880
assessment-delivery-optimisation-london-43755,Assessment Delivery Optimisation,Scarlet,London Office,False,Full Time,Operations,1,2026-09-13,Arbeitnow,https://www.arbeitnow.co.uk/jobs/companies/scarlet/assessment-delivery-optimisation-london-43755
market-access-operations-london-105091,Market Access Operations,Scarlet,London Office,False,Full Time,Operations,1,2026-09-13,Arbeitnow,https://www.arbeitnow.co.uk/jobs/companies/scarlet/market-access-operations-london-105091
product-designer-london-12265,Product Designer,Scarlet,London Office,False,Full Time,Product,1,2026-09-13,Arbeitnow,https://www.arbeitnow.co.uk/jobs/companies/scarlet/product-designer-london-12265
account-executive-london-470143,Account Executive,Scarlet,London Office,False,Full Time,Sales,1,2026-09-13,Arbeitnow,https://www.arbeitnow.co.uk/jobs/companies/scarlet/account-executive-london-470143
account-manager-customer-outcomes-specialist-london-381871,Account Manager (Customer Outcomes Specialist),Scarlet,London Office,False,Full Time,Customer Experience,1,2026-09-13,Arbeitnow,https://www.arbeitnow.co.uk/jobs/companies/scarlet/account-manager-customer-outcomes-specialist-london-381871
software-safety-engineer-london-97371,Software Safety Engineer,Scarlet,London Office,False,Full Time,Assessment,1,2026-09-13,Arbeitnow,https://www.arbeitnow.co.uk/jobs/companies/scarlet/software-safety-engineer-london-97371
remote-software-engineer-396352,Software Engineer,Scarlet,Remote,False,Full Time,Software Engineering,1,2026-09-13,Arbeitnow,https://www.arbeitnow.co.uk/jobs/companies/scarlet/remote-software-engineer-396352
business-development-representative-london-496562,Business Development Representative,Scarlet,London Office,False,Full Time,Sales,1,2026-09-13,Arbeitnow,https://www.arbeitnow.co.uk/jobs/companies/scarlet/business-development-representative-london-496562
technical-platform-expert-support-emea-london-96314,"Technical Platform Expert, Support, EMEA",Ironclad,London,False,Full Time,Customer Value,1,2026-09-13,Arbeitnow,https://www.arbeitnow.co.uk/jobs/companies/ironclad/technical-platform-expert-support-emea-london-96314
technical-adoption-architect-emea-implementation-consultant-london-351028,"Technical Adoption Architect, EMEA (Implementation Consultant)",Ironclad,London,False,Full Time,Customer Value,1,2026-09-13,Arbeitnow,https://www.arbeitnow.co.uk/jobs/companies/ironclad/technical-adoption-architect-emea-implementation-consultant-london-351028
security-engineer-london-187760,Security Engineer,Conduct,"London, UK",False,Full Time,Engineering,1,2026-09-13,Arbeitnow,https://www.arbeitnow.co.uk/jobs/companies/conduct/security-engineer-london-187760
ai-operations-engineer-london-254034,AI Operations Engineer,Conduct,"London, UK",False,Full Time,Engineering,1,2026-09-13,Arbeitnow,https://www.arbeitnow.co.uk/jobs/companies/conduct/ai-operations-engineer-london-254034
product-designer-london-297655,Product Designer,Conduct,"London, UK",False,Full Time,Product,1,2026-09-13,Arbeitnow,https://www.arbeitnow.co.uk/jobs/companies/conduct/product-designer-london-297655
senior-accountant-london-415876,Senior Accountant,Conduct,"London, UK",False,Full Time,Operations,1,2026-09-13,Arbeitnow,https://www.arbeitnow.co.uk/jobs/companies/conduct/senior-accountant-london-415876
talent-operations-london-202622,Talent Operations,Conduct,"London, UK",False,Full Time,Operations,1,2026-09-13,Arbeitnow,https://www.arbeitnow.co.uk/jobs/companies/conduct/talent-operations-london-202622
deployment-strategist-london-110554,Deployment Strategist,Conduct,"London, UK",False,Full Time,Business Development,1,2026-09-13,Arbeitnow,https://www.arbeitnow.co.uk/jobs/companies/conduct/deployment-strategist-london-110554
enterprise-account-executive-london-124647,Enterprise Account Executive,Conduct,"London, UK",False,Full Time,Business Development,1,2026-09-13,Arbeitnow,https://www.arbeitnow.co.uk/jobs/companies/conduct/enterprise-account-executive-london-124647
talent-acquisition-london-468191,Talent Acquisition,Conduct,"London, UK",False,Full Time,Operations,1,2026-09-13,Arbeitnow,https://www.arbeitnow.co.uk/jobs/companies/conduct/talent-acquisition-london-468191
backend-engineer-london-286984,Backend Engineer,Conduct,"London, UK",False,Full Time,Engineering,1,2026-09-13,Arbeitnow,https://www.arbeitnow.co.uk/jobs/companies/conduct/backend-engineer-london-286984
senior-reliability-engineer-oxford-279981,Senior Reliability Engineer,Salience Labs,"Oxford, United Kingdom",False,Full Time,Engineering,1,2026-09-13,Arbeitnow,https://www.arbeitnow.co.uk/jobs/companies/salience-labs/senior-reliability-engineer-oxford-279981
system-test-engineer-oxford-420358,System Test Engineer,Salience Labs,"Oxford, United Kingdom",False,Full Time,Engineering,1,2026-09-13,Arbeitnow,https://www.arbeitnow.co.uk/jobs/companies/salience-labs/system-test-engineer-oxford-420358
field-application-engineer-bay-area-san-fransisco-10669,Field Application Engineer,Salience Labs,"Bay Area, San Fransisco",False,Full Time,Technology,1,2026-09-13,Arbeitnow,https://www.arbeitnow.co.uk/jobs/companies/salience-labs/field-application-engineer-bay-area-san-fransisco-10669
photonics-layout-engineer-oxford-14011,Photonics Layout Engineer,Salience Labs,"Oxford, United Kingdom",False,Full Time,Engineering,1,2026-09-13,Arbeitnow,https://www.arbeitnow.co.uk/jobs/companies/salience-labs/photonics-layout-engineer-oxford-14011
photonics-design-engineer-oxford-236334,Photonics Design Engineer,Salience Labs,"Oxford, United Kingdom",False,Full Time,Engineering,1,2026-09-13,Arbeitnow,https://www.arbeitnow.co.uk/jobs/companies/salience-labs/photonics-design-engineer-oxford-236334
opto-mechanical-engineer-oxford-372075,Opto-Mechanical Engineer,Salience Labs,"Oxford, United Kingdom",False,Full Time,Engineering,1,2026-09-13,Arbeitnow,https://www.arbeitnow.co.uk/jobs/companies/salience-labs/opto-mechanical-engineer-oxford-372075
photonics-characterisation-engineer-oxford-216753,Photonics Characterisation Engineer,Salience Labs,"Oxford, United Kingdom",False,Full Time,Engineering,1,2026-09-13,Arbeitnow,https://www.arbeitnow.co.uk/jobs/companies/salience-labs/photonics-characterisation-engineer-oxford-216753
senior-quality-engineer-chassis-and-powertrain-404858,"Senior Quality Engineer, Chassis and Powertrain",Czinger,,False,Full Time,50-Quality Assurance Engineering & Management - CZV,1,2026-09-13,Arbeitnow,https://www.arbeitnow.co.uk/jobs/companies/czinger/senior-quality-engineer-chassis-and-powertrain-404858
senior-risk-engineer-london-338378,Senior Risk Engineer,Capstoneinvestmentadvisors,London,False,Full Time,Tech - Front Office - Risk,1,2026-09-13,Arbeitnow,https://www.arbeitnow.co.uk/jobs/companies/capstoneinvestmentadvisors/senior-risk-engineer-london-338378
senior-devops-support-engineer-ireland-or-poland-152092,Senior DevOps Support Engineer,Buildkite,Ireland or Poland,False,Full Time,Technical Services,1,2026-09-13,Arbeitnow,https://www.arbeitnow.co.uk/jobs/companies/buildkite/senior-devops-support-engineer-ireland-or-poland-152092
senior-marketing-manager-london-103090,Senior Marketing Manager,Kerv,London,False,Full Time,C&C - Marketing,1,2026-09-13,Arbeitnow,https://www.arbeitnow.co.uk/jobs/companies/kerv/senior-marketing-manager-london-103090
senior-consultant-london-390731,Senior Consultant,Ogilvy UK,London,False,Full Time,Consulting,1,2026-09-13,Arbeitnow,https://www.arbeitnow.co.uk/jobs/companies/ogilvy-uk/senior-consultant-london-390731
pr-account-director-london-150723,PR Account Director,Ogilvy UK,London,False,Full Time,Public Relations,1,2026-09-13,Arbeitnow,https://www.arbeitnow.co.uk/jobs/companies/ogilvy-uk/pr-account-director-london-150723
influence-account-director-london-353793,Influence Account Director,Ogilvy UK,London,False,Full Time,Public Relations,1,2026-09-13,Arbeitnow,https://www.arbeitnow.co.uk/jobs/companies/ogilvy-uk/influence-account-director-london-353793
influence-account-director-london-234357,Influence Account Director,Ogilvy UK,London,False,Full Time,Account/Client Services,1,2026-09-13,Arbeitnow,https://www.arbeitnow.co.uk/jobs/companies/ogilvy-uk/influence-account-director-london-234357
b2b-influencer-marketing-account-director-london-105116,B2B - Influencer Marketing - Account Director,Ogilvy UK,London,False,Full Time,Public Relations,1,2026-09-13,Arbeitnow,https://www.arbeitnow.co.uk/jobs/companies/ogilvy-uk/b2b-influencer-marketing-account-director-london-105116
principal-technical-architect-432256,Principal Technical Architect,"nCino, Inc.",,False,Full Time,Customer Success,1,2026-09-13,Arbeitnow,https://www.arbeitnow.co.uk/jobs/companies/ncino-inc/principal-technical-architect-432256
principal-product-manager-256772,Principal Product Manager,"nCino, Inc.",,False,Full Time,Portfolio Management,1,2026-09-13,Arbeitnow,https://www.arbeitnow.co.uk/jobs/companies/ncino-inc/principal-product-manager-256772
data-integrations-specialist-346052,Data Integrations Specialist,"nCino, Inc.",,False,Full Time,Customer Success,1,2026-09-13,Arbeitnow,https://www.arbeitnow.co.uk/jobs/companies/ncino-inc/data-integrations-specialist-346052
software-engineer-ai-tooling-enablement-sydney-australia-272616,Software Engineer (AI Tooling & Enablement),Hipagesgroup,"Sydney, Australia",False,Full Time,Engineering,1,2026-09-13,Arbeitnow,https://www.arbeitnow.co.uk/jobs/companies/hipagesgroup/software-engineer-ai-tooling-enablement-sydney-australia-272616
senior-product-manager-sydney-australia-479089,Senior Product Manager,Hipagesgroup,"Sydney, Australia",False,Full Time,"Product, Experience & Design",2,2026-09-13,Arbeitnow,https://www.arbeitnow.co.uk/jobs/companies/hipagesgroup/senior-product-manager-sydney-australia-479089
senior-engineering-manager-sydney-australia-466456,Senior Engineering Manager,Hipagesgroup,"Sydney, Australia",False,Full Time,Engineering,1,2026-09-13,Arbeitnow,https://www.arbeitnow.co.uk/jobs/companies/hipagesgroup/senior-engineering-manager-sydney-australia-466456
senior-data-analyst-12-month-contract-sydney-australia-37623,Senior Data Analyst (12-month contract),Hipagesgroup,"Sydney, Australia",False,Full Time,Finance & Operations,1,2026-09-13,Arbeitnow,https://www.arbeitnow.co.uk/jobs/companies/hipagesgroup/senior-data-analyst-12-month-contract-sydney-australia-37623
data-analytics-engineering-manager-sydney-australia-88892,Data Analytics Engineering Manager,Hipagesgroup,"Sydney, Australia",False,Full Time,Finance & Operations,1,2026-09-13,Arbeitnow,https://www.arbeitnow.co.uk/jobs/companies/hipagesgroup/data-analytics-engineering-manager-sydney-australia-88892
senior-platform-engineer-34986,Senior Platform Engineer,Doitintl,,False,Full Time,Engineering,1,2026-09-13,Arbeitnow,https://www.arbeitnow.co.uk/jobs/companies/doitintl/senior-platform-engineer-34986
senior-full-stack-engineer-ai-cost-visibility-56277,Senior Full-Stack Engineer - AI Cost Visibility,Doitintl,,False,Full Time,Engineering,1,2026-09-13,Arbeitnow,https://www.arbeitnow.co.uk/jobs/companies/doitintl/senior-full-stack-engineer-ai-cost-visibility-56277
full-stack-engineer-cloud-saas-integrations-423100,Full Stack Engineer  - Cloud & SaaS Integrations,Doitintl,,False,Full Time,Engineering,1,2026-09-13,Arbeitnow,https://www.arbeitnow.co.uk/jobs/companies/doitintl/full-stack-engineer-cloud-saas-integrations-423100
engineering-manager-analytics-house-206086,Engineering Manager - Analytics House,Doitintl,,False,Full Time,Engineering,1,2026-09-13,Arbeitnow,https://www.arbeitnow.co.uk/jobs/companies/doitintl/engineering-manager-analytics-house-206086
data-engineer-cloud-saas-integrations-140820,Data Engineer - Cloud & SaaS Integrations,Doitintl,,False,Full Time,Engineering,1,2026-09-13,Arbeitnow,https://www.arbeitnow.co.uk/jobs/companies/doitintl/data-engineer-cloud-saas-integrations-140820
senior-security-engineer-platform-engineering-sydney-australia-435359,"Senior Security Engineer, Platform Engineering",Firmus,"Sydney, Australia",False,Full Time,Platform Engineering,1,2026-09-13,Arbeitnow,https://www.arbeitnow.co.uk/jobs/companies/firmus/senior-security-engineer-platform-engineering-sydney-australia-435359
developpeur-c-confirme-h-f-aspnet-react-nantes-214444,Développeur C# confirmé H/F - ASP.NET / React,Valsoft Corp,"Nantes, France",False,"Full time, mid-senior","Engineering, Financial Services, E-Finances",3,2026-09-14,Arbeitnow,https://www.arbeitnow.fr/jobs/companies/valsoft-corp/developpeur-c-confirme-h-f-aspnet-react-nantes-214444
remote-associate-director-integrated-marketing-pilotage-strategique-du-marche-france-340399,"Associate Director, Integrated Marketing - Pilotage Stratégique du Marché France",Inautalent,France,True,"Full time, mid-senior","Marketing, Online Media, Remote",3,2026-09-14,Arbeitnow,https://www.arbeitnow.fr/jobs/companies/inautalent/remote-associate-director-integrated-marketing-pilotage-strategique-du-marche-france-340399
stage-assistante-chef-de-produit-art-de-vivre-maison-h-f-paris-304203,Stage - Assistant(e) Chef de Produit - Art de Vivre & Maison (H/F),Sezane 3,"Paris, France",False,Full Time,"Apparel & Fashion, Headquarters",2,2026-09-14,Arbeitnow,https://www.arbeitnow.fr/jobs/companies/sezane-3/stage-assistante-chef-de-produit-art-de-vivre-maison-h-f-paris-304203
alternance-conseiller-de-vente-h-f-lyon-166262,Alternance - Conseiller de Vente (H/F),Sezane 3,"Lyon, France",False,"Contract, entry","Sales, Apparel & Fashion, Retail",3,2026-09-14,Arbeitnow,https://www.arbeitnow.fr/jobs/companies/sezane-3/alternance-conseiller-de-vente-h-f-lyon-166262
alternance-assistante-chef-de-projet-operations-h-f-paris-426187,Alternance - Assistant(e) Chef de Projet Opérations (H/F),Sezane 3,"Paris, France",False,Full Time,"Apparel & Fashion, Headquarters",2,2026-09-14,Arbeitnow,https://www.arbeitnow.fr/jobs/companies/sezane-3/alternance-assistante-chef-de-projet-operations-h-f-paris-426187
remote-sap-successfactors-consultant-208816,SAP SuccessFactors Consultant (m/w/d),IBS Schreiber GmbH,Remote,False,"Experienced, Permanent, Full time","SAP Successfactors, SAP, SAP Concur, SAP IAG, One Identity Manager, Workshops, SAP HCM, Audit, Consulting, SAP Security, Pathlock, Informatik, Wirtschaftswissenschaften",13,2026-09-14,Arbeitnow,https://www.arbeitnow.fr/jobs/companies/ibs-schreiber-gmbh/remote-sap-successfactors-consultant-208816
staff-software-engineer-paris-office-449175,Staff Software Engineer,Aircall,Paris Office,False,Permanent Full Time Employee,13001 - Engineering,1,2026-09-14,Arbeitnow,https://www.arbeitnow.fr/jobs/companies/aircall/staff-software-engineer-paris-office-449175
senior-revenue-operations-business-partner-emea-paris-office-459192,"Senior Revenue Operations Business Partner, EMEA",Aircall,Paris Office,False,Permanent Full Time Employee,14012 - Revenue Operations,1,2026-09-14,Arbeitnow,https://www.arbeitnow.fr/jobs/companies/aircall/senior-revenue-operations-business-partner-emea-paris-office-459192
remote-senior-data-engineer-real-time-analytics-151340,Senior Data Engineer - Real time analytics,Aircall,France Remote,False,Permanent Full Time Employee,13001 - Engineering,1,2026-09-14,Arbeitnow,https://www.arbeitnow.fr/jobs/companies/aircall/remote-senior-data-engineer-real-time-analytics-151340
senior-data-engineer-real-time-analytics-paris-office-408462,Senior Data Engineer - Real time analytics,Aircall,Paris Office,False,Permanent Full Time Employee,13001 - Engineering,1,2026-09-14,Arbeitnow,https://www.arbeitnow.fr/jobs/companies/aircall/senior-data-engineer-real-time-analytics-paris-office-408462
product-manager-intern-paris-office-129260,Product Manager Intern,Aircall,Paris Office,False,Internship,13002 - Product,1,2026-09-14,Arbeitnow,https://www.arbeitnow.fr/jobs/companies/aircall/product-manager-intern-paris-office-129260
account-executive-french-italy-and-middle-east-markets-paris-office-407525,"Account Executive, French, Italy and Middle- East Markets",Aircall,Paris Office,False,Permanent Full Time Employee,12001 - Account Executives,1,2026-09-14,Arbeitnow,https://www.arbeitnow.fr/jobs/companies/aircall/account-executive-french-italy-and-middle-east-markets-paris-office-407525
ingenieur-daffaires-confirme-senior-account-manager-velizy-villacoublay-253298,Ingénieur d'affaires confirmé/Senior Account Manager (m/f/d),IPG Automotive - Personio,Vélizy-Villacoublay,False,"Experienced, Permanent, Full time",,0,2026-09-14,Arbeitnow,https://www.arbeitnow.fr/jobs/companies/ipg-automotive-personio/ingenieur-daffaires-confirme-senior-account-manager-velizy-villacoublay-253298
senior-python-agentic-ai-engineer-h-f-296364,Senior Python / Agentic AI Engineer H/F,capco,,False,Full Time,Tech & Engineering,1,2026-09-13,Arbeitnow,https://www.arbeitnow.fr/jobs/companies/capco/senior-python-agentic-ai-engineer-h-f-296364
senior-consultant-risque-de-credit-h-f-146972,Senior Consultant - Risque de crédit H/F,capco,,False,Full Time,Finance Risk & Compliance,1,2026-09-13,Arbeitnow,https://www.arbeitnow.fr/jobs/companies/capco/senior-consultant-risque-de-credit-h-f-146972
senior-consultant-manager-securite-financiere-conformite-lcb-ft-kyc-amlr-h-f-267162,"Senior Consultant/Manager - Sécurité Financière & Conformité (LCB-FT, KYC, AMLR) H/F",capco,,False,Full Time,Finance Risk & Compliance,1,2026-09-13,Arbeitnow,https://www.arbeitnow.fr/jobs/companies/capco/senior-consultant-manager-securite-financiere-conformite-lcb-ft-kyc-amlr-h-f-267162
managing-principal-capital-markets-424898,Managing Principal – Capital Markets,capco,,False,Full Time,Business Consulting,1,2026-09-13,Arbeitnow,https://www.arbeitnow.fr/jobs/companies/capco/managing-principal-capital-markets-424898
manager-data-management-h-f-11434,Manager - Data Management H/F,capco,,False,Full Time,Data & Analytics,1,2026-09-13,Arbeitnow,https://www.arbeitnow.fr/jobs/companies/capco/manager-data-management-h-f-11434
analytics-engineer-finance-467775,Analytics Engineer - Finance,mewssystems,,False,Full Time,Operations,1,2026-09-13,Arbeitnow,https://www.arbeitnow.fr/jobs/companies/mewssystems/analytics-engineer-finance-467775
alternance-charge-rse-projet-communication-f-h-paris-165412,Alternance Chargé RSE & Projet Communication F/H,wppmedia,Paris,False,Full Time,Marketing,1,2026-09-13,Arbeitnow,https://www.arbeitnow.fr/jobs/companies/wppmedia/alternance-charge-rse-projet-communication-f-h-paris-165412
comercial-de-software-b2b-ia-y-transformacion-digital-hybrid-131623,Comercial de Software B2B | IA y Transformación Digital,Zvoove,Hybrid,False,"Experienced, Permanent, Full time",,0,2026-09-13,Arbeitnow,https://www.arbeitnow.fr/jobs/companies/zvoove/comercial-de-software-b2b-ia-y-transformacion-digital-hybrid-131623
software-engineer-platform-nantes-france-309845,"Software Engineer, Platform - Nantes, France",speechify,Nantes,False,Full Time,Global,1,2026-09-13,Arbeitnow,https://www.arbeitnow.fr/jobs/companies/speechify/software-engineer-platform-nantes-france-309845
software-engineer-data-infrastructure-acquisition-paris-france-105340,"Software Engineer, Data Infrastructure & Acquisition - Paris, France",speechify,Paris,False,Full Time,Global,1,2026-09-13,Arbeitnow,https://www.arbeitnow.fr/jobs/companies/speechify/software-engineer-data-infrastructure-acquisition-paris-france-105340
software-engineer-data-infrastructure-acquisition-nantes-france-493314,"Software Engineer, Data Infrastructure & Acquisition - Nantes, France",speechify,Nantes,False,Full Time,Global,1,2026-09-13,Arbeitnow,https://www.arbeitnow.fr/jobs/companies/speechify/software-engineer-data-infrastructure-acquisition-nantes-france-493314
senior-software-engineer-windows-desktop-applications-paris-france-177790,"Senior Software Engineer, Windows/Desktop Applications - Paris, France",speechify,Paris,False,Full Time,Global,1,2026-09-13,Arbeitnow,https://www.arbeitnow.fr/jobs/companies/speechify/senior-software-engineer-windows-desktop-applications-paris-france-177790
senior-software-engineer-core-experiences-paris-france-34263,"Senior Software Engineer, Core Experiences - Paris, France",speechify,Paris,False,Full Time,Global,1,2026-09-13,Arbeitnow,https://www.arbeitnow.fr/jobs/companies/speechify/senior-software-engineer-core-experiences-paris-france-34263
senior-software-engineer-core-experiences-lyon-france-321708,"Senior Software Engineer, Core Experiences - Lyon, France",speechify,Lyon,False,Full Time,Global,1,2026-09-13,Arbeitnow,https://www.arbeitnow.fr/jobs/companies/speechify/senior-software-engineer-core-experiences-lyon-france-321708
senior-software-engineer-core-experiences-lille-france-414648,"Senior Software Engineer, Core Experiences - Lille, France",speechify,Lille,False,Full Time,Global,1,2026-09-13,Arbeitnow,https://www.arbeitnow.fr/jobs/companies/speechify/senior-software-engineer-core-experiences-lille-france-414648
stagiaire-consultant-sma-h-f-paris-9th-arrondissement-of-paris-75009-paris-324531,Stagiaire consultant SMA (H/F) - Paris,Artefactjobs,"9th arrondissement of Paris, 75009, Paris",False,Full Time,Digital Marketing,1,2026-09-13,Arbeitnow,https://www.arbeitnow.fr/jobs/companies/artefactjobs/stagiaire-consultant-sma-h-f-paris-9th-arrondissement-of-paris-75009-paris-324531
stage-software-engineer-paris-9th-arrondissement-of-paris-75009-paris-336556,Stage Software Engineer - Paris - H/F/X,Artefactjobs,"9th arrondissement of Paris, 75009, Paris",False,Full Time,Data Engineering,1,2026-09-13,Arbeitnow,https://www.arbeitnow.fr/jobs/companies/artefactjobs/stage-software-engineer-paris-9th-arrondissement-of-paris-75009-paris-336556
stage-data-scientist-paris-9th-arrondissement-of-paris-75009-paris-358085,Stage Data Scientist - Paris (H/F/X),Artefactjobs,"9th arrondissement of Paris, 75009, Paris",False,Full Time,Data Science,1,2026-09-13,Arbeitnow,https://www.arbeitnow.fr/jobs/companies/artefactjobs/stage-data-scientist-paris-9th-arrondissement-of-paris-75009-paris-358085
stage-data-consultant-paris-9th-arrondissement-of-paris-75009-paris-388378,Stage Data Consultant - Paris - H/F/X,Artefactjobs,"9th arrondissement of Paris, 75009, Paris",False,Full Time,Data Consulting,1,2026-09-13,Arbeitnow,https://www.arbeitnow.fr/jobs/companies/artefactjobs/stage-data-consultant-paris-9th-arrondissement-of-paris-75009-paris-388378
stage-data-analyst-paris-9th-arrondissement-of-paris-75009-paris-302545,Stage Data Analyst - Paris (H/F/X),Artefactjobs,"9th arrondissement of Paris, 75009, Paris",False,Full Time,Data Analytics,1,2026-09-13,Arbeitnow,https://www.arbeitnow.fr/jobs/companies/artefactjobs/stage-data-analyst-paris-9th-arrondissement-of-paris-75009-paris-302545
senior-talent-acquisition-specialist-conseil-data-h-f-paris-9th-arrondissement-of-paris-75009-paris-464304,Senior Talent Acquisition Specialist - Conseil Data - (H/F) - Paris,Artefactjobs,"9th arrondissement of Paris, 75009, Paris",False,Full Time,HR,1,2026-09-13,Arbeitnow,https://www.arbeitnow.fr/jobs/companies/artefactjobs/senior-talent-acquisition-specialist-conseil-data-h-f-paris-9th-arrondissement-of-paris-75009-paris-464304
senior-software-engineer-9th-arrondissement-of-paris-75009-paris-62444,Senior Software Engineer,Artefactjobs,"9th arrondissement of Paris, 75009, Paris",False,Full Time,Data Engineering,1,2026-09-13,Arbeitnow,https://www.arbeitnow.fr/jobs/companies/artefactjobs/senior-software-engineer-9th-arrondissement-of-paris-75009-paris-62444
senior-data-consultant-h-f-cdi-paris-9th-arrondissement-of-paris-75009-paris-50642,Senior Data Consultant (H/F) - CDI - Paris,Artefactjobs,"9th arrondissement of Paris, 75009, Paris",False,Full Time,Data Consulting,1,2026-09-13,Arbeitnow,https://www.arbeitnow.fr/jobs/companies/artefactjobs/senior-data-consultant-h-f-cdi-paris-9th-arrondissement-of-paris-75009-paris-50642
senior-data-analyst-9th-arrondissement-of-paris-75009-paris-423305,Senior Data Analyst,Artefactjobs,"9th arrondissement of Paris, 75009, Paris",False,Full Time,Data Analytics,1,2026-09-13,Arbeitnow,https://www.arbeitnow.fr/jobs/companies/artefactjobs/senior-data-analyst-9th-arrondissement-of-paris-75009-paris-423305
founding-account-executive-france-nordics-paris-456410,"Founding Account Executive, France/Nordics",Telnyx54,Paris,False,Full Time,Sales,1,2026-09-13,Arbeitnow,https://www.arbeitnow.fr/jobs/companies/telnyx54/founding-account-executive-france-nordics-paris-456410
forward-deployed-engineer-france-nordics-paris-391173,"Forward Deployed Engineer, France/Nordics",Telnyx54,Paris,False,Full Time,Sales,1,2026-09-13,Arbeitnow,https://www.arbeitnow.fr/jobs/companies/telnyx54/forward-deployed-engineer-france-nordics-paris-391173
alternante-logistique-et-supply-chain-h-f-toulouse-453371,Alternant(e) Logistique et Supply Chain (H/F),Sogeclair,"Toulouse, France",False,Full time,"Mechanical or Industrial Engineering, Sogeclair Equipment",2,2026-09-13,Arbeitnow,https://www.arbeitnow.fr/jobs/companies/sogeclair/alternante-logistique-et-supply-chain-h-f-toulouse-453371
mixed-signal-ic-design-engineer-paris-235018,Mixed-Signal IC Design Engineer,Arago,Paris Offices,False,Full Time,Analog,1,2026-09-13,Arbeitnow,https://www.arbeitnow.fr/jobs/companies/arago/mixed-signal-ic-design-engineer-paris-235018
senior-hardware-design-engineer-paris-49606,Senior Hardware Design Engineer,Arago,Paris Offices,False,Full Time,Digital IC,1,2026-09-13,Arbeitnow,https://www.arbeitnow.fr/jobs/companies/arago/senior-hardware-design-engineer-paris-49606
senior-mixed-signal-verification-engineer-paris-251278,Senior Mixed-Signal Verification Engineer,Arago,Paris Offices,False,Full Time,Digital IC,1,2026-09-13,Arbeitnow,https://www.arbeitnow.fr/jobs/companies/arago/senior-mixed-signal-verification-engineer-paris-251278
architecture-modeling-engineer-paris-390059,Architecture Modeling Engineer,Arago,Paris Offices,False,Full Time,Digital IC,1,2026-09-13,Arbeitnow,https://www.arbeitnow.fr/jobs/companies/arago/architecture-modeling-engineer-paris-390059
sw-team-lead-paris-496818,SW Team Lead,Arago,Paris Offices,False,Full Time,Software,1,2026-09-13,Arbeitnow,https://www.arbeitnow.fr/jobs/companies/arago/sw-team-lead-paris-496818
ml-systems-engineer-inference-acceleration-paris-308483,ML Systems Engineer — Inference Acceleration,Arago,Paris Offices,False,Full Time,Software,1,2026-09-13,Arbeitnow,https://www.arbeitnow.fr/jobs/companies/arago/ml-systems-engineer-inference-acceleration-paris-308483
ai-ml-scientist-quantization-numerical-robustness-paris-490438,AI/ML Scientist — Quantization & Numerical Robustness,Arago,Paris Offices,False,Full Time,Software,1,2026-09-13,Arbeitnow,https://www.arbeitnow.fr/jobs/companies/arago/ai-ml-scientist-quantization-numerical-robustness-paris-490438
senior-packaging-engineer-paris-360692,Senior Packaging Engineer,Arago,Paris Offices,False,Full Time,Analog,1,2026-09-13,Arbeitnow,https://www.arbeitnow.fr/jobs/companies/arago/senior-packaging-engineer-paris-360692
talent-acquisition-france-paris-309546,Talent Acquisition (France),Arago,Paris Offices,False,Full Time,G&A,1,2026-09-13,Arbeitnow,https://www.arbeitnow.fr/jobs/companies/arago/talent-acquisition-france-paris-309546
senior-signal-processing-engineer-paris-399653,Senior Signal Processing Engineer,Arago,Paris Offices,False,Full Time,Software,1,2026-09-13,Arbeitnow,https://www.arbeitnow.fr/jobs/companies/arago/senior-signal-processing-engineer-paris-399653
software-engineer-computation-kernels-and-performance-paris-214797,Software Engineer — Computation Kernels and Performance,Arago,Paris Offices,False,Full Time,Software,1,2026-09-13,Arbeitnow,https://www.arbeitnow.fr/jobs/companies/arago/software-engineer-computation-kernels-and-performance-paris-214797
senior-asic-architect-paris-471233,Senior ASIC Architect,Arago,Paris Offices,False,Full Time,ASIC,1,2026-09-13,Arbeitnow,https://www.arbeitnow.fr/jobs/companies/arago/senior-asic-architect-paris-471233
senior-analog-design-engineer-paris-129810,Senior Analog Design Engineer,Arago,Paris Offices,False,Full Time,Analog,1,2026-09-13,Arbeitnow,https://www.arbeitnow.fr/jobs/companies/arago/senior-analog-design-engineer-paris-129810
agency-partnerships-manager-paris-316049,Agency Partnerships Manager,Lemrock,Paris (on-site),False,Full Time,Sales,1,2026-09-13,Arbeitnow,https://www.arbeitnow.fr/jobs/companies/lemrock/agency-partnerships-manager-paris-316049
founding-full-stack-software-engineer-paris-230299,Founding Full-stack Software Engineer,Lemrock,Paris (hybrid),False,Full Time,Engineering,1,2026-09-13,Arbeitnow,https://www.arbeitnow.fr/jobs/companies/lemrock/founding-full-stack-software-engineer-paris-230299
founding-sales-paris-273725,Founding Sales,Lemrock,Paris (on-site),False,Full Time,Sales,1,2026-09-13,Arbeitnow,https://www.arbeitnow.fr/jobs/companies/lemrock/founding-sales-paris-273725
ai-native-project-delivery-lead-paris-190876,AI Native - Project Delivery Lead,PALO IT,PALO IT France,False,Full Time,Paris Transformation & Delivery,1,2026-09-13,Arbeitnow,https://www.arbeitnow.fr/jobs/companies/palo-it/ai-native-project-delivery-lead-paris-190876
forward-deployed-engineer-paris-83080,Forward Deployed Engineer,PALO IT,PALO IT France,False,Full Time,Paris Technology,1,2026-09-13,Arbeitnow,https://www.arbeitnow.fr/jobs/companies/palo-it/forward-deployed-engineer-paris-83080
ai-growth-strategic-partnership-manager-paris-335886,AI Growth & Strategic Partnership Manager,PALO IT,PALO IT France,False,Full Time,Paris,1,2026-09-13,Arbeitnow,https://www.arbeitnow.fr/jobs/companies/palo-it/ai-growth-strategic-partnership-manager-paris-335886
head-of-engineering-paris-248438,Head of Engineering,PALO IT,PALO IT France,False,Full Time,Paris Technology,1,2026-09-13,Arbeitnow,https://www.arbeitnow.fr/jobs/companies/palo-it/head-of-engineering-paris-248438
ai-native-software-engineer-senior-paris-434205,AI Native - Software Engineer Senior,PALO IT,PALO IT France,False,Full Time,Paris Technology,1,2026-09-13,Arbeitnow,https://www.arbeitnow.fr/jobs/companies/palo-it/ai-native-software-engineer-senior-paris-434205
ai-native-lead-architect-paris-280549,AI Native - Lead Architect,PALO IT,PALO IT France,False,Full Time,Paris Technology,1,2026-09-13,Arbeitnow,https://www.arbeitnow.fr/jobs/companies/palo-it/ai-native-lead-architect-paris-280549
head-of-data-paris-485027,Head of Data,Luo,Paris,False,Full Time,Tech,1,2026-09-13,Arbeitnow,https://www.arbeitnow.fr/jobs/companies/luo/head-of-data-paris-485027
fullstack-developer-paris-374869,📱 Fullstack Developer,Staycation,"Paris, France",False,Full Time,Product,1,2026-09-13,Arbeitnow,https://www.arbeitnow.fr/jobs/companies/staycation/fullstack-developer-paris-374869
doctors-open-applications-paris-365534,Doctors - open applications,Lucis,Paris,False,Full Time,Clinical,1,2026-09-13,Arbeitnow,https://www.arbeitnow.fr/jobs/companies/lucis/doctors-open-applications-paris-365534
medical-excellence-paris-297557,Medical Excellence,Lucis,Paris,False,Full Time,Clinical,1,2026-09-13,Arbeitnow,https://www.arbeitnow.fr/jobs/companies/lucis/medical-excellence-paris-297557
partnerships-and-account-manager-paris-483394,Partnerships and Account Manager,Lucis,Paris,False,Full Time,GTM,1,2026-09-13,Arbeitnow,https://www.arbeitnow.fr/jobs/companies/lucis/partnerships-and-account-manager-paris-483394
core-platform-growth-engineering-paris-103601,Core platform growth engineering,Lucis,Paris,False,Full Time,Product & tech,1,2026-09-13,Arbeitnow,https://www.arbeitnow.fr/jobs/companies/lucis/core-platform-growth-engineering-paris-103601
ea-workplace-manager-paris-126013,EA / workplace manager,Lucis,Paris,False,Full Time,G&A,1,2026-09-13,Arbeitnow,https://www.arbeitnow.fr/jobs/companies/lucis/ea-workplace-manager-paris-126013
finance-ops-strategy-paris-448157,Finance ops & strategy,Lucis,Paris,False,Full Time,G&A,1,2026-09-13,Arbeitnow,https://www.arbeitnow.fr/jobs/companies/lucis/finance-ops-strategy-paris-448157
customer-care-team-lead-paris-20587,Customer Care Team Lead,Lucis,Paris,False,Full Time,Operations,1,2026-09-13,Arbeitnow,https://www.arbeitnow.fr/jobs/companies/lucis/customer-care-team-lead-paris-20587
design-engineer-brand-product-paris-396746,"Design Engineer, Brand + Product",Gladia,Paris,False,Full Time,Revenue,1,2026-09-13,Arbeitnow,https://www.arbeitnow.fr/jobs/companies/gladia/design-engineer-brand-product-paris-396746
vp-revenue-paris-431869,VP Revenue,Gladia,Paris,False,Full Time,Revenue,1,2026-09-13,Arbeitnow,https://www.arbeitnow.fr/jobs/companies/gladia/vp-revenue-paris-431869
brand-designer-ai-ops-paris-409728,"Brand Designer, AI + Ops",Gladia,Paris,False,Full Time,Revenue,1,2026-09-13,Arbeitnow,https://www.arbeitnow.fr/jobs/companies/gladia/brand-designer-ai-ops-paris-409728
senior-machine-learning-engineer-embedded-ai-paris-309751,Senior Machine Learning Engineer - Embedded AI,Pennylane SAS,All France (remote),False,Full Time,Tech,1,2026-09-13,Arbeitnow,https://www.arbeitnow.fr/jobs/companies/pennylane-sas/senior-machine-learning-engineer-embedded-ai-paris-309751
senior-java-fullstack-developer-kaarst-477433,Senior Java Fullstack Developer (m/w/d),virtual7 GmbH,"Kaarst, Nordrhein-Westfalen, Deutschland",False,"Experienced, fulltime permanent",Customer Cluster Finance,1,2026-09-13,Arbeitnow,https://www.arbeitnow.com/jobs/companies/virtual7-gmbh/senior-java-fullstack-developer-kaarst-477433
senior-java-fullstack-developer-mit-technischem-fokus-kaarst-376035,Senior Java Fullstack Developer mit technischem Fokus (m/w/d),virtual7 GmbH,"Kaarst, Nordrhein-Westfalen, Deutschland",False,"Experienced, fulltime permanent",Customer Cluster Finance,1,2026-09-13,Arbeitnow,https://www.arbeitnow.com/jobs/companies/virtual7-gmbh/senior-java-fullstack-developer-mit-technischem-fokus-kaarst-376035
remote-ai-solution-architect-nurnberg-mittelfranken-236690,AI Solution Architect (m/w/d),virtual7 GmbH,Homeoffice,True,"Experienced, fulltime permanent","Customer Cluster Environment, Transportation & Energy, Remote",3,2026-09-13,Arbeitnow,https://www.arbeitnow.com/jobs/companies/virtual7-gmbh/remote-ai-solution-architect-nurnberg-mittelfranken-236690
remote-senior-it-architect-karlsruhe-252149,Senior IT Architect (m/w/d),virtual7 GmbH,Homeoffice,True,"Experienced, fulltime permanent","Customer Cluster Healthcare, Remote",2,2026-09-13,Arbeitnow,https://www.arbeitnow.com/jobs/companies/virtual7-gmbh/remote-senior-it-architect-karlsruhe-252149
remote-senior-java-backend-developer-karlsruhe-453189,Senior Java Backend Developer (m/w/d),virtual7 GmbH,Homeoffice,True,"Experienced, fulltime permanent","Customer Cluster Healthcare, Remote",2,2026-09-13,Arbeitnow,https://www.arbeitnow.com/jobs/companies/virtual7-gmbh/remote-senior-java-backend-developer-karlsruhe-453189
remote-senior-oracle-data-engineer-karlsruhe-193489,Senior Oracle Data Engineer (m/w/d),virtual7 GmbH,Homeoffice,True,"Experienced, fulltime permanent","Customer Cluster Finance, Remote",2,2026-09-13,Arbeitnow,https://www.arbeitnow.com/jobs/companies/virtual7-gmbh/remote-senior-oracle-data-engineer-karlsruhe-193489
praktikantin-werkstudentin-hr-recruiting-talent-acquisition-leipzig-91673,Praktikant:in / Werkstudent:in HR / Recruiting / Talent Acquisition (m/w/d),Assentio,Leipzig,False,"Entry, Intern, Full or part time","Recruiting, Talent Acquisition, HR, Recruiter, Pflichtpraktikum Recruiting / Talent Acquisition (m/w/d), Pflichtpraktikum HR, Praktikum HR / Recruiting / Talent Acquisition (m/w/d), Praktikum HR, Praktikum Recruiting, Werkstudent Recruiting",10,2026-09-13,Arbeitnow,https://www.arbeitnow.com/jobs/companies/assentio/praktikantin-werkstudentin-hr-recruiting-talent-acquisition-leipzig-91673
senior-gtm-strategy-manager-berlin-326183,Senior GTM Strategy Manager (m/f/d),Chrono24,Berlin,False,"Experienced, Permanent, Full time",,0,2026-09-13,Arbeitnow,https://www.arbeitnow.com/jobs/companies/chrono24/senior-gtm-strategy-manager-berlin-326183
senior-process-engieer-munich-hq-karlsfeld-215877,Senior Process Engieer,Tozero,Munich HQ (Karlsfeld),False,"Experienced, Permanent, Full time",,0,2026-09-13,Arbeitnow,https://www.arbeitnow.com/jobs/companies/tozero/senior-process-engieer-munich-hq-karlsfeld-215877
working-student-calibration-dresden-dippoldiswalde-42321,Working Student (m/f/d) - Calibration,Iocto,Dresden - Dippoldiswalde,False,"Entry, Working student, Part time","MeasurementTechnology, calibration, workingstudent, ElectricalEngineering, TechnicalService",5,2026-09-13,Arbeitnow,https://www.arbeitnow.com/jobs/companies/iocto/working-student-calibration-dresden-dippoldiswalde-42321
senior-backend-engineer-python-remote-munich-2605,Senior Backend Engineer (Python) - Remote,Breathment,Munich,True,"Contract, professional / experienced","Remote, Development",2,2026-09-13,Arbeitnow,https://www.arbeitnow.com/jobs/companies/breathment/senior-backend-engineer-python-remote-munich-2605
account-lead-influencer-marketing-brand-strategy-munich-492454,Account Lead Influencer Marketing & Brand Strategy (m/w/d),Ykone GmbH,Munich,False,Full Time,Marketing and Communication,1,2026-09-13,Arbeitnow,https://www.arbeitnow.com/jobs/companies/ykone-gmbh/account-lead-influencer-marketing-brand-strategy-munich-492454
founding-account-executive-dach-munich-302728,"Founding Account Executive, DACH",Telnyx,Munich,False,Full Time,Sales,1,2026-09-13,Arbeitnow,https://www.arbeitnow.com/jobs/companies/telnyx/founding-account-executive-dach-munich-302728
forward-deployed-engineer-dach-munich-178293,"Forward Deployed Engineer, DACH",Telnyx,Munich,False,Full Time,Sales,1,2026-09-13,Arbeitnow,https://www.arbeitnow.com/jobs/companies/telnyx/forward-deployed-engineer-dach-munich-178293
test-engineer-aachen-north-rhine-westphalia-173430,Test Engineer,Asteralabs,"Aachen, North Rhine-Westphalia",False,Full Time,Signal Connectivity Group,1,2026-09-13,Arbeitnow,https://www.arbeitnow.com/jobs/companies/asteralabs/test-engineer-aachen-north-rhine-westphalia-173430
senior-sourcing-specialist-germany-operations-manufacturing-aachen-north-rhine-westphalia-97307,Senior Sourcing Specialist – Germany Operations & Manufacturing,Asteralabs,"Aachen, North Rhine-Westphalia",False,Full Time,Procurement & Business Acceleration,1,2026-09-13,Arbeitnow,https://www.arbeitnow.com/jobs/companies/asteralabs/senior-sourcing-specialist-germany-operations-manufacturing-aachen-north-rhine-westphalia-97307
senior-principal-asic-design-engineer-172376,Senior Principal ASIC Design Engineer,Asteralabs,,False,Full Time,Design Engineering CCE2,1,2026-09-13,Arbeitnow,https://www.arbeitnow.com/jobs/companies/asteralabs/senior-principal-asic-design-engineer-172376
head-of-marketing-munich-119980,Head of Marketing,Almetra,Munich,False,Full Time,Commercial,1,2026-09-13,Arbeitnow,https://www.arbeitnow.com/jobs/companies/almetra/head-of-marketing-munich-119980
qualitatssicherungsingenieur-all-genders-lampoldshausen-313235,Qualitätssicherungsingenieur (all genders),TECOSIM GmbH,"Lampoldshausen, Baden-Württemberg, Deutschland",False,"Experienced, fulltime permanent",Ariane Group,1,2026-09-13,Arbeitnow,https://www.arbeitnow.com/jobs/companies/tecosim-gmbh/qualitatssicherungsingenieur-all-genders-lampoldshausen-313235
werkstudent-social-media-marketing-bad-salzungen-338190,Werkstudent Social Media | Marketing (m/w/d),WerraEnergie GmbH,"Bad Salzungen, Thüringen, Deutschland",False,"Student college, parttime fixed term",Organisation,1,2026-09-13,Arbeitnow,https://www.arbeitnow.com/jobs/companies/werraenergie-gmbh/werkstudent-social-media-marketing-bad-salzungen-338190
werkstudent-bad-salzungen-464502,Werkstudent (m/w/d),WerraEnergie GmbH,"Bad Salzungen, Thüringen, Deutschland",False,"Student college, parttime fixed term",Werraenergie GmbH,1,2026-09-13,Arbeitnow,https://www.arbeitnow.com/jobs/companies/werraenergie-gmbh/werkstudent-bad-salzungen-464502
werkstudent-elektrotechnik-energietechnik-bad-salzungen-267456,Werkstudent Elektrotechnik / Energietechnik (m/w/d),WerraEnergie GmbH,"Bad Salzungen, Thüringen, Deutschland",False,"Student college, parttime fixed term",WerraEnergiedienste GmbH,1,2026-09-13,Arbeitnow,https://www.arbeitnow.com/jobs/companies/werraenergie-gmbh/werkstudent-elektrotechnik-energietechnik-bad-salzungen-267456
new-business-account-executive-dach-market-germany-98297,New Business Account Executive (DACH market),Vivid,Germany,False,"Experienced, Permanent, Full time","sales, outbound",2,2026-09-13,Arbeitnow,https://www.arbeitnow.com/jobs/companies/vivid/new-business-account-executive-dach-market-germany-98297
founding-sdr-dach-market-berlin-82894,Founding SDR (DACH market),Vivid,Berlin,False,"Experienced, Permanent, Full time","sales, SDR, Sales Development Representative",3,2026-09-13,Arbeitnow,https://www.arbeitnow.com/jobs/companies/vivid/founding-sdr-dach-market-berlin-82894
senior-accountant-bilanzbuchhalterin-hgb-ifrs-leipzig-277300,Senior Accountant / Bilanzbuchhalter:in (m/w/d) – HGB & IFRS,Cuculus Gmbh,Leipzig,False,"Experienced, Permanent, Full time","Bilanzbuchhalter, Accountant, SeniorAccountant, HGB, IFRS, Audit, IHK, KI, Leipzig, Erfurt, Hybrid, Homeoffice, Festanstellung, Jahresabschluss, Steuern, Umsatzsteuervoranmeldung, Steuerberatung, Wirtschaftsprüfung, join",19,2026-09-13,Arbeitnow,https://www.arbeitnow.com/jobs/companies/cuculus-gmbh/senior-accountant-bilanzbuchhalterin-hgb-ifrs-leipzig-277300
remote-senior-genai-solution-engineer-all-genders-440579,Senior GenAI Solution Engineer (all genders),Eraneos,"Hamburg, München, Düsseldorf, remote",False,"Experienced, Permanent, Full time","Data Engineer, Machine Learning, Software Development, Python, Cloud, AWS, Azure, GCP, Warehousing, SQL, Solution Engineering, GenAI, KI, Finance, Insurance",15,2026-09-13,Arbeitnow,https://www.arbeitnow.com/jobs/companies/eraneos/remote-senior-genai-solution-engineer-all-genders-440579
remote-management-consultant-enterprise-architecture-all-genders-154966,Management Consultant Enterprise Architecture (all genders),Eraneos,"Hamburg, München, Düsseldorf, remote",False,"Experienced, Permanent, Full time","Consulting, IT, Enterprise Architecture, AI Architecture",4,2026-09-13,Arbeitnow,https://www.arbeitnow.com/jobs/companies/eraneos/remote-management-consultant-enterprise-architecture-all-genders-154966
remote-forward-deployed-engineer-all-genders-99442,Forward Deployed Engineer (all genders),Eraneos,"Hamburg, München, Düsseldorf, remote",False,"Experienced, Permanent, Full time","Consulting, GenAI, Solution Engineering, Strategie, FDE, Forward Deployed Engineering, Container, Git, Founding Engineer",9,2026-09-13,Arbeitnow,https://www.arbeitnow.com/jobs/companies/eraneos/remote-forward-deployed-engineer-all-genders-99442
remote-data-engineer-all-genders-12735,Data Engineer (all genders),Eraneos,"Hamburg, München, Düsseldorf, remote",False,"Experienced, Permanent, Full time","Data Engineering, Cloud Engineering, Snowflake, Databricks, ETL, Python, Azure, AWS, GCP, Data Warehouse, ELT, SQL, Consutling",13,2026-09-13,Arbeitnow,https://www.arbeitnow.com/jobs/companies/eraneos/remote-data-engineer-all-genders-12735
remote-senior-manager-business-value-chain-all-genders-208433,(Senior) Manager Business Value Chain (all genders),Eraneos,"Hamburg, München, Düsseldorf, remote",False,"Experienced, Permanent, Full time","Manufacturing, Production, Operations, Consulting, Digital Transformation, Management Consulting, Business Value Chain, Supply Chain, Engineering, Sales, Business Development, Leadership, Key Account Management",13,2026-09-13,Arbeitnow,https://www.arbeitnow.com/jobs/companies/eraneos/remote-senior-manager-business-value-chain-all-genders-208433
remote-senior-consultant-business-value-chain-all-genders-297007,(Senior) Consultant Business Value Chain (all genders),Eraneos,"Hamburg, München, Düsseldorf, remote",False,"Experienced, Permanent, Full time","Manufacturing, Production, Operations, Consulting, Digital Transformation, Management Consulting, Business Value Chain, Supply Chain, Engineering",9,2026-09-13,Arbeitnow,https://www.arbeitnow.com/jobs/companies/eraneos/remote-senior-consultant-business-value-chain-all-genders-297007
senior-cloud-consultant-data-ai-engineer-4-days-week-german-speaking-munchen-183706,"Senior Cloud Consultant - Data & AI Engineer (f/m/d, 4-Days-Week), German Speaking",Auvaria,München,False,"Experienced, Permanent, Full time",,0,2026-09-13,Arbeitnow,https://www.arbeitnow.com/jobs/companies/auvaria/senior-cloud-consultant-data-ai-engineer-4-days-week-german-speaking-munchen-183706
senior-cloud-consultant-data-ai-engineer-4-days-week-german-speaking-hamburg-340121,"Senior Cloud Consultant - Data & AI Engineer (f/m/d, 4-Days-Week), German Speaking",Auvaria,Hamburg,False,"Experienced, Permanent, Full time",,0,2026-09-13,Arbeitnow,https://www.arbeitnow.com/jobs/companies/auvaria/senior-cloud-consultant-data-ai-engineer-4-days-week-german-speaking-hamburg-340121
werkstudent-finance-process-automatisation-bis-zu-20-stunden-woche-dusseldorf-286400,Werkstudent (m/w/d) – Finance Process Automatisation bis zu 20 Stunden/Woche,Ecotel,Düsseldorf,False,"Student, Working student, Part time","Werkstudent, IT, Finance, Entwicklung, Software, Billing, Programmierung, SQL, Python, Düsseldorf, KI, Automatisierung",12,2026-09-13,Arbeitnow,https://www.arbeitnow.com/jobs/companies/ecotel/werkstudent-finance-process-automatisation-bis-zu-20-stunden-woche-dusseldorf-286400
ausbildung-zum-fachinformatiker-zur-fachinformatikerin-fur-systemintegration-start-august-2027-dusseldorf-483760,Ausbildung zum Fachinformatiker / zur Fachinformatikerin für Systemintegration (m/w/d) Start: August 2027,Ecotel,Düsseldorf,False,"Entry, Trainee, Full time","IT, Technik, Fachinformatiker, Düsseldorf, KI, AI, Software, Consulting, Windows, Linux, Server, Administration",12,2026-09-13,Arbeitnow,https://www.arbeitnow.com/jobs/companies/ecotel/ausbildung-zum-fachinformatiker-zur-fachinformatikerin-fur-systemintegration-start-august-2027-dusseldorf-483760
account-executive-inbound-sales-dach-berlin-123929,Account Executive – Inbound Sales DACH (m/w/d),Mute Labs Gmbh,Berlin,False,"Entry, Permanent, Full time","account executive, inbound, sales, dach",4,2026-09-13,Arbeitnow,https://www.arbeitnow.com/jobs/companies/mute-labs-gmbh/account-executive-inbound-sales-dach-berlin-123929
account-executive-full-cycle-new-business-berlin-443531,"Account Executive – Full-Cycle, New Business (m/f/d)",Mute Labs Gmbh,Berlin,False,"Experienced, Permanent, Full time","account executive, sales",2,2026-09-13,Arbeitnow,https://www.arbeitnow.com/jobs/companies/mute-labs-gmbh/account-executive-full-cycle-new-business-berlin-443531
senior-business-development-manager-dach-berlin-259898,(Senior) Business Development Manager DACH (m/f/d),Mute Labs Gmbh,Berlin,False,"Experienced, Permanent, Full time","Sales, Business Development, DACH, Manager, senior, deutch, german",7,2026-09-13,Arbeitnow,https://www.arbeitnow.com/jobs/companies/mute-labs-gmbh/senior-business-development-manager-dach-berlin-259898
senior-technical-architect-hybrid-product-platform-hamburg-81456,Senior Technical Architect – Hybrid (Product / Platform) (m/f/d),Implico Gmbh,Hamburg,False,"Experienced, Permanent, Full time","EWM, SAP, CAP, RAP, BTP, CDS VIEWS, Node.js, AI, LLM",9,2026-09-13,Arbeitnow,https://www.arbeitnow.com/jobs/companies/implico-gmbh/senior-technical-architect-hybrid-product-platform-hamburg-81456
sap-account-executive-hamburg-115341,SAP Account Executive (m/w/d),Implico Gmbh,Hamburg,False,"Experienced, Permanent, Full time",,0,2026-09-13,Arbeitnow,https://www.arbeitnow.com/jobs/companies/implico-gmbh/sap-account-executive-hamburg-115341
staff-engineer-berlin-396577,Staff Engineer (m/f/d),Solactive,Berlin,False,"Experienced, Permanent, Full time",,0,2026-09-13,Arbeitnow,https://www.arbeitnow.com/jobs/companies/solactive/staff-engineer-berlin-396577
senior-fullstack-software-engineer-analyze-report-berlin-425045,"Senior Fullstack Software Engineer, Analyze & Report (f/m/d)",Solactive,Berlin,False,"Experienced, Permanent, Full time",,0,2026-09-13,Arbeitnow,https://www.arbeitnow.com/jobs/companies/solactive/senior-fullstack-software-engineer-analyze-report-berlin-425045
principal-software-developer-market-data-frankfurt-am-main-60368,Principal Software Developer (f/m/d) - Market Data,Solactive,Frankfurt am Main,False,"Experienced, Permanent, Full time",,0,2026-09-13,Arbeitnow,https://www.arbeitnow.com/jobs/companies/solactive/principal-software-developer-market-data-frankfurt-am-main-60368
werkstudentin-growth-performance-marketing-ki-10-20h-woche-berlin-431498,"WerkstudentIN Growth, Performance Marketing, KI (m/w/d) 10-20h/Woche",99markets,Berlin,False,Working student,Online Marketing,1,2026-09-13,Arbeitnow,https://www.arbeitnow.com/jobs/companies/99markets/werkstudentin-growth-performance-marketing-ki-10-20h-woche-berlin-431498
digital-marketing-manager-quereinsteiger-munchen-munich-191923,Digital Marketing Manager (Quereinsteiger) (m/w/d) - München,Cyrus Digital GmbH,Munich,False,berufseinstieg,Online Marketing,1,2026-09-13,Arbeitnow,https://www.arbeitnow.com/jobs/companies/cyrus-digital-gmbh/digital-marketing-manager-quereinsteiger-munchen-munich-191923
performance-marketing-manager-quereinsteiger-munchen-munich-358770,Performance Marketing Manager (Quereinsteiger) (m/w/d) - München,Cyrus Digital GmbH,Munich,False,berufseinstieg,Online Marketing,1,2026-09-13,Arbeitnow,https://www.arbeitnow.com/jobs/companies/cyrus-digital-gmbh/performance-marketing-manager-quereinsteiger-munchen-munich-358770
remote-dealer-account-manager-409116,Dealer Account Manager,AIM,Remote,True,Full Time,Business Development,1,2026-09-13,Arbeitnow,https://www.arbeitnow.com/jobs/companies/aim/remote-dealer-account-manager-409116
praktikantin-brand-product-marketing-berlin-373886,Praktikant*in Brand & Product Marketing (m/w/d),Amperecloud GmbH,"Berlin , Berlin, Germany",False,"Student college, fulltime fixed term",Marketing,1,2026-09-13,Arbeitnow,https://www.arbeitnow.com/jobs/companies/amperecloud-gmbh/praktikantin-brand-product-marketing-berlin-373886
senior-commercial-support-manager-essen-232930,Senior Commercial Support Manager (m/w/d),Edri,Essen,False,"Experienced, Permanent, Full time",,0,2026-09-13,Arbeitnow,https://www.arbeitnow.com/jobs/companies/edri/senior-commercial-support-manager-essen-232930
team-lead-ai-engineering-munchen-hybrid-153688,Team Lead AI Engineering (f/m/d),Vestigas,München (Hybrid),False,"Experienced, Permanent, Full time","MLOps, Machine Learning, End-to-end ML lifecycle, Natural Language Processing (NLP), Image Processing / Computer Vision, Python, Azure, Terraform, Generative AI, OCR, AI Agents, Data Pipelines, Production Deployment, Uncertainty Estimation, Testin, clean code, Claude, cursor, chatgpt, AI tools, Leadership, Management, People Management, managing engineers, technical strategy",25,2026-09-13,Arbeitnow,https://www.arbeitnow.com/jobs/companies/vestigas/team-lead-ai-engineering-munchen-hybrid-153688
senior-ai-engineer-munchen-hybrid-465151,Senior AI Engineer (f/m/d),Vestigas,München (Hybrid),False,"Experienced, Permanent, Full time","MLOps, Machine Learning, End-to-end ML lifecycle, Natural Language Processing (NLP), Image Processing / Computer Vision, Python, Azure, Terraform, Generative AI, OCR, AI Agents, Data Pipelines, Production Deployment, Uncertainty Estimation, Testin, clean code, Claude, cursor, chatgpt, AI tools, Ownership, end-to-end responsibility, knowledge sharing",23,2026-09-13,Arbeitnow,https://www.arbeitnow.com/jobs/companies/vestigas/senior-ai-engineer-munchen-hybrid-465151
senior-marketing-manager-events-partnerships-hybrid-munchen-125297,(Senior) Marketing Manager – Events & Partnerships (d/w/m*),Pixxio,Hybrid/München,False,"Experienced, Permanent, Full time","Eventmanagement, Messen, Webinare, Partnerveranstaltungen, Eventmarketing, Partnership Marketing",6,2026-09-13,Arbeitnow,https://www.arbeitnow.com/jobs/companies/pixxio/senior-marketing-manager-events-partnerships-hybrid-munchen-125297
senior-manager-recruiting-employer-branding-berlin-265350,Senior Manager Recruiting & Employer Branding (m/f/d),Sanoptis,Berlin,False,"Experienced, Temporary, Full time","HR, Recruiting, Private Equity, Healthcare",4,2026-09-13,Arbeitnow,https://www.arbeitnow.com/jobs/companies/sanoptis/senior-manager-recruiting-employer-branding-berlin-265350
working-student-it-support-systems-garching-b-munchen-de-139901,Working Student – IT Support & Systems,Planqc Gmbh,Garching b. München (DE),False,"Entry, Intern, Part time","IT Support, Working Student, 1st Level Support, IT System Administration, Microsoft 365, Quantum Computing",6,2026-09-13,Arbeitnow,https://www.arbeitnow.com/jobs/companies/planqc-gmbh/working-student-it-support-systems-garching-b-munchen-de-139901
werkstudent-marketing-vertrieb-nurnberg-62930,Werkstudent Marketing & Vertrieb (m/w/d),Nerdware,Nürnberg,False,"Student, Intern, Part time","Marketing, Events, Sales, Vertrieb, Kommunikation, Social Media",6,2026-09-13,Arbeitnow,https://www.arbeitnow.com/jobs/companies/nerdware/werkstudent-marketing-vertrieb-nurnberg-62930
ai-engineer-nurnberg-427997,AI Engineer (m/w/d),Nerdware,Nürnberg,False,"Experienced, Permanent, Full time","AI, KI, Software Entwicklung, Agentic Engineering, Agents, LLM",6,2026-09-13,Arbeitnow,https://www.arbeitnow.com/jobs/companies/nerdware/ai-engineer-nurnberg-427997
senior-project-manager-post-merger-integration-bremen-171807,(Senior) Project Manager Post Merger Integration [m/w/d],GBC Group,Bremen,False,"Experienced, Permanent, Full time","Post Merger, Post Merger Integration, Projektmanagement, Prozessmanagement, Management Consulting",5,2026-09-13,Arbeitnow,https://www.arbeitnow.com/jobs/companies/gbc-group/senior-project-manager-post-merger-integration-bremen-171807
senior-sap-ewm-berater-heidelberg-germany-400697,Senior SAP EWM Berater (w/m/d),Westernacher,"Heidelberg, Germany",False,Experienced Professional,Europe,1,2026-09-13,Arbeitnow,https://www.arbeitnow.com/jobs/companies/westernacher/senior-sap-ewm-berater-heidelberg-germany-400697
senior-berater-sap-analytics-heidelberg-germany-234079,Senior Berater SAP Analytics (w/m/d),Westernacher,"Heidelberg, Germany",False,Experienced Professional,Europe,1,2026-09-13,Arbeitnow,https://www.arbeitnow.com/jobs/companies/westernacher/senior-berater-sap-analytics-heidelberg-germany-234079
principal-corporate-law-corporate-financing-munchen-496094,Principal Corporate Law & Corporate Financing (m/f/d),Flix,"München, Bayern, Germany",False,Full Time,,0,2026-09-13,Arbeitnow,https://www.arbeitnow.com/jobs/companies/flix/principal-corporate-law-corporate-financing-munchen-496094
senior-corporate-law-corporate-financing-expert-munchen-26937,Senior Corporate Law & Corporate Financing Expert (m/f/d),Flix,"München, Bayern, Germany",False,Full Time,,0,2026-09-13,Arbeitnow,https://www.arbeitnow.com/jobs/companies/flix/senior-corporate-law-corporate-financing-expert-munchen-26937
steuerberater-in-kusterdingen-auf-wunsch-mit-partnerperspektive-gesucht-mindestens-90000eur-370402,"Steuerberater (m/w/d) in Kusterdingen, auf Wunsch mit Partnerperspektive, gesucht - mindestens 90.000€",Taxtalente.de,Kusterdingen,False,Full Time,"Directors, Chief Executives",2,2026-09-13,Arbeitnow,https://www.arbeitnow.com/jobs/companies/taxtalentede/steuerberater-in-kusterdingen-auf-wunsch-mit-partnerperspektive-gesucht-mindestens-90000eur-370402
steuerberater-in-schulzendorf-auf-wunsch-mit-partnerperspektive-gesucht-mindestens-90000eur-386106,"Steuerberater (m/w/d) in Schulzendorf, auf Wunsch mit Partnerperspektive, gesucht - mindestens 90.000€",Taxtalente.de,Schulzendorf,False,Full Time,"Directors, Chief Executives",2,2026-09-13,Arbeitnow,https://www.arbeitnow.com/jobs/companies/taxtalentede/steuerberater-in-schulzendorf-auf-wunsch-mit-partnerperspektive-gesucht-mindestens-90000eur-386106
steuerberater-in-furstenfeldbruck-auf-wunsch-mit-partnerperspektive-gesucht-mindestens-90000eur-282606,"Steuerberater (m/w/d) in Fürstenfeldbruck, auf Wunsch mit Partnerperspektive, gesucht - mindestens 90.000€",Taxtalente.de,Fürstenfeldbruck,False,Full Time,"Directors, Chief Executives",2,2026-09-13,Arbeitnow,https://www.arbeitnow.com/jobs/companies/taxtalentede/steuerberater-in-furstenfeldbruck-auf-wunsch-mit-partnerperspektive-gesucht-mindestens-90000eur-282606
steuerberater-in-sielenbach-auf-wunsch-mit-partnerperspektive-gesucht-mindestens-90000eur-429185,"Steuerberater (m/w/d) in Sielenbach, auf Wunsch mit Partnerperspektive, gesucht - mindestens 90.000€",Taxtalente.de,Sielenbach,False,Full Time,"Directors, Chief Executives",2,2026-09-13,Arbeitnow,https://www.arbeitnow.com/jobs/companies/taxtalentede/steuerberater-in-sielenbach-auf-wunsch-mit-partnerperspektive-gesucht-mindestens-90000eur-429185
steuerberater-in-emersacker-auf-wunsch-mit-partnerperspektive-gesucht-mindestens-90000eur-231564,"Steuerberater (m/w/d) in Emersacker, auf Wunsch mit Partnerperspektive, gesucht - mindestens 90.000€",Taxtalente.de,Emersacker,False,Full Time,"Directors, Chief Executives",2,2026-09-13,Arbeitnow,https://www.arbeitnow.com/jobs/companies/taxtalentede/steuerberater-in-emersacker-auf-wunsch-mit-partnerperspektive-gesucht-mindestens-90000eur-231564
steuerberater-in-frondenberg-auf-wunsch-mit-partnerperspektive-gesucht-mindestens-90000eur-200973,"Steuerberater (m/w/d) in Fröndenberg, auf Wunsch mit Partnerperspektive, gesucht - mindestens 90.000€",Taxtalente.de,Fröndenberg,False,Full Time,"Directors, Chief Executives",2,2026-09-13,Arbeitnow,https://www.arbeitnow.com/jobs/companies/taxtalentede/steuerberater-in-frondenberg-auf-wunsch-mit-partnerperspektive-gesucht-mindestens-90000eur-200973
steuerberater-in-rossbach-auf-wunsch-mit-partnerperspektive-gesucht-mindestens-90000eur-256400,"Steuerberater (m/w/d) in Roßbach, auf Wunsch mit Partnerperspektive, gesucht - mindestens 90.000€",Taxtalente.de,Roßbach,False,Full Time,"Directors, Chief Executives",2,2026-09-13,Arbeitnow,https://www.arbeitnow.com/jobs/companies/taxtalentede/steuerberater-in-rossbach-auf-wunsch-mit-partnerperspektive-gesucht-mindestens-90000eur-256400
steuerberater-in-oberding-auf-wunsch-mit-partnerperspektive-gesucht-mindestens-90000eur-155108,"Steuerberater (m/w/d) in Oberding, auf Wunsch mit Partnerperspektive, gesucht - mindestens 90.000€",Taxtalente.de,Oberding,False,Full Time,"Directors, Chief Executives",2,2026-09-13,Arbeitnow,https://www.arbeitnow.com/jobs/companies/taxtalentede/steuerberater-in-oberding-auf-wunsch-mit-partnerperspektive-gesucht-mindestens-90000eur-155108
influencer-marketing-creator-manager-all-genders-100-home-office-frankfurt-am-main-235172,"Influencer Marketing & Creator Manager (all genders), 100 % Home-Office",BrainBook (Brain Media GmbH),Frankfurt am Main,True,berufserfahren,"Remote, Social Media Manager",2,2026-09-13,Arbeitnow,https://www.arbeitnow.com/jobs/companies/brainbook-brain-media-gmbh/influencer-marketing-creator-manager-all-genders-100-home-office-frankfurt-am-main-235172
director-of-sales-europe-germany-366507,Director of Sales - Europe,Kepler,Germany,False,Full-time Regular,Global Sales,1,2026-09-13,Arbeitnow,https://www.arbeitnow.com/jobs/companies/kepler/director-of-sales-europe-germany-366507
working-student-recruiting-brunswick-germany-388939,Working Student Recruiting (m/f/d),OKAPI:Orbits GmbH,Brunswick (Germany),False,"Entry, Working student, Part time","Working Student, Recruiting, HR, Human Resources, Talent Acquisition, Recruiting Support, Candidate Management, Interview Coordination, Onboarding, Student Job, Part-time, Braunschweig",12,2026-09-13,Arbeitnow,https://www.arbeitnow.com/jobs/companies/okapiorbits-gmbh/working-student-recruiting-brunswick-germany-388939
senior-satellite-systems-engineer-brunswick-germany-384086,Senior Satellite Systems Engineer,OKAPI:Orbits GmbH,Brunswick (Germany),False,"Experienced, Permanent, Full time","Start-Up, SSA, SST, Aerospace Engineering, Astrodynamics, Engineering, Space Debrs, Programming",8,2026-09-13,Arbeitnow,https://www.arbeitnow.com/jobs/companies/okapiorbits-gmbh/senior-satellite-systems-engineer-brunswick-germany-384086
werkstudent-store-promoter-hannover-flagship-store-hannover-298249,Werkstudent Store Promoter Hannover (w/m/d),Odonnell Moonshine,Flagship Store Hannover,False,"Entry, Working student, Part time","Verkauf, Kundenberatung, Kundenbetreuung, Kommunikation, Join, Verkäuferin, Verkäufer, Schnaps, Store Mitarbeiter, Store Mitarbeiterin, Promoterin, Promotions, Werkstudentin, Werkstudent, Studium, Student",16,2026-09-13,Arbeitnow,https://www.arbeitnow.com/jobs/companies/odonnell-moonshine/werkstudent-store-promoter-hannover-flagship-store-hannover-298249
data-analyst-cologne-ger-220074,Data Analyst (m/f/d),METYCLE,Cologne (GER),False,"Experienced, Permanent, Full time",,0,2026-09-13,Arbeitnow,https://www.arbeitnow.com/jobs/companies/metycle/data-analyst-cologne-ger-220074
automation-engineer-plc-plant-control-cologne-ger-12439,Automation Engineer - PLC / Plant Control (m/f/d),METYCLE,Cologne (GER),False,"Experienced, Permanent, Full time",,0,2026-09-13,Arbeitnow,https://www.arbeitnow.com/jobs/companies/metycle/automation-engineer-plc-plant-control-cologne-ger-12439
remote-product-manager-ai-search-hamburg-292991,Product Manager AI Search (m/w/d),Moebel De,Hamburg,True,"Experienced, Permanent, Full time","KI, AI, Künstliche Intelligenz, E-Commerce, Produktmanager, Homeoffice, Hybrid, Remote, Online, Product Owner, Technical/Digital Product Manager",11,2026-09-13,Arbeitnow,https://www.arbeitnow.com/jobs/companies/moebel-de/remote-product-manager-ai-search-hamburg-292991
werkstudent-in-office-management-20h-woche-frankfurt-am-main-270356,Werkstudent/in Office Management (m/w/d) – 20h/Woche – Frankfurt am Main,Cansativa,Frankfurt am Main,False,"Entry, Intern, Part time","werkstudent, officemanagement, Frankfurt",3,2026-09-13,Arbeitnow,https://www.arbeitnow.com/jobs/companies/cansativa/werkstudent-in-office-management-20h-woche-frankfurt-am-main-270356
werkstudent-bauuberwachung-essen-19356,Werkstudent Bauüberwachung (m/w/d),ILF Consulting Engineers Germany GmbH,"Essen, Nordrhein-Westfalen, Deutschland",False,"Student college, parttime permanent",BI: Transport & Structure,1,2026-09-13,Arbeitnow,https://www.arbeitnow.com/jobs/companies/ilf-consulting-engineers-germany-gmbh/werkstudent-bauuberwachung-essen-19356
product-designer-ecommerce-offenbach-am-main-361859,Product Designer (w/m/d) eCommerce,Holzland Becker,"Offenbach am Main, Hessen, Deutschland",False,"Mid, fulltime permanent",eCommerce OFB,1,2026-09-13,Arbeitnow,https://www.arbeitnow.com/jobs/companies/holzland-becker/product-designer-ecommerce-offenbach-am-main-361859
pushh-i-senior-social-media-creative-all-genders-hamburg-303861,PUSHH I Senior Social Media Creative (all genders),Pahnke GmbH & Co. KG,Hamburg,False,"Experienced, Permanent, Full time",,0,2026-09-13,Arbeitnow,https://www.arbeitnow.com/jobs/companies/pahnke-gmbh-co-kg/pushh-i-senior-social-media-creative-all-genders-hamburg-303861
pickmeup-i-werkstudentin-kreation-all-genders-hamburg-170116,PickMeUp I Werkstudent*in Kreation (all genders),Pahnke GmbH & Co. KG,Hamburg,False,"Student, Intern, Part time",,0,2026-09-13,Arbeitnow,https://www.arbeitnow.com/jobs/companies/pahnke-gmbh-co-kg/pickmeup-i-werkstudentin-kreation-all-genders-hamburg-170116
pickmeup-i-werkstudentin-beratung-projektmanagement-all-genders-hamburg-301247,PickMeUp I Werkstudent*in Beratung / Projektmanagement (all genders),Pahnke GmbH & Co. KG,Hamburg,False,"Student, Intern, Part time",,0,2026-09-13,Arbeitnow,https://www.arbeitnow.com/jobs/companies/pahnke-gmbh-co-kg/pickmeup-i-werkstudentin-beratung-projektmanagement-all-genders-hamburg-301247
scada-engineering-manager-utility-scale-pv-bess-saarbrucken-140312,SCADA Engineering Manager (m/f/d) – Utility Scale PV & BESS,Greencells Gmbh,Saarbrücken,False,"Experienced, Permanent, Full time","SCADA-Manager, Plant-Control-Ingenieur, Monitoring-Systeme, Utility-Scale, EPC, BESS, SCADA Engineer, Commissioning, Supplier Management, Energy Infrastructure, Automation Engineering",11,2026-09-13,Arbeitnow,https://www.arbeitnow.com/jobs/companies/greencells-gmbh/scada-engineering-manager-utility-scale-pv-bess-saarbrucken-140312
praktikant-finance-saarbrucken-417021,Praktikant Finance (m/w/d),Greencells Gmbh,Saarbrücken,False,"Entry, Intern, Full time","Pflichtpraktikum Finance (m/w/d), Praktikum Finanzen, Internship, Traineeship, Praktikum, Praktikant, trainee, intern",8,2026-09-13,Arbeitnow,https://www.arbeitnow.com/jobs/companies/greencells-gmbh/praktikant-finance-saarbrucken-417021
team-lead-weiterbildungen-ai-data-science-100-remote-156651,Team Lead Weiterbildungen AI & Data Science 100% remote (m/w/d),Karrieretutor De,100% Remote in Deutschland,False,"Experienced, Permanent, Full time","Erwachsenenbildung, Indeed, StepStone, LinkedIn, Monster, Data Science, KI, AI",8,2026-09-13,Arbeitnow,https://www.arbeitnow.com/jobs/companies/karrieretutor-de/team-lead-weiterbildungen-ai-data-science-100-remote-156651
remote-freiberufliche-lehrkraft-fur-data-analytics-138889,Freiberufliche Lehrkraft (w/m/d) für Data Analytics,Karrieretutor De,100% Remote in Deutschland,False,"Experienced, Freelance, Part time","Lehrkraft, Dozentin, Dozent, Freiberuflich, Freelancer, Analytics, Data Analytics",7,2026-09-13,Arbeitnow,https://www.arbeitnow.com/jobs/companies/karrieretutor-de/remote-freiberufliche-lehrkraft-fur-data-analytics-138889
remote-freiberufliche-lehrkraft-fur-bi-analytics-194166,Freiberufliche Lehrkraft (w/m/d) für BI Analytics,Karrieretutor De,100% Remote in Deutschland,False,"Experienced, Freelance, Part time","Lehrkraft, Dozentin, Dozent, Freiberuflich, Freelancer, BI, Analytics",7,2026-09-13,Arbeitnow,https://www.arbeitnow.com/jobs/companies/karrieretutor-de/remote-freiberufliche-lehrkraft-fur-bi-analytics-194166
werkstudent-sanierung-insolvenz-munchen-149003,Werkstudent (m/w/d) Sanierung & Insolvenz,Brl,München,False,"Student, Working student, Part time",,0,2026-09-13,Arbeitnow,https://www.arbeitnow.com/jobs/companies/brl/werkstudent-sanierung-insolvenz-munchen-149003
director-sr-director-vice-president-business-development-us-north-east-gn-munich-9729,Director / Sr Director / Vice President Business Development – US North East (gn),Proteros Biostructures Gmbh,Munich,False,"Executive, Permanent, Full time","Business Development, Drug Discovery, Structural Biology",3,2026-09-13,Arbeitnow,https://www.arbeitnow.com/jobs/companies/proteros-biostructures-gmbh/director-sr-director-vice-president-business-development-us-north-east-gn-munich-9729
werkstudentin-innovation-management-berlin-325194,Werkstudent:in Innovation Management (m/w/d),Puschwahlig Workplace Law,Berlin,False,"Entry, Working student, Part time","Innovation, Innovation Management, Werkstudium, Deutsch C1, Deutsch C2, Legal Tech, Legal Tech Lösungen, Legal Tech Produkte, Project Management, BWL, BWL Studium, Berlin Jobs, Studium Berlin, KI Lösungen, KI Tools, MS CoPilot, MS Suite, KI Anwendungen, KI-Enablement, Kanzlei Jobs, Berlin Kanzlei, Arbeitsrecht, Arbeitsrechtskanzlei, Wirtschaftsrecht",24,2026-09-13,Arbeitnow,https://www.arbeitnow.com/jobs/companies/puschwahlig-workplace-law/werkstudentin-innovation-management-berlin-325194
interim-project-senior-devops-consultant-berlin-hq-325249,Interim project - Senior DevOps Consultant (f/m/d),Climate,Berlin HQ,False,"Experienced, Freelance, Full time","DevOps, Data Platform, Climate, Environment, 1.5, Linux, GitLab, PostgreSQL, MinIO, Data Engineering",10,2026-09-13,Arbeitnow,https://www.arbeitnow.com/jobs/companies/climate/interim-project-senior-devops-consultant-berlin-hq-325249
data-engineer-berlin-hq-131549,Data Engineer (f/m/d),Climate,Berlin HQ,False,"Experienced, Fixed term, Full time","Data Engineer, nonprofit, NGO, Climate Policy, Python, Data Platform, SQL",7,2026-09-13,Arbeitnow,https://www.arbeitnow.com/jobs/companies/climate/data-engineer-berlin-hq-131549
werkstudent-in-sustainable-finance-20-stunden-pro-woche-ab-oktober-2026-stuttgart-249844,Werkstudent (m/w/d) in Sustainable Finance (20 Stunden pro Woche) ab Oktober 2026,Deutsche Gesellschaft für Nachhaltiges Bauen - DGNB e.V.,Stuttgart,False,"Entry, Intern, Part time",,0,2026-09-13,Arbeitnow,https://www.arbeitnow.com/jobs/companies/deutsche-gesellschaft-fur-nachhaltiges-bauen-dgnb-ev/werkstudent-in-sustainable-finance-20-stunden-pro-woche-ab-oktober-2026-stuttgart-249844
remote-senior-b2b-operations-manager-all-genders-401484,(Senior) B2B Operations Manager (all genders),Stapelstein,Remote Deutschland,False,"Experienced, Permanent, Full time",,0,2026-09-13,Arbeitnow,https://www.arbeitnow.com/jobs/companies/stapelstein/remote-senior-b2b-operations-manager-all-genders-401484
werkstudent-im-bereich-finanzen-mitgliederverwaltung-bundesgeschaftsstelle-berlin-226677,Werkstudent (m/w/d) im Bereich Finanzen & Mitgliederverwaltung,Wirtschaftsrat Der Cdu E V,Bundesgeschäftsstelle (Berlin),False,"Experienced, Temporary, Full or part time","Wirtschaftsrat, Wirtschaft, Politik, Finanzen, Controlling, Verband, Debitor, Buchhaltung, Rechnungswesen",9,2026-09-13,Arbeitnow,https://www.arbeitnow.com/jobs/companies/wirtschaftsrat-der-cdu-e-v/werkstudent-im-bereich-finanzen-mitgliederverwaltung-bundesgeschaftsstelle-berlin-226677
praktikant-im-bereich-wirtschaftspolitik-organisation-lgs-bremen-bremen-485928,Praktikant (m/w/d) im Bereich Wirtschaftspolitik & Organisation,Wirtschaftsrat Der Cdu E V,LGS Bremen (Bremen),False,"Entry, Intern, Full or part time","Wirtschaft, Politik, Wirtschaftsrat, Praktikant",4,2026-09-13,Arbeitnow,https://www.arbeitnow.com/jobs/companies/wirtschaftsrat-der-cdu-e-v/praktikant-im-bereich-wirtschaftspolitik-organisation-lgs-bremen-bremen-485928
ausbildung-zum-fachinformatiker-in-fur-daten-und-prozessanalyse-hannover-139656,Ausbildung zum Fachinformatiker/-in für Daten- und Prozessanalyse (w/m/d),GETEC GRUPPE,Hannover,False,"Student, Trainee, Full time","Ausbildung, Fachinformatiker, Fachinformatikerin, Daten, Prozess, Analyse, Prozessanalyse, Datenanalyse, 2025, Hannover, Prozesse, Qualität, Prozessotpimierung, Datenschutz, Konzepte, Dartensicherung, Datenhaltung, Zugriffkonzepte, Logisches Denken, Computer, Netzwerk, Beru",22,2026-09-13,Arbeitnow,https://www.arbeitnow.com/jobs/companies/getec-gruppe/ausbildung-zum-fachinformatiker-in-fur-daten-und-prozessanalyse-hannover-139656
ausbildung-zum-fachinformatiker-in-fur-anwendungsentwicklung-hannover-280940,Ausbildung zum Fachinformatiker/-in für  Anwendungsentwicklung (w/m/d),GETEC GRUPPE,Hannover,False,"Student, Trainee, Full time","Ausbildung, Fachinformatiker, Fachinformatikerin, Hannover, Anwendugsentwicklung, Planung, Entwicklung, Anwendung, Software, Daten, Datenbanken, Programmierung, Logisches Denken, SQL, PHP, HTML, CSS, JavaScript, Iphone, Hund, Katze, Fussball, Handball, Multi Media, Berufsschule",25,2026-09-13,Arbeitnow,https://www.arbeitnow.com/jobs/companies/getec-gruppe/ausbildung-zum-fachinformatiker-in-fur-anwendungsentwicklung-hannover-280940
senior-controller-all-genders-koln-167249,Senior Controller (all genders),Armedangels,Köln,False,"Experienced, Permanent, Full time","Controlling, Looker, FashionXL, Excel, Finance, ERP",6,2026-09-13,Arbeitnow,https://www.arbeitnow.com/jobs/companies/armedangels/senior-controller-all-genders-koln-167249
principal-technical-architect-432256,Principal Technical Architect,"nCino, Inc.",,False,Full Time,Customer Success,1,2026-09-13,Arbeitnow,https://www.arbeitnow.co.uk/jobs/companies/ncino-inc/principal-technical-architect-432256
principal-product-manager-256772,Principal Product Manager,"nCino, Inc.",,False,Full Time,Portfolio Management,1,2026-09-13,Arbeitnow,https://www.arbeitnow.co.uk/jobs/companies/ncino-inc/principal-product-manager-256772
data-integrations-specialist-346052,Data Integrations Specialist,"nCino, Inc.",,False,Full Time,Customer Success,1,2026-09-13,Arbeitnow,https://www.arbeitnow.co.uk/jobs/companies/ncino-inc/data-integrations-specialist-346052
software-engineer-ai-tooling-enablement-sydney-australia-272616,Software Engineer (AI Tooling & Enablement),Hipagesgroup,"Sydney, Australia",False,Full Time,Engineering,1,2026-09-13,Arbeitnow,https://www.arbeitnow.co.uk/jobs/companies/hipagesgroup/software-engineer-ai-tooling-enablement-sydney-australia-272616
senior-product-manager-sydney-australia-479089,Senior Product Manager,Hipagesgroup,"Sydney, Australia",False,Full Time,"Product, Experience & Design",2,2026-09-13,Arbeitnow,https://www.arbeitnow.co.uk/jobs/companies/hipagesgroup/senior-product-manager-sydney-australia-479089
senior-engineering-manager-sydney-australia-466456,Senior Engineering Manager,Hipagesgroup,"Sydney, Australia",False,Full Time,Engineering,1,2026-09-13,Arbeitnow,https://www.arbeitnow.co.uk/jobs/companies/hipagesgroup/senior-engineering-manager-sydney-australia-466456
senior-data-analyst-12-month-contract-sydney-australia-37623,Senior Data Analyst (12-month contract),Hipagesgroup,"Sydney, Australia",False,Full Time,Finance & Operations,1,2026-09-13,Arbeitnow,https://www.arbeitnow.co.uk/jobs/companies/hipagesgroup/senior-data-analyst-12-month-contract-sydney-australia-37623
data-analytics-engineering-manager-sydney-australia-88892,Data Analytics Engineering Manager,Hipagesgroup,"Sydney, Australia",False,Full Time,Finance & Operations,1,2026-09-13,Arbeitnow,https://www.arbeitnow.co.uk/jobs/companies/hipagesgroup/data-analytics-engineering-manager-sydney-australia-88892
senior-platform-engineer-34986,Senior Platform Engineer,Doitintl,,False,Full Time,Engineering,1,2026-09-13,Arbeitnow,https://www.arbeitnow.co.uk/jobs/companies/doitintl/senior-platform-engineer-34986
senior-full-stack-engineer-ai-cost-visibility-56277,Senior Full-Stack Engineer - AI Cost Visibility,Doitintl,,False,Full Time,Engineering,1,2026-09-13,Arbeitnow,https://www.arbeitnow.co.uk/jobs/companies/doitintl/senior-full-stack-engineer-ai-cost-visibility-56277
full-stack-engineer-cloud-saas-integrations-423100,Full Stack Engineer  - Cloud & SaaS Integrations,Doitintl,,False,Full Time,Engineering,1,2026-09-13,Arbeitnow,https://www.arbeitnow.co.uk/jobs/companies/doitintl/full-stack-engineer-cloud-saas-integrations-423100
engineering-manager-analytics-house-206086,Engineering Manager - Analytics House,Doitintl,,False,Full Time,Engineering,1,2026-09-13,Arbeitnow,https://www.arbeitnow.co.uk/jobs/companies/doitintl/engineering-manager-analytics-house-206086
data-engineer-cloud-saas-integrations-140820,Data Engineer - Cloud & SaaS Integrations,Doitintl,,False,Full Time,Engineering,1,2026-09-13,Arbeitnow,https://www.arbeitnow.co.uk/jobs/companies/doitintl/data-engineer-cloud-saas-integrations-140820
senior-security-engineer-platform-engineering-sydney-australia-435359,"Senior Security Engineer, Platform Engineering",Firmus,"Sydney, Australia",False,Full Time,Platform Engineering,1,2026-09-13,Arbeitnow,https://www.arbeitnow.co.uk/jobs/companies/firmus/senior-security-engineer-platform-engineering-sydney-australia-435359
senior-ai-security-engineer-sydney-australia-353874,Senior AI Security Engineer,Firmus,"Sydney, Australia",False,Full Time,AI & Applications,1,2026-09-13,Arbeitnow,https://www.arbeitnow.co.uk/jobs/companies/firmus/senior-ai-security-engineer-sydney-australia-353874
senior-ai-infrastructure-engineer-kubernetes-sydney-australia-224558,"Senior AI Infrastructure Engineer, Kubernetes",Firmus,"Sydney, Australia",False,Full Time,AI Infrastructure Platform,1,2026-09-13,Arbeitnow,https://www.arbeitnow.co.uk/jobs/companies/firmus/senior-ai-infrastructure-engineer-kubernetes-sydney-australia-224558
security-engineer-application-sydney-australia-277577,"Security Engineer, Application",Firmus,"Sydney, Australia",False,Full Time,Platform Engineering,1,2026-09-13,Arbeitnow,https://www.arbeitnow.co.uk/jobs/companies/firmus/security-engineer-application-sydney-australia-277577
ai-engineer-inference-sydney-australia-94778,AI Engineer - Inference,Firmus,"Sydney, Australia",False,Full Time,AI & Applications,1,2026-09-13,Arbeitnow,https://www.arbeitnow.co.uk/jobs/companies/firmus/ai-engineer-inference-sydney-australia-94778
software-engineer-payments-systems-london-151991,Software Engineer - Payments Systems,Clearstreet,London,False,Full Time,PAYMT,1,2026-09-13,Arbeitnow,https://www.arbeitnow.co.uk/jobs/companies/clearstreet/software-engineer-payments-systems-london-151991
software-engineer-front-end-studio-core-london-429572,Software Engineer - Front End - Studio (Core),Clearstreet,London,False,Full Time,Studio,1,2026-09-13,Arbeitnow,https://www.arbeitnow.co.uk/jobs/companies/clearstreet/software-engineer-front-end-studio-core-london-429572
senior-software-engineer-futures-and-options-execution-services-london-299137,Senior Software Engineer - Futures and Options Execution Services,Clearstreet,London,False,Full Time,Futures ENG,1,2026-09-13,Arbeitnow,https://www.arbeitnow.co.uk/jobs/companies/clearstreet/senior-software-engineer-futures-and-options-execution-services-london-299137
senior-software-engineer-front-end-studio-core-london-117962,Senior Software Engineer - Front End - Studio (Core),Clearstreet,London,False,Full Time,Studio,1,2026-09-13,Arbeitnow,https://www.arbeitnow.co.uk/jobs/companies/clearstreet/senior-software-engineer-front-end-studio-core-london-117962
senior-production-engineer-london-101363,Senior Production Engineer,Clearstreet,London,False,Full Time,Infrastructure,1,2026-09-13,Arbeitnow,https://www.arbeitnow.co.uk/jobs/companies/clearstreet/senior-production-engineer-london-101363
senior-product-designer-ux-london-377199,Senior Product Designer (UX),Moniepoint,London,False,Full Time,Product Design,1,2026-09-13,Arbeitnow,https://www.arbeitnow.co.uk/jobs/companies/moniepoint/senior-product-designer-ux-london-377199
remote-senior-illustrator-303137,Senior Illustrator,Moniepoint,"Remote, London",False,Full Time,,0,2026-09-13,Arbeitnow,https://www.arbeitnow.co.uk/jobs/companies/moniepoint/remote-senior-illustrator-303137
remote-senior-content-designer-339118,Senior Content Designer,Moniepoint,"Remote, London",False,Full Time,,0,2026-09-13,Arbeitnow,https://www.arbeitnow.co.uk/jobs/companies/moniepoint/remote-senior-content-designer-339118
remote-senior-business-analyst-104819,Senior Business Analyst,Moniepoint,"Remote, London",False,Full Time,,0,2026-09-13,Arbeitnow,https://www.arbeitnow.co.uk/jobs/companies/moniepoint/remote-senior-business-analyst-104819
remote-head-of-engineering-supply-chain-420197,"Head of Engineering, Supply Chain",Moniepoint,"Remote, London",False,Full Time,Pool: Engineering,1,2026-09-13,Arbeitnow,https://www.arbeitnow.co.uk/jobs/companies/moniepoint/remote-head-of-engineering-supply-chain-420197
remote-head-of-engineering-sales-marketing-tools-416885,"Head of Engineering, Sales & Marketing Tools",Moniepoint,"Remote, London",False,Full Time,Pool: Engineering,1,2026-09-13,Arbeitnow,https://www.arbeitnow.co.uk/jobs/companies/moniepoint/remote-head-of-engineering-sales-marketing-tools-416885
remote-head-of-engineering-rewards-421398,"Head of Engineering, Rewards",Moniepoint,"Remote, London",False,Full Time,Pool: Engineering,1,2026-09-13,Arbeitnow,https://www.arbeitnow.co.uk/jobs/companies/moniepoint/remote-head-of-engineering-rewards-421398
remote-head-of-engineering-pos-application-platform-301523,"Head of Engineering, POS Application Platform",Moniepoint,"Remote, London",False,Full Time,Pool: Engineering,1,2026-09-13,Arbeitnow,https://www.arbeitnow.co.uk/jobs/companies/moniepoint/remote-head-of-engineering-pos-application-platform-301523
remote-head-of-engineering-payment-gateway-245375,"Head of Engineering, Payment Gateway",Moniepoint,"Remote, London",False,Full Time,Pool: Engineering,1,2026-09-13,Arbeitnow,https://www.arbeitnow.co.uk/jobs/companies/moniepoint/remote-head-of-engineering-payment-gateway-245375
remote-head-of-engineering-field-verification-57697,"Head of Engineering, Field Verification",Moniepoint,"Remote, London",False,Full Time,Pool: Engineering,1,2026-09-13,Arbeitnow,https://www.arbeitnow.co.uk/jobs/companies/moniepoint/remote-head-of-engineering-field-verification-57697
remote-data-scientist-fraud-95114,Data Scientist (Fraud),Moniepoint,"Remote, London",False,Full Time,Data Science,1,2026-09-13,Arbeitnow,https://www.arbeitnow.co.uk/jobs/companies/moniepoint/remote-data-scientist-fraud-95114
data-analyst-fraud-london-32558,Data Analyst - Fraud,Moniepoint,London,False,Full Time,Banking Operations,1,2026-09-13,Arbeitnow,https://www.arbeitnow.co.uk/jobs/companies/moniepoint/data-analyst-fraud-london-32558
territory-account-executive-birmingham-66505,"Territory Account Executive, Birmingham",Channel Sales Support Agent - Block,Birmingham,False,Full Time,20249 S&M - Sales - Square Field Sales,1,2026-09-13,Arbeitnow,https://www.arbeitnow.co.uk/jobs/companies/channel-sales-support-agent-block/territory-account-executive-birmingham-66505
smb-account-executive-london-445579,"SMB Account Executive, London",Channel Sales Support Agent - Block,London,False,Full Time,20209 S&M - Sales - Square Inside,1,2026-09-13,Arbeitnow,https://www.arbeitnow.co.uk/jobs/companies/channel-sales-support-agent-block/smb-account-executive-london-445579
senior-sales-account-executive-smb-mm-london-296482,Senior Sales Account Executive - SMB/MM,Channel Sales Support Agent - Block,London,False,Full Time,20213 S&M - Sales - Square Outside,1,2026-09-13,Arbeitnow,https://www.arbeitnow.co.uk/jobs/companies/channel-sales-support-agent-block/senior-sales-account-executive-smb-mm-london-296482
senior-sales-account-executive-london-163830,Senior Sales Account Executive,Channel Sales Support Agent - Block,London,False,Full Time,20213 S&M - Sales - Square Outside,1,2026-09-13,Arbeitnow,https://www.arbeitnow.co.uk/jobs/companies/channel-sales-support-agent-block/senior-sales-account-executive-london-163830
senior-implementation-specialist-london-491390,Senior Implementation Specialist,Channel Sales Support Agent - Block,London,False,Full Time,20333 S&M - Sales - GSO,1,2026-09-13,Arbeitnow,https://www.arbeitnow.co.uk/jobs/companies/channel-sales-support-agent-block/senior-implementation-specialist-london-491390
inside-sales-account-executive-london-461053,Inside Sales Account Executive,Channel Sales Support Agent - Block,London,False,Full Time,20209 S&M - Sales - Square Inside,1,2026-09-13,Arbeitnow,https://www.arbeitnow.co.uk/jobs/companies/channel-sales-support-agent-block/inside-sales-account-executive-london-461053
enterprise-account-executive-remote-uk-london-449930,"Enterprise Account Executive, Remote UK",Channel Sales Support Agent - Block,London,False,Full Time,20213 S&M - Sales - Square Outside,1,2026-09-13,Arbeitnow,https://www.arbeitnow.co.uk/jobs/companies/channel-sales-support-agent-block/enterprise-account-executive-remote-uk-london-449930
creative-director-tidal-london-392223,"Creative Director, Tidal",Channel Sales Support Agent - Block,London,False,Full Time,10101 Design - Product Design,1,2026-09-13,Arbeitnow,https://www.arbeitnow.co.uk/jobs/companies/channel-sales-support-agent-block/creative-director-tidal-london-392223
senior-risk-analyst-london-315845,Senior Risk Analyst,Apollo,London,False,Full Time,Enterprise Risk Management,1,2026-09-13,Arbeitnow,https://www.arbeitnow.co.uk/jobs/companies/apollo/senior-risk-analyst-london-315845
product-manager-procure-to-pay-220254,"Product Manager, Procure-to-Pay",Zone & Co,,False,Full Time,Product,1,2026-09-13,Arbeitnow,https://www.arbeitnow.co.uk/jobs/companies/zone-co/product-manager-procure-to-pay-220254
platform-product-engineer-491756,Platform Product Engineer,Zone & Co,,False,Full Time,Engineering,1,2026-09-13,Arbeitnow,https://www.arbeitnow.co.uk/jobs/companies/zone-co/platform-product-engineer-491756
ai-software-engineer-64813,AI Software Engineer,Zone & Co,,False,Full Time,Engineering,1,2026-09-13,Arbeitnow,https://www.arbeitnow.co.uk/jobs/companies/zone-co/ai-software-engineer-64813
staff-hpc-systems-software-engineer-290428,Staff HPC Systems Software Engineer,Nscaleoperationsukltd,,False,Full Time,AI Infra Product,1,2026-09-13,Arbeitnow,https://www.arbeitnow.co.uk/jobs/companies/nscaleoperationsukltd/staff-hpc-systems-software-engineer-290428
staff-engineer-storage-services-353944,"Staff Engineer, Storage Services",Nscaleoperationsukltd,,False,Full Time,AI Infra Technology,1,2026-09-13,Arbeitnow,https://www.arbeitnow.co.uk/jobs/companies/nscaleoperationsukltd/staff-engineer-storage-services-353944
staff-cloud-native-software-engineer-126811,Staff Cloud Native Software Engineer,Nscaleoperationsukltd,,False,Full Time,AI Infra Product,1,2026-09-13,Arbeitnow,https://www.arbeitnow.co.uk/jobs/companies/nscaleoperationsukltd/staff-cloud-native-software-engineer-126811
specialised-ai-engineer-112275,Specialised AI Engineer,Nscaleoperationsukltd,,False,Full Time,AI Infra Product,1,2026-09-13,Arbeitnow,https://www.arbeitnow.co.uk/jobs/companies/nscaleoperationsukltd/specialised-ai-engineer-112275
senior-project-manager-construction-fit-out-uk-europe-163079,Senior Project Manager - Construction Fit-Out (UK / Europe),Nscaleoperationsukltd,,False,Full Time,Delivery EMEA,1,2026-09-13,Arbeitnow,https://www.arbeitnow.co.uk/jobs/companies/nscaleoperationsukltd/senior-project-manager-construction-fit-out-uk-europe-163079
senior-product-manager-platform-88270,"Senior Product Manager, Platform",Nscaleoperationsukltd,,False,Full Time,AI Infra Product,1,2026-09-13,Arbeitnow,https://www.arbeitnow.co.uk/jobs/companies/nscaleoperationsukltd/senior-product-manager-platform-88270
senior-product-manager-observability-285039,"Senior Product Manager, Observability",Nscaleoperationsukltd,,False,Full Time,AI Infra Product,1,2026-09-13,Arbeitnow,https://www.arbeitnow.co.uk/jobs/companies/nscaleoperationsukltd/senior-product-manager-observability-285039
senior-physical-security-engineer-180217,Senior Physical Security Engineer,Nscaleoperationsukltd,,False,Full Time,Security & Corporate Engineering,1,2026-09-13,Arbeitnow,https://www.arbeitnow.co.uk/jobs/companies/nscaleoperationsukltd/senior-physical-security-engineer-180217
senior-infrastructure-engineer-openstack-ironic-specialist-376034,Senior Infrastructure Engineer (OpenStack Ironic Specialist),Nscaleoperationsukltd,,False,Full Time,AI Infra Technology,1,2026-09-13,Arbeitnow,https://www.arbeitnow.co.uk/jobs/companies/nscaleoperationsukltd/senior-infrastructure-engineer-openstack-ironic-specialist-376034
senior-engineer-storage-services-388367,"Senior Engineer, Storage Services",Nscaleoperationsukltd,,False,Full Time,AI Infra Technology,1,2026-09-13,Arbeitnow,https://www.arbeitnow.co.uk/jobs/companies/nscaleoperationsukltd/senior-engineer-storage-services-388367
senior-cloud-native-platform-engineer-372837,Senior Cloud Native Platform Engineer,Nscaleoperationsukltd,,False,Full Time,AI Infra Product,1,2026-09-13,Arbeitnow,https://www.arbeitnow.co.uk/jobs/companies/nscaleoperationsukltd/senior-cloud-native-platform-engineer-372837
senior-architectural-technologist-wokingham-204897,Senior Architectural Technologist -  Wokingham,Nscaleoperationsukltd,,False,Full Time,Design EMEA,1,2026-09-13,Arbeitnow,https://www.arbeitnow.co.uk/jobs/companies/nscaleoperationsukltd/senior-architectural-technologist-wokingham-204897
senior-analyst-stock-operations-255507,"Senior Analyst, Stock Operations",Nscaleoperationsukltd,,False,Full Time,Reward,1,2026-09-13,Arbeitnow,https://www.arbeitnow.co.uk/jobs/companies/nscaleoperationsukltd/senior-analyst-stock-operations-255507
product-designer-102646,Product Designer,Nscaleoperationsukltd,,False,Full Time,AI Infra Product,1,2026-09-13,Arbeitnow,https://www.arbeitnow.co.uk/jobs/companies/nscaleoperationsukltd/product-designer-102646
principal-network-platform-lead-410553,Principal Network Platform Lead,Nscaleoperationsukltd,,False,Full Time,AI Infra Technology,1,2026-09-13,Arbeitnow,https://www.arbeitnow.co.uk/jobs/companies/nscaleoperationsukltd/principal-network-platform-lead-410553
principal-network-engineer-75392,Principal Network Engineer,Nscaleoperationsukltd,,False,Full Time,AI Infra Technology,1,2026-09-13,Arbeitnow,https://www.arbeitnow.co.uk/jobs/companies/nscaleoperationsukltd/principal-network-engineer-75392
principal-network-backbone-edge-lead-493999,Principal Network Backbone & Edge Lead,Nscaleoperationsukltd,,False,Full Time,AI Infra Technology,1,2026-09-13,Arbeitnow,https://www.arbeitnow.co.uk/jobs/companies/nscaleoperationsukltd/principal-network-backbone-edge-lead-493999
principal-backbone-edge-architect-99552,Principal Backbone & Edge Architect,Nscaleoperationsukltd,,False,Full Time,AI Infra Technology,1,2026-09-13,Arbeitnow,https://www.arbeitnow.co.uk/jobs/companies/nscaleoperationsukltd/principal-backbone-edge-architect-99552
director-customer-experience-and-engagement-182205,Director Customer Experience and Engagement,Nscaleoperationsukltd,,False,Full Time,Pre Sales & Customer Experience,1,2026-09-13,Arbeitnow,https://www.arbeitnow.co.uk/jobs/companies/nscaleoperationsukltd/director-customer-experience-and-engagement-182205
deployment-engineering-director-systems-engineering-222902,"Deployment Engineering Director, Systems Engineering",Nscaleoperationsukltd,,False,Full Time,AI Infra Deployment,1,2026-09-13,Arbeitnow,https://www.arbeitnow.co.uk/jobs/companies/nscaleoperationsukltd/deployment-engineering-director-systems-engineering-222902
commercial-manager-senior-commercial-manager-18233,Commercial Manager / Senior Commercial Manager,Nscaleoperationsukltd,,False,Full Time,Delivery EMEA,1,2026-09-13,Arbeitnow,https://www.arbeitnow.co.uk/jobs/companies/nscaleoperationsukltd/commercial-manager-senior-commercial-manager-18233
digital-marketing-graduate-associate-312895,Digital Marketing Graduate Associate,Theacademy,,False,Full Time,Academy,1,2026-09-13,Arbeitnow,https://www.arbeitnow.co.uk/jobs/companies/theacademy/digital-marketing-graduate-associate-312895
senior-product-manager-12-month-ftc-89002,Senior Product Manager - 12 Month FTC,Plos,,False,Full Time,Product Management,1,2026-09-13,Arbeitnow,https://www.arbeitnow.co.uk/jobs/companies/plos/senior-product-manager-12-month-ftc-89002
software-engineer-backend-java-london-109329,Software Engineer - Backend (Java),Legal Counsel - 12 month FTC at Rightmove Greenhouse,London,False,Full Time,Back-end,1,2026-09-13,Arbeitnow,https://www.arbeitnow.co.uk/jobs/companies/legal-counsel-12-month-ftc-at-rightmove-greenhouse/software-engineer-backend-java-london-109329
senior-strategy-manager-london-182929,Senior Strategy Manager,Legal Counsel - 12 month FTC at Rightmove Greenhouse,London,False,Full Time,Corporate Development & Strategy,1,2026-09-13,Arbeitnow,https://www.arbeitnow.co.uk/jobs/companies/legal-counsel-12-month-ftc-at-rightmove-greenhouse/senior-strategy-manager-london-182929
senior-software-engineer-i-frontend-london-459103,Senior Software Engineer I (Frontend),Legal Counsel - 12 month FTC at Rightmove Greenhouse,London,False,Full Time,Front-end,1,2026-09-13,Arbeitnow,https://www.arbeitnow.co.uk/jobs/companies/legal-counsel-12-month-ftc-at-rightmove-greenhouse/senior-software-engineer-i-frontend-london-459103
senior-software-engineer-i-backend-java-london-143501,Senior Software Engineer I - Backend (Java),Legal Counsel - 12 month FTC at Rightmove Greenhouse,London,False,Full Time,Back-end,1,2026-09-13,Arbeitnow,https://www.arbeitnow.co.uk/jobs/companies/legal-counsel-12-month-ftc-at-rightmove-greenhouse/senior-software-engineer-i-backend-java-london-143501
senior-data-engineer-ii-data-platform-london-143682,Senior Data Engineer II (Data Platform),Legal Counsel - 12 month FTC at Rightmove Greenhouse,London,False,Full Time,Data Engineering,1,2026-09-13,Arbeitnow,https://www.arbeitnow.co.uk/jobs/companies/legal-counsel-12-month-ftc-at-rightmove-greenhouse/senior-data-engineer-ii-data-platform-london-143682
specialiste-support-pilotage-et-comptabilite-teletravail-complet-possible-valence-54220,Spécialiste Support Pilotage et Comptabilité (Télétravail complet possible - Valence),Pennylane SAS,Valence,False,Full Time,Customer Success,1,2026-09-13,Arbeitnow,https://www.arbeitnow.fr/jobs/companies/pennylane-sas/specialiste-support-pilotage-et-comptabilite-teletravail-complet-possible-valence-54220
specialiste-support-pilotage-et-comptabilite-teletravail-complet-possible-orleans-309071,Spécialiste Support Pilotage et Comptabilité (Télétravail complet possible - Orléans),Pennylane SAS,Orléans,False,Full Time,Customer Success,1,2026-09-13,Arbeitnow,https://www.arbeitnow.fr/jobs/companies/pennylane-sas/specialiste-support-pilotage-et-comptabilite-teletravail-complet-possible-orleans-309071
specialiste-support-pilotage-et-comptabilite-teletravail-complet-possible-tours-349267,Spécialiste Support Pilotage et Comptabilité (Télétravail complet possible - Tours),Pennylane SAS,Tours,False,Full Time,Customer Success,1,2026-09-13,Arbeitnow,https://www.arbeitnow.fr/jobs/companies/pennylane-sas/specialiste-support-pilotage-et-comptabilite-teletravail-complet-possible-tours-349267
junior-technical-project-manager-sales-ops-paris-72483,Junior Technical Project Manager - Sales Ops,Pennylane SAS,Paris offices,False,Full Time,Strategy & Operations,1,2026-09-13,Arbeitnow,https://www.arbeitnow.fr/jobs/companies/pennylane-sas/junior-technical-project-manager-sales-ops-paris-72483
specialiste-support-pilotage-et-comptabilite-teletravail-complet-possible-troyes-335197,Spécialiste Support Pilotage et Comptabilité (Télétravail complet possible),Pennylane SAS,Troyes,False,Full Time,Customer Success,1,2026-09-13,Arbeitnow,https://www.arbeitnow.fr/jobs/companies/pennylane-sas/specialiste-support-pilotage-et-comptabilite-teletravail-complet-possible-troyes-335197
senior-legal-counsel-contracts-german-speaker-paris-85027,Senior Legal Counsel – Contracts (German speaker),Pennylane SAS,Paris,False,Full Time,G&A,1,2026-09-13,Arbeitnow,https://www.arbeitnow.fr/jobs/companies/pennylane-sas/senior-legal-counsel-contracts-german-speaker-paris-85027
specialiste-support-pilotage-et-comptabilite-teletravail-complet-possible-reims-115990,Spécialiste Support Pilotage et Comptabilité (Télétravail complet possible),Pennylane SAS,Reims,False,Full Time,Customer Success,1,2026-09-13,Arbeitnow,https://www.arbeitnow.fr/jobs/companies/pennylane-sas/specialiste-support-pilotage-et-comptabilite-teletravail-complet-possible-reims-115990
specialiste-support-pilotage-et-comptabilite-teletravail-complet-possible-nancy-474968,Spécialiste Support Pilotage et Comptabilité (Télétravail complet possible),Pennylane SAS,Nancy,False,Full Time,Customer Success,1,2026-09-13,Arbeitnow,https://www.arbeitnow.fr/jobs/companies/pennylane-sas/specialiste-support-pilotage-et-comptabilite-teletravail-complet-possible-nancy-474968
specialiste-support-pilotage-et-comptabilite-teletravail-complet-possible-colmar-478144,Spécialiste Support Pilotage et Comptabilité (Télétravail complet possible),Pennylane SAS,Colmar,False,Full Time,Customer Success,1,2026-09-13,Arbeitnow,https://www.arbeitnow.fr/jobs/companies/pennylane-sas/specialiste-support-pilotage-et-comptabilite-teletravail-complet-possible-colmar-478144
specialiste-support-pilotage-et-comptabilite-teletravail-complet-possible-metz-308832,Spécialiste Support Pilotage et Comptabilité (Télétravail complet possible),Pennylane SAS,Metz,False,Full Time,Customer Success,1,2026-09-13,Arbeitnow,https://www.arbeitnow.fr/jobs/companies/pennylane-sas/specialiste-support-pilotage-et-comptabilite-teletravail-complet-possible-metz-308832
specialiste-support-pilotage-et-comptabilite-teletravail-complet-possible-mulhouse-98699,Spécialiste Support Pilotage et Comptabilité (Télétravail complet possible),Pennylane SAS,Mulhouse,False,Full Time,Customer Success,1,2026-09-13,Arbeitnow,https://www.arbeitnow.fr/jobs/companies/pennylane-sas/specialiste-support-pilotage-et-comptabilite-teletravail-complet-possible-mulhouse-98699
specialiste-support-comptable-teletravail-complet-possible-depuis-quimper-114400,Spécialiste Support Comptable (Télétravail complet possible depuis Quimper),Pennylane SAS,Quimper,False,Full Time,Customer Success,1,2026-09-13,Arbeitnow,https://www.arbeitnow.fr/jobs/companies/pennylane-sas/specialiste-support-comptable-teletravail-complet-possible-depuis-quimper-114400
specialiste-support-comptable-teletravail-complet-possible-depuis-lorient-263076,Spécialiste Support Comptable (Télétravail complet possible depuis Lorient),Pennylane SAS,Lorient,False,Full Time,Customer Success,1,2026-09-13,Arbeitnow,https://www.arbeitnow.fr/jobs/companies/pennylane-sas/specialiste-support-comptable-teletravail-complet-possible-depuis-lorient-263076
specialiste-support-comptable-teletravail-complet-possible-depuis-brest-20029,Spécialiste Support Comptable (Télétravail complet possible depuis Brest),Pennylane SAS,Brest,False,Full Time,Customer Success,1,2026-09-13,Arbeitnow,https://www.arbeitnow.fr/jobs/companies/pennylane-sas/specialiste-support-comptable-teletravail-complet-possible-depuis-brest-20029
specialiste-support-comptable-teletravail-complet-possible-depuis-nantes-370233,Spécialiste Support Comptable (Télétravail complet possible depuis Nantes),Pennylane SAS,Nantes,False,Full Time,Customer Success,1,2026-09-13,Arbeitnow,https://www.arbeitnow.fr/jobs/companies/pennylane-sas/specialiste-support-comptable-teletravail-complet-possible-depuis-nantes-370233
specialiste-support-comptable-teletravail-complet-possible-depuis-saint-brieuc-349021,Spécialiste Support Comptable (Télétravail complet possible depuis Saint Brieuc),Pennylane SAS,Saint Brieuc,False,Full Time,Customer Success,1,2026-09-13,Arbeitnow,https://www.arbeitnow.fr/jobs/companies/pennylane-sas/specialiste-support-comptable-teletravail-complet-possible-depuis-saint-brieuc-349021
specialiste-support-pilotage-et-comptabilite-teletravail-complet-possible-depuis-lamballe-111033,Spécialiste Support Pilotage et Comptabilité (Télétravail complet possible depuis Lamballe),Pennylane SAS,Lamballe,False,Full Time,Customer Success,1,2026-09-13,Arbeitnow,https://www.arbeitnow.fr/jobs/companies/pennylane-sas/specialiste-support-pilotage-et-comptabilite-teletravail-complet-possible-depuis-lamballe-111033
specialiste-support-pilotage-et-comptabilite-teletravail-complet-possible-depuis-lannion-441264,Spécialiste Support Pilotage et Comptabilité (Télétravail complet possible depuis Lannion),Pennylane SAS,Lannion,False,Full Time,Customer Success,1,2026-09-13,Arbeitnow,https://www.arbeitnow.fr/jobs/companies/pennylane-sas/specialiste-support-pilotage-et-comptabilite-teletravail-complet-possible-depuis-lannion-441264
specialiste-support-pilotage-et-comptabilite-teletravail-complet-possible-saint-malo-43779,Spécialiste Support Pilotage et Comptabilité (Télétravail complet possible - Saint-Malo),Pennylane SAS,Saint-Malo,False,Full Time,Customer Success,1,2026-09-13,Arbeitnow,https://www.arbeitnow.fr/jobs/companies/pennylane-sas/specialiste-support-pilotage-et-comptabilite-teletravail-complet-possible-saint-malo-43779
specialiste-support-pilotage-et-comptabilite-teletravail-complet-possible-loudeac-140437,Spécialiste Support Pilotage et Comptabilité (Télétravail complet possible - Loudéac),Pennylane SAS,Loudéac,False,Full Time,Customer Success,1,2026-09-13,Arbeitnow,https://www.arbeitnow.fr/jobs/companies/pennylane-sas/specialiste-support-pilotage-et-comptabilite-teletravail-complet-possible-loudeac-140437
specialiste-support-pilotage-et-comptabilite-teletravail-complet-possible-laval-210676,Spécialiste Support Pilotage et Comptabilité (Télétravail complet possible - Laval),Pennylane SAS,Laval,False,Full Time,Customer Success,1,2026-09-13,Arbeitnow,https://www.arbeitnow.fr/jobs/companies/pennylane-sas/specialiste-support-pilotage-et-comptabilite-teletravail-complet-possible-laval-210676
specialiste-support-pilotage-et-comptabilite-teletravail-complet-possible-depuis-paimpol-240351,Spécialiste Support Pilotage et Comptabilité (Télétravail complet possible depuis Paimpol),Pennylane SAS,Paimpol,False,Full Time,Customer Success,1,2026-09-13,Arbeitnow,https://www.arbeitnow.fr/jobs/companies/pennylane-sas/specialiste-support-pilotage-et-comptabilite-teletravail-complet-possible-depuis-paimpol-240351
specialiste-support-pilotage-et-comptabilite-teletravail-complet-possible-morlaix-16265,Spécialiste Support Pilotage et Comptabilité (Télétravail complet possible - Morlaix),Pennylane SAS,Morlaix,False,Full Time,Customer Success,1,2026-09-13,Arbeitnow,https://www.arbeitnow.fr/jobs/companies/pennylane-sas/specialiste-support-pilotage-et-comptabilite-teletravail-complet-possible-morlaix-16265
specialiste-support-comptable-teletravail-complet-possible-depuis-rennes-476827,Spécialiste Support Comptable (Télétravail complet possible depuis Rennes),Pennylane SAS,Rennes,False,Full Time,Customer Success,1,2026-09-13,Arbeitnow,https://www.arbeitnow.fr/jobs/companies/pennylane-sas/specialiste-support-comptable-teletravail-complet-possible-depuis-rennes-476827
specialiste-support-pilotage-et-comptabilite-teletravail-complet-possible-st-nazaire-saint-nazaire-91771,Spécialiste Support Pilotage et Comptabilité (Télétravail complet possible - St Nazaire),Pennylane SAS,Saint-Nazaire,False,Full Time,Customer Success,1,2026-09-13,Arbeitnow,https://www.arbeitnow.fr/jobs/companies/pennylane-sas/specialiste-support-pilotage-et-comptabilite-teletravail-complet-possible-st-nazaire-saint-nazaire-91771
specialiste-support-pilotage-et-comptabilite-teletravail-complet-possible-nantes-371743,Spécialiste Support Pilotage et Comptabilité (Télétravail complet possible - Nantes),Pennylane SAS,Nantes,False,Full Time,Customer Success,1,2026-09-13,Arbeitnow,https://www.arbeitnow.fr/jobs/companies/pennylane-sas/specialiste-support-pilotage-et-comptabilite-teletravail-complet-possible-nantes-371743
specialiste-support-pilotage-et-comptabilite-teletravail-complet-possible-angers-446805,Spécialiste Support Pilotage et Comptabilité (Télétravail complet possible - Angers),Pennylane SAS,Angers,False,Full Time,Customer Success,1,2026-09-13,Arbeitnow,https://www.arbeitnow.fr/jobs/companies/pennylane-sas/specialiste-support-pilotage-et-comptabilite-teletravail-complet-possible-angers-446805
specialiste-support-pilotage-et-comptabilite-la-roche-sur-yon-la-roche-sur-yon-274543,Spécialiste Support Pilotage et Comptabilité (La  Roche-sur-Yon),Pennylane SAS,La Roche-sur-Yon,False,Full Time,Customer Success,1,2026-09-13,Arbeitnow,https://www.arbeitnow.fr/jobs/companies/pennylane-sas/specialiste-support-pilotage-et-comptabilite-la-roche-sur-yon-la-roche-sur-yon-274543
specialiste-support-pilotage-et-comptabilite-teletravail-complet-possible-le-mans-481369,Spécialiste Support Pilotage et Comptabilité (Télétravail complet possible - Le Mans),Pennylane SAS,Le Mans,False,Full Time,Customer Success,1,2026-09-13,Arbeitnow,https://www.arbeitnow.fr/jobs/companies/pennylane-sas/specialiste-support-pilotage-et-comptabilite-teletravail-complet-possible-le-mans-481369
specialiste-support-pilotage-et-comptabilite-teletravail-complet-possible-saint-herblain-157496,Spécialiste Support Pilotage et Comptabilité (Télétravail complet possible - Saint-Herblain),Pennylane SAS,Saint-Herblain,False,Full Time,Customer Success,1,2026-09-13,Arbeitnow,https://www.arbeitnow.fr/jobs/companies/pennylane-sas/specialiste-support-pilotage-et-comptabilite-teletravail-complet-possible-saint-herblain-157496
specialiste-support-pilotage-et-comptabilite-teletravail-complet-possible-cholet-32503,Spécialiste Support Pilotage et Comptabilité (Télétravail complet possible - Cholet),Pennylane SAS,Cholet,False,Full Time,Customer Success,1,2026-09-13,Arbeitnow,https://www.arbeitnow.fr/jobs/companies/pennylane-sas/specialiste-support-pilotage-et-comptabilite-teletravail-complet-possible-cholet-32503
specialiste-support-pilotage-et-comptabilite-teletravail-complet-possible-orvault-47772,Spécialiste Support Pilotage et Comptabilité (Télétravail complet possible - Orvault),Pennylane SAS,Orvault,False,Full Time,Customer Success,1,2026-09-13,Arbeitnow,https://www.arbeitnow.fr/jobs/companies/pennylane-sas/specialiste-support-pilotage-et-comptabilite-teletravail-complet-possible-orvault-47772
specialiste-support-pilotage-et-comptabilite-teletravail-complet-possible-les-sables-dolonne-43922,Spécialiste Support Pilotage et Comptabilité (Télétravail complet possible - Les Sables-d’Olonne),Pennylane SAS,Les Sables-d’Olonne,False,Full Time,Customer Success,1,2026-09-13,Arbeitnow,https://www.arbeitnow.fr/jobs/companies/pennylane-sas/specialiste-support-pilotage-et-comptabilite-teletravail-complet-possible-les-sables-dolonne-43922
specialiste-support-pilotage-et-comptabilite-teletravail-complet-possible-reze-460518,Spécialiste Support Pilotage et Comptabilité (Télétravail complet possible - Rezé),Pennylane SAS,Rezé,False,Full Time,Customer Success,1,2026-09-13,Arbeitnow,https://www.arbeitnow.fr/jobs/companies/pennylane-sas/specialiste-support-pilotage-et-comptabilite-teletravail-complet-possible-reze-460518
specialiste-support-pilotage-et-comptabilite-teletravail-complet-possible-saint-nazaire-149710,Spécialiste Support Pilotage et Comptabilité (Télétravail complet possible - Saint-Nazaire),Pennylane SAS,Saint-Nazaire,False,Full Time,Customer Success,1,2026-09-13,Arbeitnow,https://www.arbeitnow.fr/jobs/companies/pennylane-sas/specialiste-support-pilotage-et-comptabilite-teletravail-complet-possible-saint-nazaire-149710
specialiste-support-pilotage-et-comptabilite-teletravail-complet-possible-vertou-163578,Spécialiste Support Pilotage et Comptabilité (Télétravail complet possible - Vertou),Pennylane SAS,Vertou,False,Full Time,Customer Success,1,2026-09-13,Arbeitnow,https://www.arbeitnow.fr/jobs/companies/pennylane-sas/specialiste-support-pilotage-et-comptabilite-teletravail-complet-possible-vertou-163578
specialiste-support-pilotage-et-comptabilite-teletravail-complet-possible-challans-190157,Spécialiste Support Pilotage et Comptabilité (Télétravail complet possible - Challans),Pennylane SAS,Challans,False,Full Time,Customer Success,1,2026-09-13,Arbeitnow,https://www.arbeitnow.fr/jobs/companies/pennylane-sas/specialiste-support-pilotage-et-comptabilite-teletravail-complet-possible-challans-190157
specialiste-support-pilotage-et-comptabilite-teletravail-complet-possible-pornic-356493,Spécialiste Support Pilotage et Comptabilité (Télétravail complet possible - Pornic),Pennylane SAS,Pornic,False,Full Time,Customer Success,1,2026-09-13,Arbeitnow,https://www.arbeitnow.fr/jobs/companies/pennylane-sas/specialiste-support-pilotage-et-comptabilite-teletravail-complet-possible-pornic-356493
specialiste-support-comptable-teletravail-complet-possible-depuis-vannes-139790,Spécialiste Support Comptable (Télétravail complet possible depuis Vannes),Pennylane SAS,Vannes,False,Full Time,Customer Success,1,2026-09-13,Arbeitnow,https://www.arbeitnow.fr/jobs/companies/pennylane-sas/specialiste-support-comptable-teletravail-complet-possible-depuis-vannes-139790
chief-of-staff-paris-14794,Chief of Staff,Pennylane SAS,Paris,False,Full Time,Strategy & Operations,1,2026-09-13,Arbeitnow,https://www.arbeitnow.fr/jobs/companies/pennylane-sas/chief-of-staff-paris-14794
specialiste-support-pilotage-et-comptabilite-teletravail-complet-possible-strasbourg-8009,Spécialiste Support Pilotage et Comptabilité (Télétravail complet possible),Pennylane SAS,Strasbourg,False,Full Time,Customer Success,1,2026-09-13,Arbeitnow,https://www.arbeitnow.fr/jobs/companies/pennylane-sas/specialiste-support-pilotage-et-comptabilite-teletravail-complet-possible-strasbourg-8009
specialiste-support-comptable-teletravail-complet-possible-depuis-boulogne-sur-mer-51527,Spécialiste Support Comptable (Télétravail complet possible depuis Boulogne-sur-Mer),Pennylane SAS,Boulogne-sur-Mer,False,Full Time,Customer Success,1,2026-09-13,Arbeitnow,https://www.arbeitnow.fr/jobs/companies/pennylane-sas/specialiste-support-comptable-teletravail-complet-possible-depuis-boulogne-sur-mer-51527
specialiste-support-comptable-teletravail-complet-possible-depuis-dunkerque-11447,Spécialiste Support Comptable (Télétravail complet possible depuis Dunkerque),Pennylane SAS,Dunkerque,False,Full Time,Customer Success,1,2026-09-13,Arbeitnow,https://www.arbeitnow.fr/jobs/companies/pennylane-sas/specialiste-support-comptable-teletravail-complet-possible-depuis-dunkerque-11447
specialiste-support-comptable-teletravail-complet-possible-depuis-beauvais-93456,Spécialiste Support Comptable (Télétravail complet possible depuis Beauvais),Pennylane SAS,Beauvais,False,Full Time,Customer Success,1,2026-09-13,Arbeitnow,https://www.arbeitnow.fr/jobs/companies/pennylane-sas/specialiste-support-comptable-teletravail-complet-possible-depuis-beauvais-93456
specialiste-support-pilotage-et-comptabilite-teletravail-complet-possible-toulouse-152719,Spécialiste Support Pilotage et Comptabilité (Télétravail complet possible - Toulouse),Pennylane SAS,Toulouse,False,Full Time,Customer Success,1,2026-09-13,Arbeitnow,https://www.arbeitnow.fr/jobs/companies/pennylane-sas/specialiste-support-pilotage-et-comptabilite-teletravail-complet-possible-toulouse-152719
senior-legal-counsel-contracts-german-speaker-metz-344275,Senior Legal Counsel – Contracts (German speaker),Pennylane SAS,Metz,False,Full Time,G&A,1,2026-09-13,Arbeitnow,https://www.arbeitnow.fr/jobs/companies/pennylane-sas/senior-legal-counsel-contracts-german-speaker-metz-344275
senior-legal-counsel-contracts-german-speaker-colmar-487631,Senior Legal Counsel – Contracts (German speaker),Pennylane SAS,Colmar,False,Full Time,G&A,1,2026-09-13,Arbeitnow,https://www.arbeitnow.fr/jobs/companies/pennylane-sas/senior-legal-counsel-contracts-german-speaker-colmar-487631
specialiste-support-comptable-teletravail-complet-possible-depuis-amiens-437345,Spécialiste Support Comptable (Télétravail complet possible depuis Amiens),Pennylane SAS,Amiens,False,Full Time,Customer Success,1,2026-09-13,Arbeitnow,https://www.arbeitnow.fr/jobs/companies/pennylane-sas/specialiste-support-comptable-teletravail-complet-possible-depuis-amiens-437345
specialiste-support-comptable-teletravail-complet-possible-depuis-lille-174261,Spécialiste Support Comptable (Télétravail complet possible depuis Lille),Pennylane SAS,Lille,False,Full Time,Customer Success,1,2026-09-13,Arbeitnow,https://www.arbeitnow.fr/jobs/companies/pennylane-sas/specialiste-support-comptable-teletravail-complet-possible-depuis-lille-174261
specialiste-support-pilotage-et-comptabilite-teletravail-complet-possible-limousin-dordogne-lot-et-garonne-limoges-318126,Spécialiste Support Pilotage et Comptabilité (Télétravail complet possible - Limousin / Dordogne / Lot-et-Garonne),Pennylane SAS,Limoges,False,Full Time,Customer Success,1,2026-09-13,Arbeitnow,https://www.arbeitnow.fr/jobs/companies/pennylane-sas/specialiste-support-pilotage-et-comptabilite-teletravail-complet-possible-limousin-dordogne-lot-et-garonne-limoges-318126
specialiste-support-pilotage-et-comptabilite-teletravail-complet-possible-charente-charente-maritime-deux-sevres-la-rochelle-202402,Spécialiste Support Pilotage et Comptabilité (Télétravail complet possible - Charente / Charente-Maritime / Deux-Sèvres),Pennylane SAS,La Rochelle,False,Full Time,Customer Success,1,2026-09-13,Arbeitnow,https://www.arbeitnow.fr/jobs/companies/pennylane-sas/specialiste-support-pilotage-et-comptabilite-teletravail-complet-possible-charente-charente-maritime-deux-sevres-la-rochelle-202402
specialiste-support-comptable-teletravail-complet-possible-depuis-caen-496282,Spécialiste Support Comptable (Télétravail complet possible depuis Caen),Pennylane SAS,Caen,False,Full Time,Customer Success,1,2026-09-13,Arbeitnow,https://www.arbeitnow.fr/jobs/companies/pennylane-sas/specialiste-support-comptable-teletravail-complet-possible-depuis-caen-496282
specialiste-support-comptable-teletravail-complet-possible-depuis-rouen-356297,Spécialiste Support Comptable (Télétravail complet possible depuis Rouen),Pennylane SAS,Rouen,False,Full Time,Customer Success,1,2026-09-13,Arbeitnow,https://www.arbeitnow.fr/jobs/companies/pennylane-sas/specialiste-support-comptable-teletravail-complet-possible-depuis-rouen-356297
specialiste-support-comptable-teletravail-complet-possible-depuis-lens-159684,Spécialiste Support Comptable (Télétravail complet possible depuis Lens),Pennylane SAS,Lens,False,Full Time,Customer Success,1,2026-09-13,Arbeitnow,https://www.arbeitnow.fr/jobs/companies/pennylane-sas/specialiste-support-comptable-teletravail-complet-possible-depuis-lens-159684
specialiste-support-comptable-teletravail-complet-possible-depuis-le-havre-67269,Spécialiste Support Comptable (Télétravail complet possible depuis Le Havre),Pennylane SAS,Le Havre,False,Full Time,Customer Success,1,2026-09-13,Arbeitnow,https://www.arbeitnow.fr/jobs/companies/pennylane-sas/specialiste-support-comptable-teletravail-complet-possible-depuis-le-havre-67269
specialiste-support-pilotage-et-comptabilite-teletravail-complet-possible-pays-basque-bearn-bayonne-404625,Spécialiste Support Pilotage et Comptabilité (Télétravail complet possible - Pays Basque & Béarn),Pennylane SAS,Bayonne,False,Full Time,Customer Success,1,2026-09-13,Arbeitnow,https://www.arbeitnow.fr/jobs/companies/pennylane-sas/specialiste-support-pilotage-et-comptabilite-teletravail-complet-possible-pays-basque-bearn-bayonne-404625
specialiste-support-pilotage-et-comptabilite-teletravail-complet-possible-bordeaux-gironde-250590,Spécialiste Support Pilotage et Comptabilité (Télétravail complet possible - Bordeaux & Gironde),Pennylane SAS,Bordeaux,False,Full Time,Customer Success,1,2026-09-13,Arbeitnow,https://www.arbeitnow.fr/jobs/companies/pennylane-sas/specialiste-support-pilotage-et-comptabilite-teletravail-complet-possible-bordeaux-gironde-250590
senior-legal-counsel-contracts-german-speaker-lyon-312619,Senior Legal Counsel – Contracts (German speaker),Pennylane SAS,Lyon,False,Full Time,G&A,1,2026-09-13,Arbeitnow,https://www.arbeitnow.fr/jobs/companies/pennylane-sas/senior-legal-counsel-contracts-german-speaker-lyon-312619
senior-legal-counsel-contracts-german-speaker-lille-276749,Senior Legal Counsel – Contracts (German speaker),Pennylane SAS,Lille,False,Full Time,G&A,1,2026-09-13,Arbeitnow,https://www.arbeitnow.fr/jobs/companies/pennylane-sas/senior-legal-counsel-contracts-german-speaker-lille-276749
senior-legal-counsel-contracts-german-speaker-strasbourg-458232,Senior Legal Counsel – Contracts (German speaker),Pennylane SAS,Strasbourg,False,Full Time,G&A,1,2026-09-13,Arbeitnow,https://www.arbeitnow.fr/jobs/companies/pennylane-sas/senior-legal-counsel-contracts-german-speaker-strasbourg-458232
workplace-onboarding-specialist-paris-281747,Workplace & Onboarding Specialist,Pennylane SAS,Paris offices,False,Full Time,People,1,2026-09-13,Arbeitnow,https://www.arbeitnow.fr/jobs/companies/pennylane-sas/workplace-onboarding-specialist-paris-281747
specialiste-support-pilotage-et-comptabilite-teletravail-complet-paca-marseille-461715,Spécialiste Support Pilotage et Comptabilité (Télétravail complet - PACA),Pennylane SAS,Marseille,False,Full Time,Customer Success,1,2026-09-13,Arbeitnow,https://www.arbeitnow.fr/jobs/companies/pennylane-sas/specialiste-support-pilotage-et-comptabilite-teletravail-complet-paca-marseille-461715
specialiste-support-pilotage-et-comptabilite-teletravail-complet-possible-antibes-335487,Spécialiste Support Pilotage et Comptabilité (Télétravail complet possible - Antibes),Pennylane SAS,Antibes,False,Full Time,Customer Success,1,2026-09-13,Arbeitnow,https://www.arbeitnow.fr/jobs/companies/pennylane-sas/specialiste-support-pilotage-et-comptabilite-teletravail-complet-possible-antibes-335487
specialiste-support-pilotage-et-comptabilite-teletravail-complet-possible-bourg-en-bresse-359860,Spécialiste Support Pilotage et Comptabilité (Télétravail complet possible - Bourg en Bresse),Pennylane SAS,Bourg en Bresse,False,Full Time,Customer Success,1,2026-09-13,Arbeitnow,https://www.arbeitnow.fr/jobs/companies/pennylane-sas/specialiste-support-pilotage-et-comptabilite-teletravail-complet-possible-bourg-en-bresse-359860
specialiste-support-pilotage-et-comptabilite-teletravail-complet-possible-chambery-245157,Spécialiste Support Pilotage et Comptabilité (Télétravail complet possible - Chambéry),Pennylane SAS,Chambéry,False,Full Time,Customer Success,1,2026-09-13,Arbeitnow,https://www.arbeitnow.fr/jobs/companies/pennylane-sas/specialiste-support-pilotage-et-comptabilite-teletravail-complet-possible-chambery-245157
lead-kyb-paris-250135,Lead KYB,Pennylane SAS,Paris offices,False,Full Time,Financial Services,1,2026-09-13,Arbeitnow,https://www.arbeitnow.fr/jobs/companies/pennylane-sas/lead-kyb-paris-250135
head-of-tech-partnerships-paris-496480,Head of Tech Partnerships,Pennylane SAS,All France (remote),False,Full Time,Product,1,2026-09-13,Arbeitnow,https://www.arbeitnow.fr/jobs/companies/pennylane-sas/head-of-tech-partnerships-paris-496480
lead-payops-paris-488763,Lead PayOps,Pennylane SAS,Paris offices,False,Full Time,Financial Services,1,2026-09-13,Arbeitnow,https://www.arbeitnow.fr/jobs/companies/pennylane-sas/lead-payops-paris-488763
responsable-onboarding-comptable-paris-320613,Responsable Onboarding Comptable,Pennylane SAS,All France (remote),False,Full Time,Partner Success - Cabinets comptable,1,2026-09-13,Arbeitnow,https://www.arbeitnow.fr/jobs/companies/pennylane-sas/responsable-onboarding-comptable-paris-320613
support-technique-h-f-paris-434433,Support Technique H/F,Pennylane SAS,All France (remote),False,Full Time,Customer Success,1,2026-09-13,Arbeitnow,https://www.arbeitnow.fr/jobs/companies/pennylane-sas/support-technique-h-f-paris-434433
team-lead-website-paris-411300,Team Lead Website,Pennylane SAS,Paris offices,False,Full Time,Marketing,1,2026-09-13,Arbeitnow,https://www.arbeitnow.fr/jobs/companies/pennylane-sas/team-lead-website-paris-411300
strategic-project-manager-paris-211197,Strategic Project Manager,Pennylane SAS,Paris,False,Full Time,Strategy & Operations,1,2026-09-13,Arbeitnow,https://www.arbeitnow.fr/jobs/companies/pennylane-sas/strategic-project-manager-paris-211197
technical-support-engineer-w-m-paris-179379,Technical Support Engineer W/M,Pennylane SAS,All France (remote),False,Full Time,Customer Success,1,2026-09-13,Arbeitnow,https://www.arbeitnow.fr/jobs/companies/pennylane-sas/technical-support-engineer-w-m-paris-179379
strategy-operations-office-of-the-cto-paris-429307,Strategy & Operations - Office of the CTO,Pennylane SAS,Paris,False,Full Time,Strategy & Operations,1,2026-09-13,Arbeitnow,https://www.arbeitnow.fr/jobs/companies/pennylane-sas/strategy-operations-office-of-the-cto-paris-429307
presales-enablement-specialist-paris-69093,Présales & Enablement Specialist,Pennylane SAS,All France (remote),False,Full Time,Sales,1,2026-09-13,Arbeitnow,https://www.arbeitnow.fr/jobs/companies/pennylane-sas/presales-enablement-specialist-paris-69093
senior-key-account-manager-automotive-climate-tech-startup-munich-111643,(Senior) Key Account Manager - Automotive | Climate Tech startup,Carbmee,Munich,False,"Experienced, Permanent, Full time","KAM, Automotive, Key Account Manager, SaaS, Sales, AE, Account Executive",7,2026-09-13,Arbeitnow,https://www.arbeitnow.com/jobs/companies/carbmee/senior-key-account-manager-automotive-climate-tech-startup-munich-111643
senior-consultant-sustainability-advisory-climate-tech-startup-munich-99268,(Senior) Consultant Sustainability Advisory | Climate Tech startup,Carbmee,Munich,False,"Experienced, Permanent, Full time",,0,2026-09-13,Arbeitnow,https://www.arbeitnow.com/jobs/companies/carbmee/senior-consultant-sustainability-advisory-climate-tech-startup-munich-99268
director-strategic-operations-frankfurt-am-main-hybrid-21052,Director Strategic Operations (m/f/d),Matrix42,Frankfurt am Main - Hybrid,False,"Executive, Permanent, Full time","Strategy, Business, ITSM, Intelligence, Digital Transformation, Consultancy, Management",7,2026-09-13,Arbeitnow,https://www.arbeitnow.com/jobs/companies/matrix42/director-strategic-operations-frankfurt-am-main-hybrid-21052
remote-senior-manager-clinical-operations-clinical-process-owner-27828,"Senior Manager, Clinical Operations - Clinical Process Owner",Precisionmedicinegroup,Remote,True,Full Time,Clinical Solutions,1,2026-09-13,Arbeitnow,https://www.arbeitnow.com/jobs/companies/precisionmedicinegroup/remote-senior-manager-clinical-operations-clinical-process-owner-27828
corporate-security-engineer-berlin-149078,Corporate Security Engineer,Superhuman,Hub - Berlin,False,Full Time,"Engineering, Product, Design, and Marketing",4,2026-09-13,Arbeitnow,https://www.arbeitnow.com/jobs/companies/superhuman/corporate-security-engineer-berlin-149078
founding-backend-engineergo-berlin-147504,Founding Backend Engineer(Go),TechBiz Global GmbH,"Berlin, Berlin, Germany",False,"Experienced, fulltime permanent",Engineering,1,2026-09-13,Arbeitnow,https://www.arbeitnow.com/jobs/companies/techbiz-global-gmbh/founding-backend-engineergo-berlin-147504
founding-engineering-team-lead-handson-berlin-428948,Founding Engineering Team Lead (HandsOn),TechBiz Global GmbH,"Berlin, Berlin, Germany",False,"Experienced, fulltime fixed term",Engineering,1,2026-09-13,Arbeitnow,https://www.arbeitnow.com/jobs/companies/techbiz-global-gmbh/founding-engineering-team-lead-handson-berlin-428948
account-executive-berlin-312542,Account Executive,TechBiz Global GmbH,"Berlin, Berlin, Germany",False,"Mid, parttime permanent",Sales,1,2026-09-13,Arbeitnow,https://www.arbeitnow.com/jobs/companies/techbiz-global-gmbh/account-executive-berlin-312542
senior-accountant-erp-digitalisierung-hannover-36602,Senior Accountant ERP & Digitalisierung (m/w/d),ANGEHEUERT GmbH,"Hannover, Sachsen, Deutschland",False,"Mid, fulltime permanent",,0,2026-09-13,Arbeitnow,https://www.arbeitnow.com/jobs/companies/angeheuert-gmbh/senior-accountant-erp-digitalisierung-hannover-36602
senior-accountant-erp-digitalisierung-dynamics-365-braunschweig-90749,Senior Accountant ERP & Digitalisierung (m/w/d) Dynamics 365,ANGEHEUERT GmbH,"Braunschweig, Niedersachsen, Deutschland",False,"Mid, fulltime permanent",,0,2026-09-13,Arbeitnow,https://www.arbeitnow.com/jobs/companies/angeheuert-gmbh/senior-accountant-erp-digitalisierung-dynamics-365-braunschweig-90749
senior-accountant-erp-digitalisierung-dynamics-365-bielefeld-389061,Senior Accountant ERP & Digitalisierung (m/w/d) Dynamics 365,ANGEHEUERT GmbH,"Bielefeld, Nordrhein-Westfalen, Deutschland",False,"Mid, fulltime permanent",,0,2026-09-13,Arbeitnow,https://www.arbeitnow.com/jobs/companies/angeheuert-gmbh/senior-accountant-erp-digitalisierung-dynamics-365-bielefeld-389061
senior-accountant-erp-digitalisierung-dynamics-365-hildesheim-100178,Senior Accountant ERP & Digitalisierung (m/w/d) Dynamics 365,ANGEHEUERT GmbH,"Hildesheim, Niedersachsen, Deutschland",False,"Mid, fulltime permanent",,0,2026-09-13,Arbeitnow,https://www.arbeitnow.com/jobs/companies/angeheuert-gmbh/senior-accountant-erp-digitalisierung-dynamics-365-hildesheim-100178
freelance-senior-product-manager-product-consultant-abrechnung-erp-remote-berlin-489009,Freelance Senior Product Manager / Product Consultant (w/m/d) – Abrechnung & ERP | Remote,Arsipa GmbH,Homeoffice,True,"Mid, fulltime permanent","Arsipa GmbH, Remote",2,2026-09-13,Arbeitnow,https://www.arbeitnow.com/jobs/companies/arsipa-gmbh/freelance-senior-product-manager-product-consultant-abrechnung-erp-remote-berlin-489009
full-stack-software-developer-e-health-x-berlin-168459,Full Stack Software Developer E-Health (f/m/d/x),Doc Cirrus Gmbh,Berlin,False,"Experienced, Permanent, Full time","javascript, node.js, scrum, code, ehealth, informatics, Full Stack Development",7,2026-09-13,Arbeitnow,https://www.arbeitnow.com/jobs/companies/doc-cirrus-gmbh/full-stack-software-developer-e-health-x-berlin-168459
senior-finance-accounting-manager-bunch-capital-berlin-77348,(Senior) Finance & Accounting Manager (f/m/d) – bunch capital,Moore TK,Berlin,False,"Experienced, Permanent, Full time",,0,2026-09-13,Arbeitnow,https://www.arbeitnow.com/jobs/companies/moore-tk/senior-finance-accounting-manager-bunch-capital-berlin-77348
working-student-brand-ambassador-hamburg-235350,Working Student Brand Ambassador (m/f/d),Infiniteroots,Hamburg,False,"Student, Working student, Part time","marketing, brand ambassador, tastings, brand marketing",4,2026-09-13,Arbeitnow,https://www.arbeitnow.com/jobs/companies/infiniteroots/working-student-brand-ambassador-hamburg-235350
associate-product-owner-berlin-381022,Associate Product Owner,Glassdollar,Berlin,False,"Experienced, Permanent, Full time","Product Owner, Backlog Management, PRD, API, B2B SaaS, Technical Product Owner, Scoping, Stakeholder Management, Specs",9,2026-09-13,Arbeitnow,https://www.arbeitnow.com/jobs/companies/glassdollar/associate-product-owner-berlin-381022
senior-sales-managerin-brand-performance-advertising-berlin-245219,Senior Sales Manager:in Brand & Performance Advertising (m/w/d),Good Hood Gmbh,Berlin,False,"Experienced, Permanent, Full time",,0,2026-09-13,Arbeitnow,https://www.arbeitnow.com/jobs/companies/good-hood-gmbh/senior-sales-managerin-brand-performance-advertising-berlin-245219
senior-crm-managerin-berlin-418834,(Senior) CRM Manager:in (m/f/d),Good Hood Gmbh,Berlin,False,"Experienced, Permanent, Full time",,0,2026-09-13,Arbeitnow,https://www.arbeitnow.com/jobs/companies/good-hood-gmbh/senior-crm-managerin-berlin-418834
product-manager-parental-leave-cover-berlin-57421,Product Manager (parental leave cover),Tandem,Berlin,False,"Experienced, Temporary, Full time",,0,2026-09-13,Arbeitnow,https://www.arbeitnow.com/jobs/companies/tandem/product-manager-parental-leave-cover-berlin-57421
werkstudent-im-marketing-mainz-84491,Werkstudent im Marketing m/w/d,Vp Verbund Pflegehilfe Gmbh,Mainz,False,"Entry, Working student, Part time",,0,2026-09-13,Arbeitnow,https://www.arbeitnow.com/jobs/companies/vp-verbund-pflegehilfe-gmbh/werkstudent-im-marketing-mainz-84491
senior-software-engineer-mainz-446123,Senior Software Engineer (m/f/d),Vp Verbund Pflegehilfe Gmbh,Mainz,False,"Experienced, Permanent, Full time",,0,2026-09-13,Arbeitnow,https://www.arbeitnow.com/jobs/companies/vp-verbund-pflegehilfe-gmbh/senior-software-engineer-mainz-446123
werkstudent-in-der-probenregistrierung-berlin-202218,Werkstudent (m/w/d) in der Probenregistrierung,Tentamus,Berlin,False,"Student, Intern, Full or part time",,0,2026-09-13,Arbeitnow,https://www.arbeitnow.com/jobs/companies/tentamus/werkstudent-in-der-probenregistrierung-berlin-202218
praktikant-lean-management-operational-excellence-berlin-433588,Praktikant (m/w/d) Lean Management / Operational Excellence,Tentamus,Berlin,False,"Student, Intern, Full time",,0,2026-09-13,Arbeitnow,https://www.arbeitnow.com/jobs/companies/tentamus/praktikant-lean-management-operational-excellence-berlin-433588
senior-sales-manager-ryze-digital-holding-gmbh-mainz-182892,(Senior) Sales Manager (m/w/d),Ryze Digital,RYZE Digital Holding GmbH Mainz,False,"Experienced, Permanent, Full time","Verkauf, Vertrieb, B2B, Akquise, HubSpot, Kundenkontakt, Provision, Sale, Kunden, Mediaagentur, Digitalagentur, Marketingagentur, Marketing, Agentur, Mainz, RYZE, Electronic Minds, CCR, Cross-Selling, CRM, Beratung",21,2026-09-13,Arbeitnow,https://www.arbeitnow.com/jobs/companies/ryze-digital/senior-sales-manager-ryze-digital-holding-gmbh-mainz-182892
senior-product-manager-full-remote-europe-germany-35518,Senior Product Manager (Full Remote - Europe),EverAI,Germany,False,Full Time,R&D,1,2026-09-13,Arbeitnow,https://www.arbeitnow.com/jobs/companies/everai/senior-product-manager-full-remote-europe-germany-35518
manager-applied-ai-engineering-codex-munich-313351,"Manager, Applied AI Engineering (Codex)",OpenAI,"Munich, Germany",False,Full Time,Go To Market,1,2026-09-13,Arbeitnow,https://www.arbeitnow.com/jobs/companies/openai/manager-applied-ai-engineering-codex-munich-313351
senior-director-it-aachen-333750,Senior Director IT (f/m/d),Black Semiconductor GmbH,"Aachen, Germany",False,Full Time,"IT, Data & AI Department",2,2026-09-13,Arbeitnow,https://www.arbeitnow.com/jobs/companies/black-semiconductor-gmbh/senior-director-it-aachen-333750
remote-sr-customer-success-advisor-360352,Sr. Customer Success Advisor,Illumio,Germany,False,Full Time,Sales,1,2026-09-13,Arbeitnow,https://www.arbeitnow.com/jobs/companies/illumio/remote-sr-customer-success-advisor-360352
remote-enterprise-account-executive-125401,Enterprise Account Executive,Illumio,Germany,False,Full Time,Sales,1,2026-09-13,Arbeitnow,https://www.arbeitnow.com/jobs/companies/illumio/remote-enterprise-account-executive-125401
product-engineer-full-stack-berlin-mitte-146616,Product Engineer (Full-Stack),Bounti,Berlin - Mitte,False,"Experienced, Permanent, Full time","AI, Engineer, Full-Stack, Product-Engineer",4,2026-09-13,Arbeitnow,https://www.arbeitnow.com/jobs/companies/bounti/product-engineer-full-stack-berlin-mitte-146616
backend-engineer-senior-berlin-mitte-254872,Backend Engineer - Senior,Bounti,Berlin - Mitte,False,"Experienced, Permanent, Full time","backend, engineer",2,2026-09-13,Arbeitnow,https://www.arbeitnow.com/jobs/companies/bounti/backend-engineer-senior-berlin-mitte-254872
business-development-manager-healthcare-partnerships-berlin-172237,Business Development Manager Healthcare Partnerships (m/w/d),StartSteps Digital Education GmbH,Berlin,False,manager,Business Development,1,2026-09-13,Arbeitnow,https://www.arbeitnow.com/jobs/companies/startsteps-digital-education-gmbh/business-development-manager-healthcare-partnerships-berlin-172237
remote-senior-fullstack-engineer-node-react-all-genders-germany-250238,(Senior) Fullstack Engineer - Node / React (all genders),Gamigo,Germany,True,Full time,"Portals, Remote",2,2026-09-13,Arbeitnow,https://www.arbeitnow.com/jobs/companies/gamigo/remote-senior-fullstack-engineer-node-react-all-genders-germany-250238
werkstudent-digital-health-medikationssoftware-pharmazie-medizin-berlin-121703,Werkstudent Digital Health – Medikationssoftware | Pharmazie & Medizin (m/w/d),Meierhofer,Berlin,False,"Student, Intern, Part time","IT, Healtcare IT, E-Health, Gesundheitswesen, Mediziner, studentische Hilfskraft, Arzt, Klinikum, Studentenjob, Physikum, Medizinstudierende, Medizinische Software, Klinik, Berlin, Hannover, Leipzig, München, Medizininformatik, Werkstudent Pharmazie & Medizin, Werkstudent Medikationsmanagement, Werkstudent Pharmazie, Werkstudent Medizin, Werkstudent Arzneimitteltherapiesicherheit / AMTS, digitale Medikationsprozesse, Medikationsmanagement Krankenhaus",25,2026-09-13,Arbeitnow,https://www.arbeitnow.com/jobs/companies/meierhofer/werkstudent-digital-health-medikationssoftware-pharmazie-medizin-berlin-121703
remote-produktmanager-klinikabrechnung-krankenhausabrechnung-munchen-410039,Produktmanager Klinikabrechnung / Krankenhausabrechnung (m/w/d),Meierhofer,München,False,"Experienced, Permanent, Full time","Healtcare IT, E-Health, Gesundheitswesen, Anforderungsanalyse, Systemanalyst, Prozessmanagement, Medizincontrolling, Erlössicherung, DRG, Kodierung, Patientenabrechnung, München, Leipzig, Hannover, Reha, Rehabilitation, somatik, psychosomatik, Berlin, HomeOffice, •	Produktmanager Klinikabrechnung, Erlösmanagement Krankenhaus, Kostenträgerkommunikation, Jobs Krankenhausabrechnung Leipzig, Jobs Medizincontrolling Hannover, Remote Job Healthcare IT Deutschland",26,2026-09-13,Arbeitnow,https://www.arbeitnow.com/jobs/companies/meierhofer/remote-produktmanager-klinikabrechnung-krankenhausabrechnung-munchen-410039
senior-site-reliability-engineer-sre-kubernetes-hybrid-cloud-berlin-104112,Senior Site Reliability Engineer / SRE – Kubernetes & Hybrid Cloud (m/f/d),Fact Finder,Berlin,False,"Experienced, Permanent, Full time",join,1,2026-09-13,Arbeitnow,https://www.arbeitnow.com/jobs/companies/fact-finder/senior-site-reliability-engineer-sre-kubernetes-hybrid-cloud-berlin-104112
senior-customer-success-manager-b2b-saas-ecommerce-berlin-munchen-pforzheim-hybrid-285311,"(Senior) Customer Success Manager (m/w/d) – B2B SaaS / eCommerce – Berlin, München, Pforzheim (Hybrid)",Fact Finder,Berlin,False,"Experienced, Permanent, Full time",join,1,2026-09-13,Arbeitnow,https://www.arbeitnow.com/jobs/companies/fact-finder/senior-customer-success-manager-b2b-saas-ecommerce-berlin-munchen-pforzheim-hybrid-285311
senior-system-engineer-all-genders-microsoft-infrastructure-mainz-271550,(Senior) System Engineer (all genders) – Microsoft Infrastructure,Urano,Mainz,False,"Experienced, Permanent, Full time",,0,2026-09-13,Arbeitnow,https://www.arbeitnow.com/jobs/companies/urano/senior-system-engineer-all-genders-microsoft-infrastructure-mainz-271550
senior-consultant-policy-monitoring-reporting-im-bereich-forschung-und-innovation-berlin-148257,Senior Consultant (w/m/d) Policy Monitoring & Reporting  im Bereich Forschung und Innovation,Technopolis Group,Berlin,False,"Experienced, Permanent, Full or part time",,0,2026-09-13,Arbeitnow,https://www.arbeitnow.com/jobs/companies/technopolis-group/senior-consultant-policy-monitoring-reporting-im-bereich-forschung-und-innovation-berlin-148257
senior-consultant-evidenzbasierte-politikberatung-im-bereich-hochschul-und-bildungspolitik-berlin-387499,(Senior) Consultant (w/m/d)  Evidenzbasierte Politikberatung im Bereich Hochschul- und Bildungspolitik,Technopolis Group,Berlin,False,"Experienced, Permanent, Full or part time",,0,2026-09-13,Arbeitnow,https://www.arbeitnow.com/jobs/companies/technopolis-group/senior-consultant-evidenzbasierte-politikberatung-im-bereich-hochschul-und-bildungspolitik-berlin-387499
staff-software-engineer-for-telemedicine-platform-munchen-377667,Staff Software Engineer (m/f/d) for telemedicine platform,Ocumeda Ag,München,False,"Experienced, Permanent, Full time",,0,2026-09-13,Arbeitnow,https://www.arbeitnow.com/jobs/companies/ocumeda-ag/staff-software-engineer-for-telemedicine-platform-munchen-377667
product-owner-ai-munchen-243260,Product Owner AI (m/f/d),Ocumeda Ag,München,False,"Experienced, Permanent, Full time",,0,2026-09-13,Arbeitnow,https://www.arbeitnow.com/jobs/companies/ocumeda-ag/product-owner-ai-munchen-243260
product-owner-sdv-data-products-berlin-209164,Product Owner – SDV Data Products (f/m/d),Adsquare,Berlin,False,"Experienced, Permanent, Full time",,0,2026-09-13,Arbeitnow,https://www.arbeitnow.com/jobs/companies/adsquare/product-owner-sdv-data-products-berlin-209164
ki-entwickler-hybrid-munchen-255048,KI-Entwickler (m/w/d),Alexander Thamm Gmbh,Hybrid (München),False,"Experienced, Permanent, Full time","GenAI, KI, Data Science",3,2026-09-13,Arbeitnow,https://www.arbeitnow.com/jobs/companies/alexander-thamm-gmbh/ki-entwickler-hybrid-munchen-255048
senior-technical-solution-consultant-hamburg-374627,Senior Technical Solution Consultant (d/f/m),Brandleadership,Hamburg,False,"Experienced, Permanent, Full time","Softwarekonfiguration, Data analyst, Consulting, Analyst, Aprimo, Censhare, Marmind, DAM, CMS, Solution Design, Solution Configuration, Solution Development",12,2026-09-13,Arbeitnow,https://www.arbeitnow.com/jobs/companies/brandleadership/senior-technical-solution-consultant-hamburg-374627
senior-implementation-consultant-marketing-technology-hamburg-291103,Senior Implementation Consultant – Marketing Technology (d/f/m),Brandleadership,Hamburg,False,"Experienced, Permanent, Full time","Softwarekonfiguration, Data analyst, Consulting, Analyst, Aprimo, Censhare, Marmind, DAM, CMS, Solution Design, Solution Configuration, Solution Development",12,2026-09-13,Arbeitnow,https://www.arbeitnow.com/jobs/companies/brandleadership/senior-implementation-consultant-marketing-technology-hamburg-291103
working-student-finance-and-accounting-munich-242008,Working Student (m/f/x) Finance and Accounting,Circus,Munich,False,"Entry, Working student, Part time","finance, accounting, working student, student job, invoices, HGB, IFRS",7,2026-09-13,Arbeitnow,https://www.arbeitnow.com/jobs/companies/circus/working-student-finance-and-accounting-munich-242008
controller-senior-controller-berlin-383496,Controller / Senior Controller (m/w/d),Tablemedia,Berlin,False,"Experienced, Permanent, Full time","Controller, Finance, Buchhaltung, Startup, Senior Controller, WEG",6,2026-09-13,Arbeitnow,https://www.arbeitnow.com/jobs/companies/tablemedia/controller-senior-controller-berlin-383496
senior-general-ledger-accountant-ottobrunn-bavaria-300947,Senior General Ledger Accountant (m/f/d),isaraerospace,"Ottobrunn, Bavaria",False,Full Time,Finance,1,2026-09-13,Arbeitnow,https://www.arbeitnow.com/jobs/companies/isaraerospace/senior-general-ledger-accountant-ottobrunn-bavaria-300947
senior-engine-cycle-engineer-parsdorf-bavaria-284793,Senior Engine Cycle Engineer (m/f/d),isaraerospace,"Parsdorf, Bavaria",False,Full Time,Propulsion,1,2026-09-13,Arbeitnow,https://www.arbeitnow.com/jobs/companies/isaraerospace/senior-engine-cycle-engineer-parsdorf-bavaria-284793
senior-devx-engineer-ottobrunn-bavaria-444135,Senior DevX Engineer (f/m/d),isaraerospace,"Ottobrunn, Bavaria",False,Full Time,Ground Systems,1,2026-09-13,Arbeitnow,https://www.arbeitnow.com/jobs/companies/isaraerospace/senior-devx-engineer-ottobrunn-bavaria-444135
senior-data-backend-software-engineer-ottobrunn-bavaria-290266,Senior Data & Backend Software Engineer (f/m/d),isaraerospace,"Ottobrunn, Bavaria",False,Full Time,Ground Systems,1,2026-09-13,Arbeitnow,https://www.arbeitnow.com/jobs/companies/isaraerospace/senior-data-backend-software-engineer-ottobrunn-bavaria-290266
senior-consultant-daten-ki-strategie-berlin-berlin-munchen-bavaria-14585,Senior Consultant (m/w/d) Daten & KI-Strategie,Artefactlinkedin,"Berlin, Berlin; München, Bavaria",False,Full Time,Consulting & Data,1,2026-09-13,Arbeitnow,https://www.arbeitnow.com/jobs/companies/artefactlinkedin/senior-consultant-daten-ki-strategie-berlin-berlin-munchen-bavaria-14585
senior-product-manager-berlin-28101,Senior Product Manager (m/w/d),caronsale,Berlin,False,Full Time,Product Management,1,2026-09-13,Arbeitnow,https://www.arbeitnow.com/jobs/companies/caronsale/senior-product-manager-berlin-28101
senior-product-manager-munich-7401,Senior Product Manager (m/w/d),caronsale,Munich,False,Full Time,Product Management,1,2026-09-13,Arbeitnow,https://www.arbeitnow.com/jobs/companies/caronsale/senior-product-manager-munich-7401
product-manager-berlin-273353,Product Manager (m/w/d),caronsale,Berlin,False,Full Time,Product Management,1,2026-09-13,Arbeitnow,https://www.arbeitnow.com/jobs/companies/caronsale/product-manager-berlin-273353
product-manager-munich-298036,Product Manager (m/w/d),caronsale,Munich,False,Full Time,Product Management,1,2026-09-13,Arbeitnow,https://www.arbeitnow.com/jobs/companies/caronsale/product-manager-munich-298036
working-student-business-analyst-dusseldorf-north-rhine-westphalia-61342,Working Student - Business Analyst (m/w/d),Teampicnic,"Düsseldorf, North Rhine-Westphalia",False,Full Time,Students,1,2026-09-13,Arbeitnow,https://www.arbeitnow.com/jobs/companies/teampicnic/working-student-business-analyst-dusseldorf-north-rhine-westphalia-61342
werkstudent-talent-acquisition-hamburg-hamburg-116018,Werkstudent Talent Acquisition (m/w/d),Teampicnic,"Hamburg, Hamburg",False,Full Time,Students,1,2026-09-13,Arbeitnow,https://www.arbeitnow.com/jobs/companies/teampicnic/werkstudent-talent-acquisition-hamburg-hamburg-116018
logistics-analytics-projects-mid-level-dusseldorf-north-rhine-westphalia-415124,Logistics & Analytics Projects - Mid-Level (m/w/d),Teampicnic,"Düsseldorf, North Rhine-Westphalia",False,Full Time,Analytics,1,2026-09-13,Arbeitnow,https://www.arbeitnow.com/jobs/companies/teampicnic/logistics-analytics-projects-mid-level-dusseldorf-north-rhine-westphalia-415124
logistics-analytics-projects-mid-level-hamburg-hamburg-62505,Logistics & Analytics Projects - Mid-Level (m/w/d),Teampicnic,"Hamburg, Hamburg",False,Full Time,Analytics,1,2026-09-13,Arbeitnow,https://www.arbeitnow.com/jobs/companies/teampicnic/logistics-analytics-projects-mid-level-hamburg-hamburg-62505
commercial-analytics-projects-mid-level-dusseldorf-north-rhine-westphalia-246524,Commercial & Analytics Projects - Mid-Level (m/w/d),Teampicnic,"Düsseldorf, North Rhine-Westphalia",False,Full Time,Analytics,1,2026-09-13,Arbeitnow,https://www.arbeitnow.com/jobs/companies/teampicnic/commercial-analytics-projects-mid-level-dusseldorf-north-rhine-westphalia-246524
commercial-analytics-projects-mid-level-hamburg-hamburg-194439,Commercial & Analytics Projects - Mid-Level (m/w/d),Teampicnic,"Hamburg, Hamburg",False,Full Time,Analytics,1,2026-09-13,Arbeitnow,https://www.arbeitnow.com/jobs/companies/teampicnic/commercial-analytics-projects-mid-level-hamburg-hamburg-194439
category-management-werkstudent-dusseldorf-north-rhine-westphalia-168609,Category Management Werkstudent (m/w/d),Teampicnic,"Düsseldorf, North Rhine-Westphalia",False,Full Time,Students,1,2026-09-13,Arbeitnow,https://www.arbeitnow.com/jobs/companies/teampicnic/category-management-werkstudent-dusseldorf-north-rhine-westphalia-168609
analytics-future-leaders-graduate-program-hamburg-hamburg-123356,Analytics - Future Leaders Graduate Program,Teampicnic,"Hamburg, Hamburg",False,Full Time,Graduate Programs,1,2026-09-13,Arbeitnow,https://www.arbeitnow.com/jobs/companies/teampicnic/analytics-future-leaders-graduate-program-hamburg-hamburg-123356
remote-regional-field-cto-78962,Regional Field CTO,Blackduck,"EMEA, Remote (Black Duck has entities in UK, Netherlands, France, Italy, Ireland, Finland, Sweden)",False,Full Time,2030 - Sales Engineers (GQP),1,2026-09-13,Arbeitnow,https://www.arbeitnow.com/jobs/companies/blackduck/remote-regional-field-cto-78962
senior-account-executive-smb-dach-market-berlin-berlin-422550,(Senior) Account Executive SMB | DACH Market (m/w/d),Superchat,"Berlin, Berlin",False,Full Time,Sales,1,2026-09-13,Arbeitnow,https://www.arbeitnow.com/jobs/companies/superchat/senior-account-executive-smb-dach-market-berlin-berlin-422550
fachinformatiker-systemintegration-zell-488064,Fachinformatiker Systemintegration (m/w/d),Lamm HR GmbH,"Zell, Rheinland-Pfalz, Deutschland",False,"Mid, fulltime permanent",IT,1,2026-09-13,Arbeitnow,https://www.arbeitnow.com/jobs/companies/lamm-hr-gmbh/fachinformatiker-systemintegration-zell-488064
sps-programmierer-twincat-3-mannheim-276590,SPS-Programmierer (m/w/d) Twincat-3,Lamm HR GmbH,"Mannheim, Rheinland-Pfalz, Deutschland",False,"Mid, fulltime permanent",IT,1,2026-09-13,Arbeitnow,https://www.arbeitnow.com/jobs/companies/lamm-hr-gmbh/sps-programmierer-twincat-3-mannheim-276590
praktikant-all-genders-social-selling-data-crm-gestalte-die-digitalisierung-unseres-vertriebsmarketings-mit-munchen-415658,"Praktikant (all genders) Social Selling, Data & CRM – Gestalte die Digitalisierung unseres Vertriebsmarketings mit",Valuenet Group,München,False,"Entry, Intern, Full time","Praktikum Datamanagement Muc und Umgebung, Praktikum Leadgenerierung Marketing München und Umgebung, Vollzeit Praktikum Datenqualität & Datenpflege, Praktikum analytisches Arbeiten Daten Vollzeit, Praktikum Marketing  Datenrecherche B2B Muc, Vollzeitpraktikum",6,2026-09-13,Arbeitnow,https://www.arbeitnow.com/jobs/companies/valuenet-group/praktikant-all-genders-social-selling-data-crm-gestalte-die-digitalisierung-unseres-vertriebsmarketings-mit-munchen-415658
praktikant-all-genders-editorial-research-content-marketing-munchen-364627,Praktikant (all genders) Editorial Research & Content Marketing,Valuenet Group,München,False,"Entry, Intern, Full time","Praktikum Editorial Research München, Praktikum Content Marketing in München, Vollzeit-Praktikum Content Marketing, Praktikum wissenschaftliche Recherche und Redaktion, Praktikum Journalismus und Content Marketing, Praktikant Fachcontent und Content Research",6,2026-09-13,Arbeitnow,https://www.arbeitnow.com/jobs/companies/valuenet-group/praktikant-all-genders-editorial-research-content-marketing-munchen-364627
praktikant-all-genders-datamanagement-fokus-social-selling-munchen-450411,Praktikant (all genders) Datamanagement – Fokus Social Selling,Valuenet Group,München,False,"Entry, Intern, Full time","Praktikum Datamanagement Muc und Umgebung, Praktikum Leadgenerierung Marketing München und Umgebung, Vollzeit Praktikum Datenqualität & Datenpflege, Praktikum analytisches Arbeiten Daten Vollzeit, Praktikum Marketing  Datenrecherche B2B Muc, Vollzeitpraktikum",6,2026-09-13,Arbeitnow,https://www.arbeitnow.com/jobs/companies/valuenet-group/praktikant-all-genders-datamanagement-fokus-social-selling-munchen-450411
praktikant-all-genders-6-monate-im-marketing-fokus-events-munchen-146310,Praktikant (all genders) 6 Monate im Marketing – Fokus Events,Valuenet Group,München,False,"Entry, Intern, Full time","Praktikum Eventmanagement München, Marketing Praktikum mit Eventschwerpunkt, Praktikum Marketing und Kommunikation München, Studentenpraktikum Eventorganisation 2026, Pflichtpraktikum Marketing Events Deutschland, Praktikum im Eventmarketing mit Reiseanteil, Vo",7,2026-09-13,Arbeitnow,https://www.arbeitnow.com/jobs/companies/valuenet-group/praktikant-all-genders-6-monate-im-marketing-fokus-events-munchen-146310
praktikant-all-genders-3-6-monate-im-creative-content-team-munchen-285739,Praktikant (all genders) 3-6 Monate im Creative Content Team,Valuenet Group,München,False,"Entry, Intern, Full time","Bezahlte Praktikumstellen München, Praktikum Stelle in München im Bereich Marketing, Offene Praktikanten Stellen in München, Praktikum Consumer Promotions München Vollzeit, Vollzeitpraktikum Kampagnenmanagement München, Bezahltes Praktikum Produktmanagement",6,2026-09-13,Arbeitnow,https://www.arbeitnow.com/jobs/companies/valuenet-group/praktikant-all-genders-3-6-monate-im-creative-content-team-munchen-285739
praktikant-all-genders-3-6-monate-im-bereich-consumer-promotions-munchen-361617,Praktikant (all genders) 3-6 Monate im Bereich Consumer Promotions,Valuenet Group,München,False,"Entry, Intern, Full time","Bezahlte Praktikumstellen München, Praktikum Stelle in München im Bereich Marketing, Offene Praktikanten Stellen in München, Praktikum Consumer Promotions München Vollzeit, Vollzeitpraktikum Kampagnenmanagement München, Bezahltes Praktikum Produktmanagement",6,2026-09-13,Arbeitnow,https://www.arbeitnow.com/jobs/companies/valuenet-group/praktikant-all-genders-3-6-monate-im-bereich-consumer-promotions-munchen-361617
senior-social-media-manager-all-genders-munchen-70318,(Senior) Social Media Manager (all genders),Valuenet Group,München,False,"Experienced, Permanent, Full time","Social Media Manager Vollzeit München, Kreative Content Strategien LinkedIn Instagram, Videoproduktion Reels Shorts TikTok, Employer Branding Social Media Kampagne, Social Media Marketing Jobs Vollzeit München und Umgebung, Storytelling und visuelle Content-Ge",6,2026-09-13,Arbeitnow,https://www.arbeitnow.com/jobs/companies/valuenet-group/senior-social-media-manager-all-genders-munchen-70318
senior-social-media-manager-all-genders-munchen-314479,(Senior) Social Media Manager (all genders),Valuenet Group,München,False,"Experienced, Permanent, Full time","Social Media Manager Vollzeit München, Kreative Content Strategien LinkedIn Instagram, Videoproduktion Reels Shorts TikTok, Employer Branding Social Media Kampagne, Social Media Marketing Jobs Vollzeit München und Umgebung, Storytelling und visuelle Content-Ge",6,2026-09-13,Arbeitnow,https://www.arbeitnow.com/jobs/companies/valuenet-group/senior-social-media-manager-all-genders-munchen-314479
product-owner-all-genders-berlin-432252,Product Owner (all genders),Vrame Consult Gmbh,Berlin,False,"Experienced, Permanent, Full time","#product owner, #productmanagement, #agile, #IT, #Softwarelösungen",5,2026-09-13,Arbeitnow,https://www.arbeitnow.com/jobs/companies/vrame-consult-gmbh/product-owner-all-genders-berlin-432252
product-engineer-backend-ai-at-briink-berlin-145032,Product Engineer (Backend/AI) @Briink,Merantix,Berlin,False,"Experienced, Permanent, Full time","backend, AI, LLM, product, product engineer, backend engineer, AI engineer",7,2026-09-13,Arbeitnow,https://www.arbeitnow.com/jobs/companies/merantix/product-engineer-backend-ai-at-briink-berlin-145032
senior-business-analyst-nurnberg-22435,Senior Business Analyst (m/w/d),adorsys GmbH,Nürnberg,False,"Experienced, Permanent, Full or part time",,0,2026-09-13,Arbeitnow,https://www.arbeitnow.com/jobs/companies/adorsys-gmbh/senior-business-analyst-nurnberg-22435
ai-engineer-nurnberg-213617,AI Engineer (m/w/d),adorsys GmbH,Nürnberg,False,"Experienced, Permanent, Full time",,0,2026-09-13,Arbeitnow,https://www.arbeitnow.com/jobs/companies/adorsys-gmbh/ai-engineer-nurnberg-213617
werkstudent-store-assistant-all-genders-welcome-satisfyer-geske-beauty-tech-store-hamburg-211281,Werkstudent Store Assistant (all genders welcome) – Satisfyer & Geske Beauty Tech Store,Triple A,Hamburg,False,"Student, Working student, Part time","Werkstudent, Filialmitarbeiter, Store Assistant, Studentenjob, Sales",5,2026-09-13,Arbeitnow,https://www.arbeitnow.com/jobs/companies/triple-a/werkstudent-store-assistant-all-genders-welcome-satisfyer-geske-beauty-tech-store-hamburg-211281
ui-ux-designer-untermstrich-hamburg-226368,UI / UX Designer untermStrich (m/w/d) – Hamburg,Everii Germany Gmbh 3,Hamburg,False,"Experienced, Permanent, Full time","UI/UX, Design, SaaS",3,2026-09-13,Arbeitnow,https://www.arbeitnow.com/jobs/companies/everii-germany-gmbh-3/ui-ux-designer-untermstrich-hamburg-226368
ui-ux-designer-teambox-hamburg-16461,UI / UX Designer TEAMBOX (m/w/d) – Hamburg,Everii Germany Gmbh 3,Hamburg,False,"Experienced, Permanent, Full time","UI/UX, Design, SaaS",3,2026-09-13,Arbeitnow,https://www.arbeitnow.com/jobs/companies/everii-germany-gmbh-3/ui-ux-designer-teambox-hamburg-16461
senior-software-engineer-leipzig-179902,Senior Software Engineer,Gridfuse,Leipzig,False,"Experienced, Permanent, Full time","Golang, Development, Architecture, Renewables",4,2026-09-13,Arbeitnow,https://www.arbeitnow.com/jobs/companies/gridfuse/senior-software-engineer-leipzig-179902
senior-staff-data-analyst-storefront-176558,"Senior/Staff Data Analyst, Storefront",Quince,,False,Full Time,International,1,2026-09-12,Arbeitnow,https://www.arbeitnow.com/jobs/companies/quince/senior-staff-data-analyst-storefront-176558
senior-principal-consultant-business-functional-analyst-reporting-mis-private-banking-481667,Senior / Principal Consultant* – Business Functional Analyst Reporting & MIS (Private Banking),capco,,False,Full Time,Business Consulting,1,2026-09-12,Arbeitnow,https://www.arbeitnow.com/jobs/companies/capco/senior-principal-consultant-business-functional-analyst-reporting-mis-private-banking-481667
senior-it-projektmanager-in-der-finanzdienstleistungsberatung-429836,Senior IT Projektmanager (m/w/d) in der Finanzdienstleistungsberatung,capco,,False,Full Time,Tech & Engineering,1,2026-09-12,Arbeitnow,https://www.arbeitnow.com/jobs/companies/capco/senior-it-projektmanager-in-der-finanzdienstleistungsberatung-429836
senior-it-business-analyst-in-der-finanzdienstleistungsberatung-62775,Senior IT Business Analyst (m/w/d) in der Finanzdienstleistungsberatung,capco,,False,Full Time,Tech & Engineering,1,2026-09-12,Arbeitnow,https://www.arbeitnow.com/jobs/companies/capco/senior-it-business-analyst-in-der-finanzdienstleistungsberatung-62775
senior-consultant-versicherungen-38450,(Senior) Consultant* – Versicherungen,capco,,False,Full Time,Business Consulting,1,2026-09-12,Arbeitnow,https://www.arbeitnow.com/jobs/companies/capco/senior-consultant-versicherungen-38450
senior-consultant-versicherungen-60279,(Senior) Consultant* – Versicherungen,capco,,False,Full Time,Business Consulting,1,2026-09-12,Arbeitnow,https://www.arbeitnow.com/jobs/companies/capco/senior-consultant-versicherungen-60279
senior-consultant-sepa-payments-449100,(Senior) Consultant* - SEPA-Payments,capco,,False,Full Time,Business Consulting,1,2026-09-12,Arbeitnow,https://www.arbeitnow.com/jobs/companies/capco/senior-consultant-sepa-payments-449100
senior-consultant-sepa-payments-342461,(Senior) Consultant* - SEPA-Payments,capco,,False,Full Time,Business Consulting,1,2026-09-12,Arbeitnow,https://www.arbeitnow.com/jobs/companies/capco/senior-consultant-sepa-payments-342461
senior-consultant-sepa-payments-445811,(Senior) Consultant* - SEPA-Payments,capco,,False,Full Time,Business Consulting,1,2026-09-12,Arbeitnow,https://www.arbeitnow.com/jobs/companies/capco/senior-consultant-sepa-payments-445811
senior-consultant-sepa-payments-393914,(Senior) Consultant* - SEPA-Payments,capco,,False,Full Time,Business Consulting,1,2026-09-12,Arbeitnow,https://www.arbeitnow.com/jobs/companies/capco/senior-consultant-sepa-payments-393914
senior-consultant-payments-transformation-264591,(Senior) Consultant* - Payments Transformation,capco,,False,Full Time,Business Consulting,1,2026-09-12,Arbeitnow,https://www.arbeitnow.com/jobs/companies/capco/senior-consultant-payments-transformation-264591
senior-consultant-payments-transformation-46493,(Senior) Consultant* - Payments Transformation,capco,,False,Full Time,Business Consulting,1,2026-09-12,Arbeitnow,https://www.arbeitnow.com/jobs/companies/capco/senior-consultant-payments-transformation-46493
senior-consultant-payments-transformation-23293,(Senior) Consultant* - Payments Transformation,capco,,False,Full Time,Business Consulting,1,2026-09-12,Arbeitnow,https://www.arbeitnow.com/jobs/companies/capco/senior-consultant-payments-transformation-23293
senior-consultant-meldewesen-regulatory-reporting-48456,(Senior) Consultant* - Meldewesen / Regulatory Reporting,capco,,False,Full Time,Finance Risk & Compliance,1,2026-09-12,Arbeitnow,https://www.arbeitnow.com/jobs/companies/capco/senior-consultant-meldewesen-regulatory-reporting-48456
senior-consultant-meldewesen-regulatory-reporting-116226,(Senior) Consultant* - Meldewesen / Regulatory Reporting,capco,,False,Full Time,Finance Risk & Compliance,1,2026-09-12,Arbeitnow,https://www.arbeitnow.com/jobs/companies/capco/senior-consultant-meldewesen-regulatory-reporting-116226
senior-consultant-meldewesen-regulatory-reporting-355484,(Senior) Consultant* - Meldewesen / Regulatory Reporting,capco,,False,Full Time,Finance Risk & Compliance,1,2026-09-12,Arbeitnow,https://www.arbeitnow.com/jobs/companies/capco/senior-consultant-meldewesen-regulatory-reporting-355484
senior-consultant-data-architecture-158253,(Senior) Consultant - Data Architecture,capco,,False,Full Time,Data & Analytics,1,2026-09-12,Arbeitnow,https://www.arbeitnow.com/jobs/companies/capco/senior-consultant-data-architecture-158253
data-strategy-advisory-leader-managing-principal-337349,Data Strategy & Advisory Leader (Managing Principal),capco,,False,Full Time,Data & Analytics,1,2026-09-12,Arbeitnow,https://www.arbeitnow.com/jobs/companies/capco/data-strategy-advisory-leader-managing-principal-337349
building-data-specialist-technical-draftsperson-all-genders-berlin-berlin-319601,Building Data Specialist / Technical Draftsperson (all genders),gropyus,"Berlin, Berlin",False,Full Time,Architecture & Interior Design,1,2026-09-12,Arbeitnow,https://www.arbeitnow.com/jobs/companies/gropyus/building-data-specialist-technical-draftsperson-all-genders-berlin-berlin-319601
shopify-manager-conversion-funnel-shop-entwicklung-berlin-273884,"Shopify Manager (m/w/d) - Conversion, Funnel & Shop-Entwicklung",Neolymp,Berlin,True,Full Time,"Remote, IT",2,2026-09-12,Arbeitnow,https://www.arbeitnow.com/jobs/companies/neolymp/shopify-manager-conversion-funnel-shop-entwicklung-berlin-273884
senior-industrialisation-engineer-eft-mobility-ag-munich-381176,Senior Industrialisation Engineer (m/f/d) - EFT Mobility AG,Quantum-Systems GmbH,"Munich, Bayern, Germany",False,"Experienced, fulltime permanent",Hardware,1,2026-09-12,Arbeitnow,https://www.arbeitnow.com/jobs/companies/quantum-systems-gmbh/senior-industrialisation-engineer-eft-mobility-ag-munich-381176
senior-electronics-design-engineer-munich-405199,Senior Electronics Design Engineer (m/f/d),Quantum-Systems GmbH,"Munich, Bayern, Germany",False,"Mid, fulltime permanent",Hardware,1,2026-09-12,Arbeitnow,https://www.arbeitnow.com/jobs/companies/quantum-systems-gmbh/senior-electronics-design-engineer-munich-405199
working-student-full-stack-software-development-gilching-131219,Working Student Full-Stack Software Development (m/f/d),Quantum-Systems GmbH,"Gilching, Bayern, Germany",False,"Entry, internship",Student & Early Professionals,1,2026-09-12,Arbeitnow,https://www.arbeitnow.com/jobs/companies/quantum-systems-gmbh/working-student-full-stack-software-development-gilching-131219
remote-senior-revenue-accountant-germany-10691,Senior Revenue Accountant,Omilia Natural Language Solutions Ua Ltd,Germany,True,Full time,"Information Technology and Services, Remote",2,2026-09-12,Arbeitnow,https://www.arbeitnow.com/jobs/companies/omilia-natural-language-solutions-ua-ltd/remote-senior-revenue-accountant-germany-10691
remote-senior-expense-accountant-germany-389027,Senior Expense Accountant,Omilia Natural Language Solutions Ua Ltd,Germany,True,Full time,"Information Technology and Services, Remote",2,2026-09-12,Arbeitnow,https://www.arbeitnow.com/jobs/companies/omilia-natural-language-solutions-ua-ltd/remote-senior-expense-accountant-germany-389027
remote-senior-ml-engineer-germany-3-month-project-282468,Senior ML Engineer | Germany (3 Month project),Intetics 2,Germany,True,Temporary,"Information Technology and Services, AI, Remote",3,2026-09-12,Arbeitnow,https://www.arbeitnow.com/jobs/companies/intetics-2/remote-senior-ml-engineer-germany-3-month-project-282468
remote-product-designer-1-year-ftc-germany-253732,Product Designer (1-year FTC),Fe Fundinfo,Germany,True,"Contract, mid-senior","Design, Financial Services, Engineering & Data Management, Remote",4,2026-09-12,Arbeitnow,https://www.arbeitnow.com/jobs/companies/fe-fundinfo/remote-product-designer-1-year-ftc-germany-253732
remote-senior-technical-project-manager-pmo-all-genders-203868,Senior Technical Project Manager - PMO (all genders),Contabo,Remote (Germany),True,"Experienced, Permanent, Full time","Technical Project Management, IT Project Management, IT, Cloud, Hosting, Remote, Homeoffice in Germany",7,2026-09-12,Arbeitnow,https://www.arbeitnow.com/jobs/companies/contabo/remote-senior-technical-project-manager-pmo-all-genders-203868
remote-senior-software-developer-platform-infrastructure-engineering-all-genders-398089,Senior Software Developer – Platform & Infrastructure Engineering (all genders),Contabo,Remote (Germany),True,"Experienced, Permanent, Full time","software, hosting, cloud hositng, vps, data center, remote company, remote, hybrid work, tech company, software developer, software egineer, hosting company, international",13,2026-09-12,Arbeitnow,https://www.arbeitnow.com/jobs/companies/contabo/remote-senior-software-developer-platform-infrastructure-engineering-all-genders-398089
remote-senior-frontend-developer-all-genders-287472,Senior Frontend Developer (all genders),Contabo,Remote (Germany),True,"Experienced, Permanent, Full time","it, infrastructure, code, cloud, hosting, data center, information technology, software, hybrid, remote, germany, company, tech, technology, frontend, developer",16,2026-09-12,Arbeitnow,https://www.arbeitnow.com/jobs/companies/contabo/remote-senior-frontend-developer-all-genders-287472
remote-senior-cloud-product-manager-all-genders-80166,Senior Cloud Product Manager (all genders),Contabo,Remote (Germany),False,"Experienced, Permanent, Full time","Product Management, IT, Cloud, Hosting, Germany, Berlin, Cologne, Hamburg, Munich, roadmap, UX, user experience, cloud-native, AI",14,2026-09-12,Arbeitnow,https://www.arbeitnow.com/jobs/companies/contabo/remote-senior-cloud-product-manager-all-genders-80166
senior-product-manager-service-cockpit-berlin-zentrale-437509,Senior Product Manager Service Cockpit (m/w/d),Thermondo,Berlin (Zentrale),False,"Experienced, Permanent, Full time","Service, Product Manager, greentech, AI, AI Coding, API, climate tech, Berlin, Senior",9,2026-09-12,Arbeitnow,https://www.arbeitnow.com/jobs/companies/thermondo/senior-product-manager-service-cockpit-berlin-zentrale-437509
product-manager-customer-care-fixed-term-parental-leave-cover-berlin-zentrale-103947,Product Manager Customer Care (f/m/d) | Fixed-Term Parental Leave Cover,Thermondo,Berlin (Zentrale),False,"Experienced, Permanent, Full time","Product, Customer, Customercare, Productmanagement",4,2026-09-12,Arbeitnow,https://www.arbeitnow.com/jobs/companies/thermondo/product-manager-customer-care-fixed-term-parental-leave-cover-berlin-zentrale-103947
senior-erp-consultant-dms-deutschland-osterreich-schweiz-und-italien-213501,(Senior) ERP Consultant DMS (m/w/d),Asseco Solutions,"Deutschland, Österreich, Schweiz und Italien",False,"Experienced, Permanent, Full time",,0,2026-09-12,Arbeitnow,https://www.arbeitnow.com/jobs/companies/asseco-solutions/senior-erp-consultant-dms-deutschland-osterreich-schweiz-und-italien-213501
remote-senior-ai-product-engineer-berlin-151379,(Senior) AI Product Engineer (m/w/d),Legalhero,Berlin,True,"Experienced, Permanent, Full time","AI, Product Engineer, AI Product Engineer, Berlin, Jobs, Homeoffice, Remote, Hybrid, Senior AI Product Engineer, AI Projects, AI features",11,2026-09-12,Arbeitnow,https://www.arbeitnow.com/jobs/companies/legalhero/remote-senior-ai-product-engineer-berlin-151379
praktikum-seo-marketing-communication-management-berlin-197792,Praktikum SEO Marketing & Communication Management,Juvigo Gmbh,Berlin,False,"Entry, Intern, Full or part time","Kommunikation, Customer Success, Content, Tourismus, Marketing, Reisen, International, Praktikum, Pflichtpraktikum, Digital, Online, Berlin, Startup, Plattform",14,2026-09-12,Arbeitnow,https://www.arbeitnow.com/jobs/companies/juvigo-gmbh/praktikum-seo-marketing-communication-management-berlin-197792
internship-go-to-market-engineering-ai-automation-berlin-10886,"Internship Go-to-Market Engineering, AI & Automation (m/f/d)",Autarcenergy,Berlin,False,"Student, Permanent, Full time","AI, GTM",2,2026-09-12,Arbeitnow,https://www.arbeitnow.com/jobs/companies/autarcenergy/internship-go-to-market-engineering-ai-automation-berlin-10886
internship-working-student-business-development-dach-berlin-302289,Internship / Working Student Business Development DACH,Autarcenergy,Berlin,False,"Entry, Intern, Full time","Sales, Sales Manager, Sales Manager B2B, Sales Manager Berlin, join, Prakitkum, Internship, Vertrieb, GTM",9,2026-09-12,Arbeitnow,https://www.arbeitnow.com/jobs/companies/autarcenergy/internship-working-student-business-development-dach-berlin-302289
gtm-uk-internship-working-student-berlin-271287,GTM UK – Internship / Working Student,Autarcenergy,Berlin,False,"Entry, Intern, Full time","Go to market internship, Sales internship, Founders Associate, GTM, BD, AI, KI",7,2026-09-12,Arbeitnow,https://www.arbeitnow.com/jobs/companies/autarcenergy/gtm-uk-internship-working-student-berlin-271287
werkstudent-disposition-kundenkommunikation-hamburg-210343,Werkstudent Disposition & Kundenkommunikation (m/w/d),Deutsche GigaNetz GmbH,Hamburg,False,"Student, Working student, Part time","Kundenkontakt, Disposition, Kommunikation",3,2026-09-12,Arbeitnow,https://www.arbeitnow.com/jobs/companies/deutsche-giganetz-gmbh/werkstudent-disposition-kundenkommunikation-hamburg-210343
junior-data-analytics-consultant-munich-stuttgart-frankfurt-hanover-452791,Junior Data & Analytics Consultant (M/F/D),Kaiser X Labs,Munich - Stuttgart - Frankfurt - Hanover,False,"Entry, Permanent, Full time","data analytics, power bi, junior analyst, junior consultant, jobs munich, jobs stuttgart, jobs frankfurt, jobs hannover, ai jobs, data strategy job, ai job",11,2026-09-12,Arbeitnow,https://www.arbeitnow.com/jobs/companies/kaiser-x-labs/junior-data-analytics-consultant-munich-stuttgart-frankfurt-hanover-452791
working-student-all-genders-robust-feed-forward-3d-reconstruction-for-dynamic-scene-augsburg-104196,Working Student (all genders) – Robust Feed-Forward 3D Reconstruction for Dynamic Scene,Xitaso,Augsburg,False,"Student, Working student, Part time",,0,2026-09-12,Arbeitnow,https://www.arbeitnow.com/jobs/companies/xitaso/working-student-all-genders-robust-feed-forward-3d-reconstruction-for-dynamic-scene-augsburg-104196
werkstudent-kundenservice-spatschicht-samstagsdienst-freiburg-365388,Werkstudent Kundenservice | Spätschicht & Samstagsdienst (m/w/d),Wattfox,Freiburg,False,"Entry, Intern, Part time","Call Agent, Telefonie, Call Center Agent, Kundenbetreuung, Telefonist, Kundenservice, Schicht, Wochenendarbeit, Spätschicht, Werktstudent, Immatrikulation, Samstagsarbeit, Spätdienst",13,2026-09-12,Arbeitnow,https://www.arbeitnow.com/jobs/companies/wattfox/werkstudent-kundenservice-spatschicht-samstagsdienst-freiburg-365388
werkstudent-kundenservice-spatschicht-samstagsdienst-home-office-deutschland-190131,Werkstudent Kundenservice | Spätschicht & Samstagsdienst (m/w/d),Wattfox,Home Office Deutschland,False,"Entry, Intern, Part time","Call Agent, Telefonie, Call Center Agent, Kundenbetreuung, Telefonist, Kundenservice, Schicht, Wochenendarbeit, Spätschicht, Werktstudent, Immatrikulation, Samstagsarbeit, Spätdienst",13,2026-09-12,Arbeitnow,https://www.arbeitnow.com/jobs/companies/wattfox/werkstudent-kundenservice-spatschicht-samstagsdienst-home-office-deutschland-190131
software-engineer-data-all-genders-koln-274758,Software Engineer - Data (All Genders),PREMATCH Sports GmbH,Köln,False,"Experienced, Permanent, Full time",,0,2026-09-12,Arbeitnow,https://www.arbeitnow.com/jobs/companies/prematch-sports-gmbh/software-engineer-data-all-genders-koln-274758
chief-of-staff-strategy-operationsall-genders-koln-211578,Chief of Staff (Strategy & Operations)(All Genders),PREMATCH Sports GmbH,Köln,False,"Experienced, Permanent, Full time","Startup, Football, Football Startup, Soccer, Chief of Staff, Founders Associate, Strategy, Operations",8,2026-09-12,Arbeitnow,https://www.arbeitnow.com/jobs/companies/prematch-sports-gmbh/chief-of-staff-strategy-operationsall-genders-koln-211578
chief-of-staff-all-genders-koln-330917,Chief of Staff (All Genders),PREMATCH Sports GmbH,Köln,False,"Experienced, Permanent, Full time","Startup, Football, Football Startup, Soccer, Chief of Staff, Founders Associate, Strategy, Operations",8,2026-09-12,Arbeitnow,https://www.arbeitnow.com/jobs/companies/prematch-sports-gmbh/chief-of-staff-all-genders-koln-330917
freelance-foundation-math-instructor-at-the-university-of-europe-hamburg-474624,Freelance Foundation Math Instructor at the University of Europe - Hamburg,Global University Systems GmbH,Hamburg,False,"Experienced, Freelance, Full or part time","Freelance, Foundation, Math, Instructor, UE",5,2026-09-12,Arbeitnow,https://www.arbeitnow.com/jobs/companies/global-university-systems-gmbh/freelance-foundation-math-instructor-at-the-university-of-europe-hamburg-474624
full-stack-engineer-berlin-226964,Full Stack Engineer,Worldwide Placement Limited,Berlin,False,professional / experienced,Software Development,1,2026-09-12,Arbeitnow,https://www.arbeitnow.com/jobs/companies/worldwide-placement-limited/full-stack-engineer-berlin-226964
freelance-software-data-ai-engineer-development-data-ai-bad-homburg-260868,Freelance Software  / Data / AI Engineer (m/w/d) - Development | Data | AI,Nexgate IT GmbH,Bad Homburg,True,"Freelance, berufserfahren","Remote, Software Development",2,2026-09-12,Arbeitnow,https://www.arbeitnow.com/jobs/companies/nexgate-it-gmbh/freelance-software-data-ai-engineer-development-data-ai-bad-homburg-260868
freelance-cloud-infrastructure-engineer-devops-platform-security-bad-homburg-447986,Freelance Cloud / Infrastructure Engineer (m/w/d) - DevOps | Platform | Security,Nexgate IT GmbH,Bad Homburg,True,"Freelance, berufserfahren","Remote, System and Network Administration",2,2026-09-12,Arbeitnow,https://www.arbeitnow.com/jobs/companies/nexgate-it-gmbh/freelance-cloud-infrastructure-engineer-devops-platform-security-bad-homburg-447986
senior-fullstack-engineer-localization-berlin-276796,Senior Fullstack Engineer - Localization,sumup,Berlin,False,Full Time,Engineering,1,2026-09-12,Arbeitnow,https://www.arbeitnow.com/jobs/companies/sumup/senior-fullstack-engineer-localization-berlin-276796
performance-marketing-working-student-talent-acquisition-berlin-134090,Performance Marketing Working Student – Talent Acquisition,sumup,Berlin,False,Full Time,People,1,2026-09-12,Arbeitnow,https://www.arbeitnow.com/jobs/companies/sumup/performance-marketing-working-student-talent-acquisition-berlin-134090
senior-software-engineer-qodana-core-berlin-munich-304252,Senior Software Engineer (Qodana Core),jetbrains,Berlin; Munich,False,Full Time,Qodana Core,1,2026-09-12,Arbeitnow,https://www.arbeitnow.com/jobs/companies/jetbrains/senior-software-engineer-qodana-core-berlin-munich-304252
remote-senior-software-developer-jcp-core-foundation-licensing-and-quotation-326822,Senior Software Developer (JCP Core Foundation Licensing and Quotation),jetbrains,Berlin; Munich; Remote,False,Full Time,JCP Core Foundation,1,2026-09-12,Arbeitnow,https://www.arbeitnow.com/jobs/companies/jetbrains/remote-senior-software-developer-jcp-core-foundation-licensing-and-quotation-326822
menu-planner-working-student-all-genders-berlin-berlin-133720,Menu Planner Working Student (all genders),hellofresh,"Berlin, Berlin",False,Full Time,Product Development,1,2026-09-12,Arbeitnow,https://www.arbeitnow.com/jobs/companies/hellofresh/menu-planner-working-student-all-genders-berlin-berlin-133720
director-customer-compensation-policy-berlin-berlin-486608,"Director, Customer Compensation & Policy",hellofresh,"Berlin, Berlin",False,Full Time,Marketing,1,2026-09-12,Arbeitnow,https://www.arbeitnow.com/jobs/companies/hellofresh/director-customer-compensation-policy-berlin-berlin-486608
sap-freelancer-s-4hana-functional-technical-bad-homburg-64367,SAP Freelancer (m/w/d) - S/4HANA | Functional | Technical,Nexgate IT GmbH,Bad Homburg,True,"Freelance, berufserfahren","Remote, SAP/ERP Consulting, Development",3,2026-09-12,Arbeitnow,https://www.arbeitnow.com/jobs/companies/nexgate-it-gmbh/sap-freelancer-s-4hana-functional-technical-bad-homburg-64367
senior-manager-tax-fokus-umsatzsteuer-munchen-272076,(Senior) Manager Tax – Fokus Umsatzsteuer (m/f/d),limehome,"München, Bayern, Germany",False,"Mid, fulltime permanent",Finance,1,2026-09-12,Arbeitnow,https://www.arbeitnow.com/jobs/companies/limehome/senior-manager-tax-fokus-umsatzsteuer-munchen-272076
remote-mitarbeiter-vertrieb-landwirtschaftliche-software-fur-mehrere-regionen-in-deutschland-munchen-464120,Mitarbeiter Vertrieb (m/w/d) landwirtschaftliche Software für mehrere Regionen in Deutschland,Wimex-Gruppe,Homeoffice,True,"Entry, fulltime permanent","geo-konzept GmbH, Remote",2,2026-09-12,Arbeitnow,https://www.arbeitnow.com/jobs/companies/wimex-gruppe/remote-mitarbeiter-vertrieb-landwirtschaftliche-software-fur-mehrere-regionen-in-deutschland-munchen-464120
vorarbeiter-teamleiter-produktion-osternienburger-land-94600,Vorarbeiter / Teamleiter (m/w/d) Produktion,Wimex-Gruppe,"Osternienburger Land, Sachsen-Anhalt, Deutschland",False,"Entry, fulltime permanent",Wimex Agrarprodukte Import und Export GmbH,1,2026-09-12,Arbeitnow,https://www.arbeitnow.com/jobs/companies/wimex-gruppe/vorarbeiter-teamleiter-produktion-osternienburger-land-94600
solution-architect-dach-berlin-germany-160999,Solution Architect - DACH,Insider One,"Berlin, Germany",False,Full Time,Customer Success,1,2026-09-12,Arbeitnow,https://www.arbeitnow.com/jobs/companies/insider-one/solution-architect-dach-berlin-germany-160999
tech-lead-full-stack-engineer-liveeo-gmbh-berlin-office-hybrid-196417,Tech Lead Full-Stack Engineer (f/m/x),LiveEO GmbH,LiveEO GmbH Berlin Office (Hybrid),False,"Experienced, Permanent, Full time",,0,2026-09-12,Arbeitnow,https://www.arbeitnow.com/jobs/companies/liveeo-gmbh/tech-lead-full-stack-engineer-liveeo-gmbh-berlin-office-hybrid-196417
senior-product-manager-isr-defence-intelligence-liveeo-gmbh-berlin-office-hybrid-369282,Senior Product Manager (ISR) Defence & Intelligence (f/m/x),LiveEO GmbH,LiveEO GmbH Berlin Office (Hybrid),False,"Experienced, Permanent, Full time","productmanager, productmanagement, defence, intelligence",4,2026-09-12,Arbeitnow,https://www.arbeitnow.com/jobs/companies/liveeo-gmbh/senior-product-manager-isr-defence-intelligence-liveeo-gmbh-berlin-office-hybrid-369282
senior-marketing-manager-government-solutions-liveeo-gmbh-berlin-onsite-204027,Senior Marketing Manager - Government Solutions (f/m/x),LiveEO GmbH,LiveEO GmbH Berlin (Onsite),False,"Experienced, Permanent, Full time","marketing, government",2,2026-09-12,Arbeitnow,https://www.arbeitnow.com/jobs/companies/liveeo-gmbh/senior-marketing-manager-government-solutions-liveeo-gmbh-berlin-onsite-204027
geospatial-data-analyst-in-the-field-of-ai-satellite-data-liveeo-gmbh-berlin-office-hybrid-99091,Geospatial Data Analyst (f/m/x) in the field of AI & Satellite Data,LiveEO GmbH,LiveEO GmbH Berlin Office (Hybrid),False,"Experienced, Temporary, Full time",,0,2026-09-12,Arbeitnow,https://www.arbeitnow.com/jobs/companies/liveeo-gmbh/geospatial-data-analyst-in-the-field-of-ai-satellite-data-liveeo-gmbh-berlin-office-hybrid-99091
director-sales-engineering-liveeo-gmbh-berlin-office-hybrid-263791,Director Sales Engineering (f/m/x),LiveEO GmbH,LiveEO GmbH Berlin Office (Hybrid),False,"Experienced, Permanent, Full time",,0,2026-09-12,Arbeitnow,https://www.arbeitnow.com/jobs/companies/liveeo-gmbh/director-sales-engineering-liveeo-gmbh-berlin-office-hybrid-263791
senior-consultant-search-content-ai-visibility-seo-geo-munchen-302864,"Senior Consultant Search, Content & AI Visibility (SEO/GEO) (m/w/d), München",Towa,München,False,"Experienced, Permanent, Full time",,0,2026-09-12,Arbeitnow,https://www.arbeitnow.com/jobs/companies/towa/senior-consultant-search-content-ai-visibility-seo-geo-munchen-302864
senior-consultant-search-content-ai-visibility-seo-geo-dusseldorf-150159,"Senior Consultant Search, Content & AI Visibility (SEO/GEO) (m/w/d), Düsseldorf",Towa,Düsseldorf,False,"Experienced, Permanent, Full time",,0,2026-09-12,Arbeitnow,https://www.arbeitnow.com/jobs/companies/towa/senior-consultant-search-content-ai-visibility-seo-geo-dusseldorf-150159
senior-consultant-digital-analytics-munchen-152378,"Senior Consultant Digital Analytics (m/w/d), München",Towa,München,False,"Experienced, Permanent, Full time",,0,2026-09-12,Arbeitnow,https://www.arbeitnow.com/jobs/companies/towa/senior-consultant-digital-analytics-munchen-152378
senior-consultant-digital-analytics-dusseldorf-98098,"Senior Consultant Digital Analytics (m/w/d), Düsseldorf",Towa,Düsseldorf,False,"Experienced, Permanent, Full time",,0,2026-09-12,Arbeitnow,https://www.arbeitnow.com/jobs/companies/towa/senior-consultant-digital-analytics-dusseldorf-98098
praktikum-digital-analytics-ab-september-munchen-307066,"Praktikum Digital Analytics (m/w/d)| Ab September, München",Towa,München,False,"Entry, Intern, Full time",,0,2026-09-12,Arbeitnow,https://www.arbeitnow.com/jobs/companies/towa/praktikum-digital-analytics-ab-september-munchen-307066
technical-solutions-engineer-karlsruhe-ger-34936,Technical Solutions Engineer,Stp One,"Karlsruhe, GER",False,"Experienced, Permanent, Full time",,0,2026-09-12,Arbeitnow,https://www.arbeitnow.com/jobs/companies/stp-one/technical-solutions-engineer-karlsruhe-ger-34936
marketing-intern-working-student-gn-dresden-120178,Marketing Intern / Working student (gn),Wandelbots GmbH,Dresden,False,"Entry, Intern, Full or part time","Marketing, Event Management, Marketing Operations, Event Marketing, Content Creation, Social Media Marketing, Project Coordination, Trade Fair Management, Marketing Communications, Event Coordination, working student, werkstudent, werkstudentin, intern",14,2026-09-12,Arbeitnow,https://www.arbeitnow.com/jobs/companies/wandelbots-gmbh/marketing-intern-working-student-gn-dresden-120178
remote-senior-rollout-manager-dach-93023,Senior Rollout Manager (f/m/x) – DACH,IONITY GmbH,Remote Work Germany,False,"Experienced, Permanent, Full time",,0,2026-09-12,Arbeitnow,https://www.arbeitnow.com/jobs/companies/ionity-gmbh/remote-senior-rollout-manager-dach-93023
remote-werkstudent-npl-partnermanagement-268610,Werkstudent NPL & Partnermanagement (m/w/d),Auxmoney Gmbh,Remote / Düsseldorf,True,"Student, Working student, Part time","Werkstudent, Job, Düsseldorf, Homeoffice, Remote",5,2026-09-12,Arbeitnow,https://www.arbeitnow.com/jobs/companies/auxmoney-gmbh/remote-werkstudent-npl-partnermanagement-268610
remote-senior-salesforce-developer-288295,Senior Salesforce Developer (m/f/d),Auxmoney Gmbh,Remote / Düsseldorf,True,"Experienced, Permanent, Full time","IT, Tech, Salesforce, Engineer, Engineering, Development, Developer, Remote, Germany, Deutschland, Homeoffice, Jobs, Stellen",13,2026-09-12,Arbeitnow,https://www.arbeitnow.com/jobs/companies/auxmoney-gmbh/remote-senior-salesforce-developer-288295
remote-senior-devops-engineer-340622,Senior DevOps Engineer (m/f/d),Auxmoney Gmbh,Remote / Düsseldorf,False,"Experienced, Permanent, Full time",,0,2026-09-12,Arbeitnow,https://www.arbeitnow.com/jobs/companies/auxmoney-gmbh/remote-senior-devops-engineer-340622
strategic-account-executive-germering-germany-104734,Strategic Account Executive (m/f/d),DocuWare,Germering / Germany,False,"Experienced, Permanent, Full time",,0,2026-09-12,Arbeitnow,https://www.arbeitnow.com/jobs/companies/docuware/strategic-account-executive-germering-germany-104734
senior-presales-consultant-germering-germany-151396,Senior PreSales Consultant (m/f/d),DocuWare,Germering / Germany,False,"Experienced, Permanent, Full time",,0,2026-09-12,Arbeitnow,https://www.arbeitnow.com/jobs/companies/docuware/senior-presales-consultant-germering-germany-151396
head-of-business-operations-senior-business-operations-manager-all-genders-welcome-munchen-181268,Head of Business Operations / Senior Business Operations Manager - all genders welcome!,Vicegolf,München,False,"Experienced, Permanent, Full time","business operations, senior business operations manager",2,2026-09-12,Arbeitnow,https://www.arbeitnow.com/jobs/companies/vicegolf/head-of-business-operations-senior-business-operations-manager-all-genders-welcome-munchen-181268
product-owner-all-genders-management-suite-tribe-augsburg-350896,Product Owner (all genders) - Management Suite Tribe,Baramundi Software Ag,Augsburg,False,"Experienced, Permanent, Full time",,0,2026-09-12,Arbeitnow,https://www.arbeitnow.com/jobs/companies/baramundi-software-ag/product-owner-all-genders-management-suite-tribe-augsburg-350896
werkstudent-sales-development-munchen-199343,Werkstudent Sales Development (m/w/d),Comdesk Gmbh,München,False,"Student, Working student, Part time",,0,2026-09-12,Arbeitnow,https://www.arbeitnow.com/jobs/companies/comdesk-gmbh/werkstudent-sales-development-munchen-199343
account-executive-munchen-86092,Account Executive (m/w/d),Comdesk Gmbh,München,False,"Experienced, Permanent, Full time",,0,2026-09-12,Arbeitnow,https://www.arbeitnow.com/jobs/companies/comdesk-gmbh/account-executive-munchen-86092
online-marketing-manager-im-performance-marketing-projektmanagement-hagen-239333,Online Marketing Manager (m/w/d) im Performance Marketing & Projektmanagement,Samuel Waigner,Hagen,False,berufserfahren,Social Media Manager,1,2026-09-12,Arbeitnow,https://www.arbeitnow.com/jobs/companies/samuel-waigner/online-marketing-manager-im-performance-marketing-projektmanagement-hagen-239333
marketing-minijob-boblingen-377155,Marketing Minijob (m/w/d),BIMraum GmbH,Böblingen,False,berufserfahren,Marketing Manager,1,2026-09-12,Arbeitnow,https://www.arbeitnow.com/jobs/companies/bimraum-gmbh/marketing-minijob-boblingen-377155
senior-software-engineer-us-payments-and-partner-operations-berlin-berlin-455337,Senior Software Engineer - US Payments and Partner Operations (m/f/d),raisin,"Berlin, Berlin",False,Full Time,Engineering,1,2026-09-12,Arbeitnow,https://www.arbeitnow.com/jobs/companies/raisin/senior-software-engineer-us-payments-and-partner-operations-berlin-berlin-455337
senior-partnerships-manager-dach-berlin-berlin-314344,Senior Partnerships Manager DACH (m/f/d),raisin,"Berlin, Berlin",False,Full Time,Deposits,1,2026-09-12,Arbeitnow,https://www.arbeitnow.com/jobs/companies/raisin/senior-partnerships-manager-dach-berlin-berlin-314344
solutions-architect-customerlake-berlin-114067,"Solutions Architect, CustomerLake",databricks,Berlin,False,Full Time,Field Engineering - Other,1,2026-09-12,Arbeitnow,https://www.arbeitnow.com/jobs/companies/databricks/solutions-architect-customerlake-berlin-114067
associate-director-teamlead-digital-media-mensch-hamburg-150060,Associate Director/Teamlead Digital Media (Mensch),wppmedia,Hamburg,False,Full Time,Media Management & Delivery,1,2026-09-12,Arbeitnow,https://www.arbeitnow.com/jobs/companies/wppmedia/associate-director-teamlead-digital-media-mensch-hamburg-150060
freelance-principal-recruiter-1038,Freelance Principal Recruiter,typeform,,False,Full Time,People and Culture,1,2026-09-12,Arbeitnow,https://www.arbeitnow.com/jobs/companies/typeform/freelance-principal-recruiter-1038
machine-learning-ops-engineer-personalization-mwd-berlin-48646,Machine Learning Ops Engineer - Personalization (m|w|d),idealo internet GmbH,"Berlin, Berlin, Deutschland",False,"Experienced, fulltime permanent",Technology & Data,1,2026-09-12,Arbeitnow,https://www.arbeitnow.com/jobs/companies/idealo-internet-gmbh/machine-learning-ops-engineer-personalization-mwd-berlin-48646
teamleiter-finanzbuchhaltung-controlling-fur-die-interne-verwaltung-bonn-223936,Teamleiter Finanzbuchhaltung & Controlling für die interne Verwaltung (m/w/d),PMPG,"Bonn, Nordrhein-Westfalen, Deutschland",False,"Entry, fulltime permanent",,0,2026-09-12,Arbeitnow,https://www.arbeitnow.com/jobs/companies/pmpg/teamleiter-finanzbuchhaltung-controlling-fur-die-interne-verwaltung-bonn-223936
remote-werkstudent-finance-beratung-unternehmerisch-leistungsbasiert-hamburg-319936,"Werkstudent (m/w/d) – Finance & Beratung (unternehmerisch, leistungsbasiert)",Kevin Kehr,Homeoffice,True,"Entry, fulltime permanent",Remote,1,2026-09-12,Arbeitnow,https://www.arbeitnow.com/jobs/companies/kevin-kehr/remote-werkstudent-finance-beratung-unternehmerisch-leistungsbasiert-hamburg-319936
remote-german-speaking-senior-accountant-germany-24124,German Speaking Senior Accountant,Avomind,Germany,True,Full Time,"External - Operations, Remote",2,2026-09-12,Arbeitnow,https://www.arbeitnow.com/jobs/companies/avomind/remote-german-speaking-senior-accountant-germany-24124
chief-of-staff-berlin-10609,Chief of Staff,deeploi - This is IT,Berlin,False,"Experienced, Permanent, Full time","Management, Leadership, Strategic Thinking, Special Projects, Legal, Finance, People, OKR, financial planning, Execution, Excellence, Reporting, Planning, Consulting, entrepreneurial",15,2026-09-12,Arbeitnow,https://www.arbeitnow.com/jobs/companies/deeploi-this-is-it/chief-of-staff-berlin-10609
werkstudent-projekt-asset-und-kostenmanagement-bereich-real-estate-deutschlandweit-305069,"Werkstudent Projekt-, Asset- und Kostenmanagement - Bereich Real Estate (m/w/d)",Taeurope,Deutschlandweit,False,"Student, Intern, Part time","Real Estate, project management, Projekte, Consulting, Real Estate Consulting, Beratung, Architektur, Bauingenieur, Wirschaftsingenieur, Transaction, technische Prüfung, Kostenmanagement, Cost Management",13,2026-09-12,Arbeitnow,https://www.arbeitnow.com/jobs/companies/taeurope/werkstudent-projekt-asset-und-kostenmanagement-bereich-real-estate-deutschlandweit-305069
senior-technical-asset-manager-real-estate-deutschlandweit-49505,Senior Technical Asset Manager - Real Estate (m/w/d),Taeurope,Deutschlandweit,False,"Experienced, Permanent, Full time","Projectmanagement, Projektmanagement, Technical Asset Management, Asset Management, CAPEX, OPEX, Analysen, Projekt, Project, Immobilien, Real Estate, Drees Sommer, Arcadis, CBRE, JLL, Lysander, Turner Townsend, Ingenieur, Bauingenieur, TAM, Immobilienmanagement",21,2026-09-12,Arbeitnow,https://www.arbeitnow.com/jobs/companies/taeurope/senior-technical-asset-manager-real-estate-deutschlandweit-49505
senior-product-manager-salesforce-internal-enablement-all-genders-berlin-442684,Senior Product Manager - Salesforce & Internal Enablement (all genders),Aroundhome,Berlin,False,"Experienced, Permanent, Full time",,0,2026-09-12,Arbeitnow,https://www.arbeitnow.com/jobs/companies/aroundhome/senior-product-manager-salesforce-internal-enablement-all-genders-berlin-442684
legal-specialist-tech-data-berlin-96618,Legal Specialist Tech & Data (m/f/d),Neon,Berlin,False,"Entry, Permanent, Full or part time","Tech&Data, IT, KI, Datenschutz, Recht, Tech & Data",6,2026-09-12,Arbeitnow,https://www.arbeitnow.com/jobs/companies/neon/legal-specialist-tech-data-berlin-96618
werkstudentin-finance-projects-systems-dusseldorf-64295,Werkstudent*in Finance Projects & Systems (m/w/d),OXG Glasfaser GmbH,Düsseldorf,False,"Student, Intern, Part time",,0,2026-09-12,Arbeitnow,https://www.arbeitnow.com/jobs/companies/oxg-glasfaser-gmbh/werkstudentin-finance-projects-systems-dusseldorf-64295
remote-werkstudentin-accounting-236711,Werkstudent*in Accounting (m/w/d),OXG Glasfaser GmbH,Düsseldorf und Remote,False,"Student, Intern, Part time",,0,2026-09-12,Arbeitnow,https://www.arbeitnow.com/jobs/companies/oxg-glasfaser-gmbh/remote-werkstudentin-accounting-236711
remote-werkstudent-projektkoordination-wohnungswirtschaft-ne3-96817,Werkstudent Projektkoordination Wohnungswirtschaft NE3 (m/w/d),OXG Glasfaser GmbH,Düsseldorf und Remote,False,"Student, Intern, Part time","Werkstudium, Projektkoordination, NE3, Glasfaser",4,2026-09-12,Arbeitnow,https://www.arbeitnow.com/jobs/companies/oxg-glasfaser-gmbh/remote-werkstudent-projektkoordination-wohnungswirtschaft-ne3-96817
remote-werkstudent-einkauf-fur-tiefbau-und-planungsleistungen-im-glasfaserausbau-116887,Werkstudent Einkauf für Tiefbau- und Planungsleistungen im Glasfaserausbau (m/w/d),OXG Glasfaser GmbH,Düsseldorf und Remote,False,"Student, Working student, Part time",,0,2026-09-12,Arbeitnow,https://www.arbeitnow.com/jobs/companies/oxg-glasfaser-gmbh/remote-werkstudent-einkauf-fur-tiefbau-und-planungsleistungen-im-glasfaserausbau-116887
working-student-system-administration-all-genders-berlin-74999,Working Student System Administration (all genders),Helpling,Berlin,False,"Entry, Intern, Part time",,0,2026-09-12,Arbeitnow,https://www.arbeitnow.com/jobs/companies/helpling/working-student-system-administration-all-genders-berlin-74999
pim-data-cleansing-administrator-1-year-fixed-term-berlin-451970,PIM Data Cleansing Administrator (1 year fixed-term),Lovehoney Group,Berlin,False,Full time,56.1. Quality Global,1,2026-09-12,Arbeitnow,https://www.arbeitnow.com/jobs/companies/lovehoney-group/pim-data-cleansing-administrator-1-year-fixed-term-berlin-451970
project-engineering-manager-core-spreads-manufacturing-pratau-468428,Project Engineering Manager - Core Spreads Manufacturing,Flora Food Group,"Pratau, Saxony-Anhalt, Germany",False,Full Time,,0,2026-09-12,Arbeitnow,https://www.arbeitnow.com/jobs/companies/flora-food-group/project-engineering-manager-core-spreads-manufacturing-pratau-468428
steuerberater-in-steinwenden-auf-wunsch-mit-partnerperspektive-gesucht-mindestens-90000eur-395925,"Steuerberater (m/w/d) in Steinwenden, auf Wunsch mit Partnerperspektive, gesucht - mindestens 90.000€",Taxtalente.de,Steinwenden,False,Full Time,"Directors, Chief Executives",2,2026-09-12,Arbeitnow,https://www.arbeitnow.com/jobs/companies/taxtalentede/steuerberater-in-steinwenden-auf-wunsch-mit-partnerperspektive-gesucht-mindestens-90000eur-395925
steuerberater-in-pirna-auf-wunsch-mit-partnerperspektive-gesucht-mindestens-90000eur-282663,"Steuerberater (m/w/d) in Pirna, auf Wunsch mit Partnerperspektive, gesucht - mindestens 90.000€",Taxtalente.de,Pirna,False,Full Time,"Directors, Chief Executives",2,2026-09-12,Arbeitnow,https://www.arbeitnow.com/jobs/companies/taxtalentede/steuerberater-in-pirna-auf-wunsch-mit-partnerperspektive-gesucht-mindestens-90000eur-282663
steuerberater-in-althegnenberg-auf-wunsch-mit-partnerperspektive-gesucht-mindestens-90000eur-408155,"Steuerberater (m/w/d) in Althegnenberg, auf Wunsch mit Partnerperspektive, gesucht - mindestens 90.000€",Taxtalente.de,Althegnenberg,False,Full Time,"Directors, Chief Executives",2,2026-09-12,Arbeitnow,https://www.arbeitnow.com/jobs/companies/taxtalentede/steuerberater-in-althegnenberg-auf-wunsch-mit-partnerperspektive-gesucht-mindestens-90000eur-408155
steuerberater-in-neulussheim-auf-wunsch-mit-partnerperspektive-gesucht-mindestens-90000eur-218580,"Steuerberater (m/w/d) in Neulußheim, auf Wunsch mit Partnerperspektive, gesucht - mindestens 90.000€",Taxtalente.de,Neulußheim,False,Full Time,"Directors, Chief Executives",2,2026-09-12,Arbeitnow,https://www.arbeitnow.com/jobs/companies/taxtalentede/steuerberater-in-neulussheim-auf-wunsch-mit-partnerperspektive-gesucht-mindestens-90000eur-218580
steuerberater-in-luhden-auf-wunsch-mit-partnerperspektive-gesucht-mindestens-90000eur-25920,"Steuerberater (m/w/d) in Luhden, auf Wunsch mit Partnerperspektive, gesucht - mindestens 90.000€",Taxtalente.de,Luhden,False,Full Time,"Directors, Chief Executives",2,2026-09-12,Arbeitnow,https://www.arbeitnow.com/jobs/companies/taxtalentede/steuerberater-in-luhden-auf-wunsch-mit-partnerperspektive-gesucht-mindestens-90000eur-25920
steuerberater-in-harxheim-auf-wunsch-mit-partnerperspektive-gesucht-mindestens-90000eur-378096,"Steuerberater (m/w/d) in Harxheim, auf Wunsch mit Partnerperspektive, gesucht - mindestens 90.000€",Taxtalente.de,Harxheim,False,Full Time,"Directors, Chief Executives",2,2026-09-12,Arbeitnow,https://www.arbeitnow.com/jobs/companies/taxtalentede/steuerberater-in-harxheim-auf-wunsch-mit-partnerperspektive-gesucht-mindestens-90000eur-378096
steuerberater-in-rosbach-vor-der-hohe-auf-wunsch-mit-partnerperspektive-gesucht-mindestens-90000eur-498734,"Steuerberater (m/w/d) in Rosbach vor der Höhe, auf Wunsch mit Partnerperspektive, gesucht - mindestens 90.000€",Taxtalente.de,Rosbach vor der Höhe,False,Full Time,"Directors, Chief Executives",2,2026-09-12,Arbeitnow,https://www.arbeitnow.com/jobs/companies/taxtalentede/steuerberater-in-rosbach-vor-der-hohe-auf-wunsch-mit-partnerperspektive-gesucht-mindestens-90000eur-498734
steuerberater-in-kirchheim-an-der-weinstrasse-auf-wunsch-mit-partnerperspektive-gesucht-mindestens-90000eur-495397,"Steuerberater (m/w/d) in Kirchheim an der Weinstraße, auf Wunsch mit Partnerperspektive, gesucht - mindestens 90.000€",Taxtalente.de,Kirchheim an der Weinstraße,False,Full Time,"Directors, Chief Executives",2,2026-09-12,Arbeitnow,https://www.arbeitnow.com/jobs/companies/taxtalentede/steuerberater-in-kirchheim-an-der-weinstrasse-auf-wunsch-mit-partnerperspektive-gesucht-mindestens-90000eur-495397
senior-principal-talent-acquisition-partner-munich-32396,Senior / Principal Talent Acquisition Partner,celonis,Munich,False,Full Time,Corporate,1,2026-09-12,Arbeitnow,https://www.arbeitnow.com/jobs/companies/celonis/senior-principal-talent-acquisition-partner-munich-32396
senior-design-engineer-design-system-munich-104279,"Senior Design Engineer, Design System",celonis,Munich,False,Full Time,Product,1,2026-09-12,Arbeitnow,https://www.arbeitnow.com/jobs/companies/celonis/senior-design-engineer-design-system-munich-104279
principal-enterprise-architect-munich-425728,Principal Enterprise Architect,celonis,Munich,False,Full Time,Value Engineering,1,2026-09-12,Arbeitnow,https://www.arbeitnow.com/jobs/companies/celonis/principal-enterprise-architect-munich-425728
intern-technology-consultant-data-ai-munich-157199,Intern Technology Consultant - Data & AI,celonis,Munich,False,Full Time,Services,1,2026-09-12,Arbeitnow,https://www.arbeitnow.com/jobs/companies/celonis/intern-technology-consultant-data-ai-munich-157199
intern-deployment-engineer-data-ai-munich-416311,Intern Deployment Engineer - Data & AI,celonis,Munich,False,Full Time,Services,1,2026-09-12,Arbeitnow,https://www.arbeitnow.com/jobs/companies/celonis/intern-deployment-engineer-data-ai-munich-416311
senior-product-manager-technical-berlin-245061,"Senior Product Manager, Technical (m/f/d)",affinidi,Berlin,False,Full Time,Product,1,2026-09-12,Arbeitnow,https://www.arbeitnow.com/jobs/companies/affinidi/senior-product-manager-technical-berlin-245061
senior-site-reliability-engineer-berlin-322482,Senior Site Reliability Engineer,planetlabs,Berlin,False,Full Time,Infrastructure and IT Applications,1,2026-09-12,Arbeitnow,https://www.arbeitnow.com/jobs/companies/planetlabs/senior-site-reliability-engineer-berlin-322482
senior-backend-engineer-databases-loki-query-germany-remote-136823,Senior Backend Engineer - Databases - Loki Query  | Germany | Remote,grafanalabs,,False,Full Time,R&D : Databases,1,2026-09-12,Arbeitnow,https://www.arbeitnow.com/jobs/companies/grafanalabs/senior-backend-engineer-databases-loki-query-germany-remote-136823
senior-specialist-employee-relations-emea-52735,"Senior Specialist, Employee Relations - EMEA",remotecom,,False,Full Time,Offboarding,1,2026-09-12,Arbeitnow,https://www.arbeitnow.com/jobs/companies/remotecom/senior-specialist-employee-relations-emea-52735
account-executive-ae-dach-berlin-268038,Account Executive (AE) | DACH (d/f/m),Luminovo GmbH,🇩🇪 Berlin (hybrid),False,Full Time,Revenue,1,2026-09-12,Arbeitnow,https://www.arbeitnow.com/jobs/companies/luminovo-gmbh/account-executive-ae-dach-berlin-268038
workday-financial-systems-architect-berlin-454392,Workday Financial Systems Architect,AMBOSS,Berlin,False,Full Time,General & Administration,1,2026-09-12,Arbeitnow,https://www.arbeitnow.com/jobs/companies/amboss/workday-financial-systems-architect-berlin-454392
senior-integrated-producer-berlin-108438,Senior Integrated Producer,Jellyfish,Berlin,False,Full Time,Creative,1,2026-09-12,Arbeitnow,https://www.arbeitnow.com/jobs/companies/jellyfish/senior-integrated-producer-berlin-108438
senior-creative-strategy-content-manager-berlin-256076,Senior Creative Strategy & Content Manager,Jellyfish,Berlin,False,Full Time,Creative,1,2026-09-12,Arbeitnow,https://www.arbeitnow.com/jobs/companies/jellyfish/senior-creative-strategy-content-manager-berlin-256076
visiting-founders-associate-engineering-berlin-479717,Visiting Founders Associate (Engineering),Peec AI,Berlin,False,Intern,Engineering,1,2026-09-12,Arbeitnow,https://www.arbeitnow.com/jobs/companies/peec-ai/visiting-founders-associate-engineering-berlin-479717
technical-lead-laser-amplification-darmstadt-101051,"Technical Lead, Laser Amplification (f/m/d)",Focused,"Darmstadt, DE",False,Full Time,Laser,1,2026-09-12,Arbeitnow,https://www.arbeitnow.com/jobs/companies/focused/technical-lead-laser-amplification-darmstadt-101051
director-of-people-gn-at-deeptech-scale-up-berlin-or-dresden-473490,"Director of People (gn) @ DeepTech Scale-Up, Berlin or Dresden",atlantic.vc,"Berlin, Berlin, Germany",False,"Senior manager, fulltime permanent",Portfolio Company,1,2026-09-12,Arbeitnow,https://www.arbeitnow.com/jobs/companies/atlanticvc/director-of-people-gn-at-deeptech-scale-up-berlin-or-dresden-473490
werkstudent-all-genders-data-engineering-frankfurt-am-main-88058,Werkstudent (all genders) Data Engineering,Supreme Sports Hospitality GmbH,"Frankfurt am Main, Hessen, Deutschland",False,"Entry, parttime fixed term",Finance,1,2026-09-12,Arbeitnow,https://www.arbeitnow.com/jobs/companies/supreme-sports-hospitality-gmbh/werkstudent-all-genders-data-engineering-frankfurt-am-main-88058
griller-im-stadionkiosk-all-genders-frankfurt-am-main-219030,Griller im Stadionkiosk (all genders),Supreme Sports Hospitality GmbH,"Frankfurt am Main, Hessen, Deutschland",False,"Entry, parttime minijob",Aushilfsjobs Frankfurt (Minijob),1,2026-09-12,Arbeitnow,https://www.arbeitnow.com/jobs/companies/supreme-sports-hospitality-gmbh/griller-im-stadionkiosk-all-genders-frankfurt-am-main-219030
zapfer-im-stadionkiosk-all-genders-frankfurt-am-main-427075,Zapfer im Stadionkiosk (all genders),Supreme Sports Hospitality GmbH,"Frankfurt am Main, Hessen, Deutschland",False,"Entry, parttime minijob",Aushilfsjobs Frankfurt (Minijob),1,2026-09-12,Arbeitnow,https://www.arbeitnow.com/jobs/companies/supreme-sports-hospitality-gmbh/zapfer-im-stadionkiosk-all-genders-frankfurt-am-main-427075
kioskleitung-all-genders-frankfurt-am-main-215210,Kioskleitung (all genders),Supreme Sports Hospitality GmbH,"Frankfurt am Main, Hessen, Deutschland",False,"Mid, parttime minijob",Aushilfsjobs Frankfurt (Minijob),1,2026-09-12,Arbeitnow,https://www.arbeitnow.com/jobs/companies/supreme-sports-hospitality-gmbh/kioskleitung-all-genders-frankfurt-am-main-215210
senior-partnerships-manager-dach-munchen-150490,(Senior) Partnerships Manager DACH (m/f/d),Bears With Benefits,München,False,"Entry, Permanent, Full time","Influencer Marketing, Affiliate, Affiliate Marketing, Partnerships Marketing",4,2026-09-12,Arbeitnow,https://www.arbeitnow.com/jobs/companies/bears-with-benefits/senior-partnerships-manager-dach-munchen-150490
software-engineer-munich-378638,Software Engineer (f/m/x),Tanso,Munich,False,"Entry, Permanent, Full time",,0,2026-09-12,Arbeitnow,https://www.arbeitnow.com/jobs/companies/tanso/software-engineer-munich-378638
senior-software-engineer-munich-150120,Senior Software Engineer (f/m/x),Tanso,Munich,False,"Entry, Permanent, Full time",,0,2026-09-12,Arbeitnow,https://www.arbeitnow.com/jobs/companies/tanso/senior-software-engineer-munich-150120
director-institutional-capital-and-partnerships-frankfurt-hamburg-und-berlin-22186,"Director Institutional Capital and Partnerships (m/w/d) – Frankfurt, Hamburg und Berlin",Condo Group,Frankfurt,False,"Experienced, Permanent, Full time",,0,2026-09-12,Arbeitnow,https://www.arbeitnow.com/jobs/companies/condo-group/director-institutional-capital-and-partnerships-frankfurt-hamburg-und-berlin-22186
senior-manager-new-business-strategic-growth-berlin-b-42948,Senior Manager New Business &  Strategic Growth (w/m/x),Piabo,Berlin (B),False,"Experienced, Permanent, Full or part time","SEO, Geo, Generative, AI Product",4,2026-09-12,Arbeitnow,https://www.arbeitnow.com/jobs/companies/piabo/senior-manager-new-business-strategic-growth-berlin-b-42948
platform-engineer-munchen-481409,Platform Engineer (m/f/d),Ecoplanet Green Operations Gmbh,München,False,"Experienced, Permanent, Full time","Platform Engineer, Infra Engineer, Startup",3,2026-09-12,Arbeitnow,https://www.arbeitnow.com/jobs/companies/ecoplanet-green-operations-gmbh/platform-engineer-munchen-481409
head-of-engineering-munchen-71888,Head of Engineering (m/f/d),Ecoplanet Green Operations Gmbh,München,False,"Executive, Permanent, Full time","Engineering, Startup, Team Management, People Management",4,2026-09-12,Arbeitnow,https://www.arbeitnow.com/jobs/companies/ecoplanet-green-operations-gmbh/head-of-engineering-munchen-71888
data-engineer-munchen-63681,Data Engineer (m/f/d),Ecoplanet Green Operations Gmbh,München,False,"Experienced, Permanent, Full time",Data Engineering,1,2026-09-12,Arbeitnow,https://www.arbeitnow.com/jobs/companies/ecoplanet-green-operations-gmbh/data-engineer-munchen-63681
medical-director-berlin-411203,Medical Director (m/w/x),Doctorflix,Berlin,False,"Experienced, Permanent, Full time",,0,2026-09-12,Arbeitnow,https://www.arbeitnow.com/jobs/companies/doctorflix/medical-director-berlin-411203
software-engineer-linux-os-karlsruhe-193682,Software Engineer Linux OS (m/w/d),Smight Gmbh,Karlsruhe,False,"Experienced, Permanent, Full time","Software Engineer Linux OS, Linux OS, Software Entwicklung, Engineering",4,2026-09-12,Arbeitnow,https://www.arbeitnow.com/jobs/companies/smight-gmbh/software-engineer-linux-os-karlsruhe-193682
it-system-engineer-projekte-nurnberg-41642,IT System Engineer Projekte (m/w/d) - Nürnberg,Neumeier Ag,Nürnberg,False,"Experienced, Permanent, Full time","IT, EDV, Systemadministration, System Engineer, Fachinformatiker, Fachinformatikerin, Informatiker, Informatikerin, Informatik, Server, Cloud, Netzwerkinfrastruktur, Microsoft, MS365, M365, Security, Migration, Virtualisierung, Active Directory, VMware, Nürnberg, Fürth, Erlangen",23,2026-09-12,Arbeitnow,https://www.arbeitnow.com/jobs/companies/neumeier-ag/it-system-engineer-projekte-nurnberg-41642
senior-talent-acquisition-manager-munchen-308132,Senior Talent Acquisition Manager (m/f/d),Yoummday GmbH,München,False,"Experienced, Permanent, Full time","Active Sourcing, Talent Acquisition, Recruiting, Employer Branding, HR Marketing, Talent Attraction, Recruitment, People & Culture, Headhunting, Executive Search",10,2026-09-12,Arbeitnow,https://www.arbeitnow.com/jobs/companies/yoummday-gmbh/senior-talent-acquisition-manager-munchen-308132
senior-security-engineer-munchen-238321,Senior Security Engineer (m/f/d),Yoummday GmbH,München,False,"Experienced, Permanent, Full time",,0,2026-09-12,Arbeitnow,https://www.arbeitnow.com/jobs/companies/yoummday-gmbh/senior-security-engineer-munchen-238321
senior-consultant-manager-business-strategy-munchen-340596,Senior Consultant/Manager Business Strategy (m/f/d),Yoummday GmbH,München,False,"Experienced, Permanent, Full time",,0,2026-09-12,Arbeitnow,https://www.arbeitnow.com/jobs/companies/yoummday-gmbh/senior-consultant-manager-business-strategy-munchen-340596
werkstudent-kreation-grafik-design-koln-420558,Werkstudent (m/w/d) Kreation/Grafik Design,Dyn Media GmbH,Köln,False,"Student, Working student, Part time",,0,2026-09-12,Arbeitnow,https://www.arbeitnow.com/jobs/companies/dyn-media-gmbh/werkstudent-kreation-grafik-design-koln-420558
fuhrungskraftecoach-freiberuflich-online-coaching-per-video-100-flexibel-oberhausen-446840,"Führungskräftecoach (m/w/d) freiberuflich, Online Coaching per Video | 100 % flexibel",myCoachz GmbH,Oberhausen,True,"Freelance, berufserfahren","Remote, Business Consulting",2,2026-09-12,Arbeitnow,https://www.arbeitnow.com/jobs/companies/mycoachz-gmbh/fuhrungskraftecoach-freiberuflich-online-coaching-per-video-100-flexibel-oberhausen-446840
sr-agent-architect-germany-72194,Sr Agent Architect (Germany),parloa,,False,Full Time,Professional Services,1,2026-09-12,Arbeitnow,https://www.arbeitnow.com/jobs/companies/parloa/sr-agent-architect-germany-72194
senior-software-engineer-golang-ai-domain-berlin-frankfurt-munich-39473,"Senior Software Engineer (GOlang, AI domain)",workato,Berlin; Frankfurt; Munich,False,Full Time,Product & Engineering,1,2026-09-12,Arbeitnow,https://www.arbeitnow.com/jobs/companies/workato/senior-software-engineer-golang-ai-domain-berlin-frankfurt-munich-39473
product-manager-publisher-payments-berlin-berlin-252401,"Product Manager, Publisher Payments (f/m/d)",Awin,"Berlin, Berlin",False,Full Time,"Product, Research & Development",2,2026-09-12,Arbeitnow,https://www.arbeitnow.com/jobs/companies/awin/product-manager-publisher-payments-berlin-berlin-252401
senior-software-engineer-real-time-ad-serving-berlin-113582,Senior Software Engineer — Real-Time Ad Serving,zetaglobal,Berlin,False,Full Time,Engineering,1,2026-09-12,Arbeitnow,https://www.arbeitnow.com/jobs/companies/zetaglobal/senior-software-engineer-real-time-ad-serving-berlin-113582
senior-software-engineer-nodejs-typescript-berlin-berlin-383924,Senior Software Engineer - Node.js/TypeScript (x/f/m),Doctolib,"Berlin, Berlin",False,Full Time,Engineering,1,2026-09-12,Arbeitnow,https://www.arbeitnow.com/jobs/companies/doctolib/senior-software-engineer-nodejs-typescript-berlin-berlin-383924
weather-analytics-internship-program-berlin-309952,Weather Analytics Internship Program,engelhart,Berlin,False,Full Time,Graduate Internships,1,2026-09-12,Arbeitnow,https://www.arbeitnow.com/jobs/companies/engelhart/weather-analytics-internship-program-berlin-309952
renewables-origination-analytics-internship-program-berlin-4898,Renewables Origination Analytics Internship Program,engelhart,Berlin,False,Full Time,Graduate Internships,1,2026-09-12,Arbeitnow,https://www.arbeitnow.com/jobs/companies/engelhart/renewables-origination-analytics-internship-program-berlin-4898
power-trading-renewables-analytics-internship-program-berlin-333951,Power Trading & Renewables Analytics Internship Program,engelhart,Berlin,False,Full Time,Graduate Internships,1,2026-09-12,Arbeitnow,https://www.arbeitnow.com/jobs/companies/engelhart/power-trading-renewables-analytics-internship-program-berlin-333951
key-account-manager-schaperstrasse-18-53568,Key Account Manager,Montu UK,Germany,False,Full Time,Global Team,1,2026-09-12,Arbeitnow,https://www.arbeitnow.com/jobs/companies/montu-uk/key-account-manager-schaperstrasse-18-53568
junior-office-manager-hamburg-36385,Junior Office Manager (m/f/d),Statista,Hamburg,False,Full Time,People,1,2026-09-12,Arbeitnow,https://www.arbeitnow.com/jobs/companies/statista/junior-office-manager-hamburg-36385
analyst-education-hamburg-32024,Analyst - Education (m/f/d),Statista,Hamburg,False,Full Time,Data,1,2026-09-12,Arbeitnow,https://www.arbeitnow.com/jobs/companies/statista/analyst-education-hamburg-32024
internship-workplace-and-people-operations-berlin-265857,Internship - Workplace and People Operations,Telli,Berlin,False,Intern,General,1,2026-09-12,Arbeitnow,https://www.arbeitnow.com/jobs/companies/telli/internship-workplace-and-people-operations-berlin-265857
sr-account-executive-enterprise-berlin-144220,Sr. Account Executive - Enterprise,Telli,Berlin,False,Full Time,GTM,1,2026-09-12,Arbeitnow,https://www.arbeitnow.com/jobs/companies/telli/sr-account-executive-enterprise-berlin-144220
account-executive-enterprise-berlin-469640,Account Executive - Enterprise,Telli,Berlin,False,Full Time,GTM,1,2026-09-12,Arbeitnow,https://www.arbeitnow.com/jobs/companies/telli/account-executive-enterprise-berlin-469640
account-executive-all-genders-munchen-145985,Account Executive (all genders),Wemolo,Munich,False,Full Time,Commercial,1,2026-09-12,Arbeitnow,https://www.arbeitnow.com/jobs/companies/wemolo/account-executive-all-genders-munchen-145985
embedded-software-entwickler-regelungstechnik-oberkochen-207196,Embedded Software-Entwickler (m/w/d) Regelungstechnik,encontec GmbH,"Oberkochen , Baden-Württemberg, Deutschland",False,"Experienced, fulltime fixed term",AÜ-Hensoldt,1,2026-09-12,Arbeitnow,https://www.arbeitnow.com/jobs/companies/encontec-gmbh/embedded-software-entwickler-regelungstechnik-oberkochen-207196
werkstudent-portfoliomanagement-windenergie-wiesbaden-18667,Werkstudent (m/w/d) Portfoliomanagement – Windenergie,Q Energy,Wiesbaden,False,"Student, Intern, Part time",,0,2026-09-12,Arbeitnow,https://www.arbeitnow.com/jobs/companies/q-energy/werkstudent-portfoliomanagement-windenergie-wiesbaden-18667
senior-einkaufer-bau-und-netzinfrastruktur-berlin-324649,Senior Einkäufer (m/w/d) Bau und Netzinfrastruktur,Q Energy,Berlin,False,"Experienced, Permanent, Full time",,0,2026-09-12,Arbeitnow,https://www.arbeitnow.com/jobs/companies/q-energy/senior-einkaufer-bau-und-netzinfrastruktur-berlin-324649
senior-investment-analyst-koln-298389,(Senior) Investment Analyst (m/w/d),Q Energy,Köln,False,"Experienced, Permanent, Full time",,0,2026-09-12,Arbeitnow,https://www.arbeitnow.com/jobs/companies/q-energy/senior-investment-analyst-koln-298389
produktmanager-im-bereich-prozessanalytik-toc-knick-berlin-391453,Produktmanager im Bereich Prozessanalytik / TOC (w/m/d),Knick Elektronische Messgeräte GmbH & Co. KG,Knick Berlin,False,"Experienced, Permanent, Full time","TOC, Prozessanalytik, Prozessanalyse, Verfahrenstechnik, Biochemie, Umwelttechnik, Produktmanagement",7,2026-09-12,Arbeitnow,https://www.arbeitnow.com/jobs/companies/knick-elektronische-messgerate-gmbh-co-kg/produktmanager-im-bereich-prozessanalytik-toc-knick-berlin-391453
senior-sustainability-manager-munich-223149,(Senior) Sustainability Manager,Eqs Group,Munich,False,"Experienced, Permanent, Full time","sustainability, ESG reporting, sustainable finance, CSRD, EU taxonomy, Sustainable reporting, german, munich, product management",9,2026-09-12,Arbeitnow,https://www.arbeitnow.com/jobs/companies/eqs-group/senior-sustainability-manager-munich-223149
remote-working-student-finance-381383,Working Student – Finance,Apheris,Germany - Remote,False,"Student, Working student, Part time",,0,2026-09-12,Arbeitnow,https://www.arbeitnow.com/jobs/companies/apheris/remote-working-student-finance-381383
working-student-data-analytics-berlin-308818,"Working Student, Data & Analytics (m/f/d)",KNIME AG,Berlin,False,"Entry, Working student, Part time","Data & Analytics, working student, data science, data, Data Apps",5,2026-09-12,Arbeitnow,https://www.arbeitnow.com/jobs/companies/knime-ag/working-student-data-analytics-berlin-308818
ausbildung-zum-fachinformatiker-fur-systemintegration-frankfurt-bockenheim-34101,Ausbildung zum Fachinformatiker für Systemintegration (m/f/d),MISUMI Europa GmbH,Frankfurt Bockenheim,False,"Entry, Trainee, Full time",,0,2026-09-12,Arbeitnow,https://www.arbeitnow.com/jobs/companies/misumi-europa-gmbh/ausbildung-zum-fachinformatiker-fur-systemintegration-frankfurt-bockenheim-34101
product-manager-data-center-network-karlsruhe-324610,Product Manager (m/w/d) - Data Center / Network,JACOB Elektronik GmbH,Karlsruhe,False,"Experienced, Permanent, Full time","Product Management, Datacenter, Network, IT, Handel, Beschaffungsmarktanalysen, Vertragsverhandlungen",7,2026-09-12,Arbeitnow,https://www.arbeitnow.com/jobs/companies/jacob-elektronik-gmbh/product-manager-data-center-network-karlsruhe-324610
senior-product-manager-berlin-193606,(Senior) Product Manager,Kranus Health Gmbh,Berlin,False,"Experienced, Permanent, Full time","journey, retention, AI, urology, Gynecology, Digital Therapeutics, high agency, mobile apps",8,2026-09-12,Arbeitnow,https://www.arbeitnow.com/jobs/companies/kranus-health-gmbh/senior-product-manager-berlin-193606
logistics-manager-berlin-30808,Logistics Manager (m/f/d),Yepoda,Berlin,False,Full Time,Operations,1,2026-09-12,Arbeitnow,https://www.arbeitnow.com/jobs/companies/yepoda/logistics-manager-berlin-30808
accountant-freelance-temporary-berlin-165494,Accountant (Freelance/Temporary),Yepoda,Berlin,False,Full Time,Finance,1,2026-09-12,Arbeitnow,https://www.arbeitnow.com/jobs/companies/yepoda/accountant-freelance-temporary-berlin-165494
senior-product-owner-data-analytics-berlin-349254,Senior Product Owner - Data & Analytics (m/f/d),Yepoda,Berlin,False,Full Time,Data,1,2026-09-12,Arbeitnow,https://www.arbeitnow.com/jobs/companies/yepoda/senior-product-owner-data-analytics-berlin-349254
pr-manager-berlin-98388,PR Manager (m/f/d),Yepoda,Berlin,False,Full Time,Brand & Communication,1,2026-09-12,Arbeitnow,https://www.arbeitnow.com/jobs/companies/yepoda/pr-manager-berlin-98388
brand-experience-manager-berlin-199979,Brand Experience Manager (m/f/d),Yepoda,Berlin,False,Full Time,Brand & Communication,1,2026-09-12,Arbeitnow,https://www.arbeitnow.com/jobs/companies/yepoda/brand-experience-manager-berlin-199979
influencer-marketing-manager-deutschsprachig-berlin-457988,Influencer Marketing Manager (m/w/d) | Deutschsprachig,Yepoda,Berlin,False,Full Time,Influencer Marketing,1,2026-09-12,Arbeitnow,https://www.arbeitnow.com/jobs/companies/yepoda/influencer-marketing-manager-deutschsprachig-berlin-457988
junior-influencer-marketing-us-market-berlin-302153,Junior Influencer Marketing (m/f/d) | US Market,Yepoda,Berlin,False,Full Time,Influencer Marketing,1,2026-09-12,Arbeitnow,https://www.arbeitnow.com/jobs/companies/yepoda/junior-influencer-marketing-us-market-berlin-302153
ai-engineer-data-berlin-450785,AI Engineer - Data,Almedia,Berlin,False,Full Time,Tech,1,2026-09-12,Arbeitnow,https://www.arbeitnow.com/jobs/companies/almedia/ai-engineer-data-berlin-450785
senior-analytics-engineer-berlin-219113,Senior Analytics Engineer (f/m/d),Voize,Berlin,False,Full Time,Operations,1,2026-09-12,Arbeitnow,https://www.arbeitnow.com/jobs/companies/voize/senior-analytics-engineer-berlin-219113
customer-support-manager-berlin-12439,Customer Support Manager (m/f/d),Voize,Berlin,False,Full Time,Customer Support,1,2026-09-12,Arbeitnow,https://www.arbeitnow.com/jobs/companies/voize/customer-support-manager-berlin-12439
performance-marketing-manager-berlin-497501,Performance Marketing Manager (m/w/d),praxipal,Berlin,False,Full Time,Go-to-Market,1,2026-09-12,Arbeitnow,https://www.arbeitnow.com/jobs/companies/praxipal/performance-marketing-manager-berlin-497501
sales-development-representative-berlin-332649,Sales Development Representative (m/f/d),praxipal,Berlin,False,Full Time,Go-to-Market,1,2026-09-12,Arbeitnow,https://www.arbeitnow.com/jobs/companies/praxipal/sales-development-representative-berlin-332649
founding-sales-development-representative-berlin-194883,Founding Sales Development Representative (m/w/d),praxipal,Berlin,False,Full Time,Go-to-Market,1,2026-09-12,Arbeitnow,https://www.arbeitnow.com/jobs/companies/praxipal/founding-sales-development-representative-berlin-194883
senior-software-engineer-data-integration-focus-remote-416977,(Senior) Software Engineer - Data Integration Focus - Remote (m/f/d),praxipal,Remote,True,Full Time,Engineering,1,2026-09-12,Arbeitnow,https://www.arbeitnow.com/jobs/companies/praxipal/senior-software-engineer-data-integration-focus-remote-416977
microwave-design-engineer-munich-260899,Microwave Design Engineer,Proxima Fusion GmbH,Munich,False,Full Time,Stellarator Design,1,2026-09-12,Arbeitnow,https://www.arbeitnow.com/jobs/companies/proxima-fusion-gmbh/microwave-design-engineer-munich-260899
regional-fleet-manager-north-east-berlin-407488,Regional Fleet Manager (m/f/d) - North-East,Roadsurfer,Berlin,False,Full Time,Fleet Operations,1,2026-09-12,Arbeitnow,https://www.arbeitnow.com/jobs/companies/roadsurfer/regional-fleet-manager-north-east-berlin-407488
kundenservice-dormagen-104875,Kundenservice (m/w/d),Roadsurfer,Köln-Düsseldorf,False,Full Time,Regional Station Management Europe,1,2026-09-12,Arbeitnow,https://www.arbeitnow.com/jobs/companies/roadsurfer/kundenservice-dormagen-104875
senior-ai-engineer-location-ai-mapbox-germany-1055,"Senior AI Engineer, Location AI",Mapbox,Mapbox Germany,False,Full Time,Location AI,1,2026-09-12,Arbeitnow,https://www.arbeitnow.com/jobs/companies/mapbox/senior-ai-engineer-location-ai-mapbox-germany-1055
remote-senior-sales-engineer-mena-179937,Senior Sales Engineer - MENA,Sardine,Remote,True,Full Time,Sales,1,2026-09-12,Arbeitnow,https://www.arbeitnow.com/jobs/companies/sardine/remote-senior-sales-engineer-mena-179937
senior-embedded-software-engineer-munich-67547,Senior Embedded Software Engineer,The Exploration Company,"Munich, Germany",False,Full Time,Engineering,1,2026-09-12,Arbeitnow,https://www.arbeitnow.com/jobs/companies/the-exploration-company/senior-embedded-software-engineer-munich-67547
fluid-systems-development-engineer-munich-439152,Fluid Systems Development Engineer,The Exploration Company,"Munich, Germany",False,Full Time,Engineering,1,2026-09-12,Arbeitnow,https://www.arbeitnow.com/jobs/companies/the-exploration-company/fluid-systems-development-engineer-munich-439152
spacecraft-thermal-engineer-munich-11377,Spacecraft Thermal Engineer,The Exploration Company,"Munich, Germany",False,Full Time,Engineering,1,2026-09-12,Arbeitnow,https://www.arbeitnow.com/jobs/companies/the-exploration-company/spacecraft-thermal-engineer-munich-11377
propulsion-functional-engineer-munich-348600,Propulsion Functional Engineer,The Exploration Company,"Munich, Germany",False,Full Time,Engineering,1,2026-09-12,Arbeitnow,https://www.arbeitnow.com/jobs/companies/the-exploration-company/propulsion-functional-engineer-munich-348600
internship-radiation-testing-of-electronic-components-and-test-automation-munich-472060,Internship - Radiation Testing of Electronic Components and Test Automation,The Exploration Company,"Munich, Germany",False,Intern,Engineering,1,2026-09-12,Arbeitnow,https://www.arbeitnow.com/jobs/companies/the-exploration-company/internship-radiation-testing-of-electronic-components-and-test-automation-munich-472060
flight-software-engineer-munich-339700,Flight Software Engineer,The Exploration Company,"Munich, Germany",False,Full Time,Engineering,1,2026-09-12,Arbeitnow,https://www.arbeitnow.com/jobs/companies/the-exploration-company/flight-software-engineer-munich-339700
senior-customer-support-specialist-endkundenbetreuung-munchen-53125,Senior Customer Support Specialist (m/w/d) – Endkundenbetreuung,Peter Park,München,False,"Experienced, Permanent, Full time",,0,2026-09-12,Arbeitnow,https://www.arbeitnow.com/jobs/companies/peter-park/senior-customer-support-specialist-endkundenbetreuung-munchen-53125
senior-account-manager-munchen-427187,Senior Account Manager (m/w/d),Peter Park,München,False,"Experienced, Permanent, Full time",,0,2026-09-12,Arbeitnow,https://www.arbeitnow.com/jobs/companies/peter-park/senior-account-manager-munchen-427187
senior-account-executive-enterprise-munchen-476052,"Senior Account Executive, Enterprise (m/w/d)",Peter Park,München,False,"Experienced, Permanent, Full time","join, xing, linkedin, google, SaaS, Start-up, Digitalisierung, software, Mobilität, Outbound-Aktivitäten, Inbound-Aktivitäten, Business Development, CRM Systeme, Hubspot, BWL, deutsch, englisch, Key account management, Kaltakquise, vertrieb",20,2026-09-12,Arbeitnow,https://www.arbeitnow.com/jobs/companies/peter-park/senior-account-executive-enterprise-munchen-476052
communications-design-working-student-munich-494715,Communications & Design Working Student,Personal data collected as part of the application process,Munich,False,"Student, Working student, Full or part time",,0,2026-09-12,Arbeitnow,https://www.arbeitnow.com/jobs/companies/personal-data-collected-as-part-of-the-application-process/communications-design-working-student-munich-494715
senior-managerin-female-player-care-frankfurt-am-main-348299,Senior Manager*in Female Player Care,Deutscher Fußball-Bund,Frankfurt am Main,False,"Experienced, Temporary, Part time",,0,2026-09-12,Arbeitnow,https://www.arbeitnow.com/jobs/companies/deutscher-fussball-bund/senior-managerin-female-player-care-frankfurt-am-main-348299
senior-managerin-creation-design-frankfurt-am-main-402497,Senior Manager*in Creation & Design,Deutscher Fußball-Bund,Frankfurt am Main,False,"Experienced, Permanent, Full time",,0,2026-09-12,Arbeitnow,https://www.arbeitnow.com/jobs/companies/deutscher-fussball-bund/senior-managerin-creation-design-frankfurt-am-main-402497
praktikant-controlling-frankfurt-am-main-147963,Praktikant Controlling (w/m/d),aam2core Holding AG,Frankfurt am Main,False,"Student, Intern, Full or part time",,0,2026-09-12,Arbeitnow,https://www.arbeitnow.com/jobs/companies/aam2core-holding-ag/praktikant-controlling-frankfurt-am-main-147963
werkstudent-information-security-hamburg-26131,Werkstudent (m/w/d) Information Security,dpa Deutsche Presse-Agentur GmbH,Hamburg,False,"Student, Working student, Part time",extern,1,2026-09-12,Arbeitnow,https://www.arbeitnow.com/jobs/companies/dpa-deutsche-presse-agentur-gmbh/werkstudent-information-security-hamburg-26131
senior-technical-service-manager-hamburg-197257,Senior Technical Service Manager (m/w/d),dpa Deutsche Presse-Agentur GmbH,Hamburg,False,"Experienced, Permanent, Full time","intern, mecom",2,2026-09-12,Arbeitnow,https://www.arbeitnow.com/jobs/companies/dpa-deutsche-presse-agentur-gmbh/senior-technical-service-manager-hamburg-197257
senior-legal-counsel-munchen-466470,Senior Legal Counsel (m/f/d),Qplix,München,False,"Experienced, Permanent, Full time",,0,2026-09-12,Arbeitnow,https://www.arbeitnow.com/jobs/companies/qplix/senior-legal-counsel-munchen-466470
senior-brand-visual-designer-elternzeitvertretung-berlin-hybrid-87420,Senior Brand & Visual Designer (m/w/d) Elternzeitvertretung,Pair,Berlin (Hybrid),False,"Experienced, Temporary, Full time",,0,2026-09-12,Arbeitnow,https://www.arbeitnow.com/jobs/companies/pair/senior-brand-visual-designer-elternzeitvertretung-berlin-hybrid-87420
managing-director-country-head-deutschland-berlin-hybrid-263570,Managing Director / Country Head (m/w/d) Deutschland,Pair,Berlin (Hybrid),False,"Executive, Permanent, Full time",,0,2026-09-12,Arbeitnow,https://www.arbeitnow.com/jobs/companies/pair/managing-director-country-head-deutschland-berlin-hybrid-263570
spacecraft-thermal-engineer-munich-11377,Spacecraft Thermal Engineer,The Exploration Company,"Munich, Germany",False,Full Time,Engineering,1,2026-09-12,Arbeitnow,https://www.arbeitnow.com/jobs/companies/the-exploration-company/spacecraft-thermal-engineer-munich-11377
propulsion-functional-engineer-munich-348600,Propulsion Functional Engineer,The Exploration Company,"Munich, Germany",False,Full Time,Engineering,1,2026-09-12,Arbeitnow,https://www.arbeitnow.com/jobs/companies/the-exploration-company/propulsion-functional-engineer-munich-348600
internship-radiation-testing-of-electronic-components-and-test-automation-munich-472060,Internship - Radiation Testing of Electronic Components and Test Automation,The Exploration Company,"Munich, Germany",False,Intern,Engineering,1,2026-09-12,Arbeitnow,https://www.arbeitnow.com/jobs/companies/the-exploration-company/internship-radiation-testing-of-electronic-components-and-test-automation-munich-472060
flight-software-engineer-munich-339700,Flight Software Engineer,The Exploration Company,"Munich, Germany",False,Full Time,Engineering,1,2026-09-12,Arbeitnow,https://www.arbeitnow.com/jobs/companies/the-exploration-company/flight-software-engineer-munich-339700
senior-customer-support-specialist-endkundenbetreuung-munchen-53125,Senior Customer Support Specialist (m/w/d) – Endkundenbetreuung,Peter Park,München,False,"Experienced, Permanent, Full time",,0,2026-09-12,Arbeitnow,https://www.arbeitnow.com/jobs/companies/peter-park/senior-customer-support-specialist-endkundenbetreuung-munchen-53125
senior-account-manager-munchen-427187,Senior Account Manager (m/w/d),Peter Park,München,False,"Experienced, Permanent, Full time",,0,2026-09-12,Arbeitnow,https://www.arbeitnow.com/jobs/companies/peter-park/senior-account-manager-munchen-427187
senior-account-executive-enterprise-munchen-476052,"Senior Account Executive, Enterprise (m/w/d)",Peter Park,München,False,"Experienced, Permanent, Full time","join, xing, linkedin, google, SaaS, Start-up, Digitalisierung, software, Mobilität, Outbound-Aktivitäten, Inbound-Aktivitäten, Business Development, CRM Systeme, Hubspot, BWL, deutsch, englisch, Key account management, Kaltakquise, vertrieb",20,2026-09-12,Arbeitnow,https://www.arbeitnow.com/jobs/companies/peter-park/senior-account-executive-enterprise-munchen-476052
communications-design-working-student-munich-494715,Communications & Design Working Student,Personal data collected as part of the application process,Munich,False,"Student, Working student, Full or part time",,0,2026-09-12,Arbeitnow,https://www.arbeitnow.com/jobs/companies/personal-data-collected-as-part-of-the-application-process/communications-design-working-student-munich-494715
senior-managerin-female-player-care-frankfurt-am-main-348299,Senior Manager*in Female Player Care,Deutscher Fußball-Bund,Frankfurt am Main,False,"Experienced, Temporary, Part time",,0,2026-09-12,Arbeitnow,https://www.arbeitnow.com/jobs/companies/deutscher-fussball-bund/senior-managerin-female-player-care-frankfurt-am-main-348299
senior-managerin-creation-design-frankfurt-am-main-402497,Senior Manager*in Creation & Design,Deutscher Fußball-Bund,Frankfurt am Main,False,"Experienced, Permanent, Full time",,0,2026-09-12,Arbeitnow,https://www.arbeitnow.com/jobs/companies/deutscher-fussball-bund/senior-managerin-creation-design-frankfurt-am-main-402497
praktikant-controlling-frankfurt-am-main-147963,Praktikant Controlling (w/m/d),aam2core Holding AG,Frankfurt am Main,False,"Student, Intern, Full or part time",,0,2026-09-12,Arbeitnow,https://www.arbeitnow.com/jobs/companies/aam2core-holding-ag/praktikant-controlling-frankfurt-am-main-147963
werkstudent-information-security-hamburg-26131,Werkstudent (m/w/d) Information Security,dpa Deutsche Presse-Agentur GmbH,Hamburg,False,"Student, Working student, Part time",extern,1,2026-09-12,Arbeitnow,https://www.arbeitnow.com/jobs/companies/dpa-deutsche-presse-agentur-gmbh/werkstudent-information-security-hamburg-26131
senior-technical-service-manager-hamburg-197257,Senior Technical Service Manager (m/w/d),dpa Deutsche Presse-Agentur GmbH,Hamburg,False,"Experienced, Permanent, Full time","intern, mecom",2,2026-09-12,Arbeitnow,https://www.arbeitnow.com/jobs/companies/dpa-deutsche-presse-agentur-gmbh/senior-technical-service-manager-hamburg-197257
senior-legal-counsel-munchen-466470,Senior Legal Counsel (m/f/d),Qplix,München,False,"Experienced, Permanent, Full time",,0,2026-09-12,Arbeitnow,https://www.arbeitnow.com/jobs/companies/qplix/senior-legal-counsel-munchen-466470
senior-brand-visual-designer-elternzeitvertretung-berlin-hybrid-87420,Senior Brand & Visual Designer (m/w/d) Elternzeitvertretung,Pair,Berlin (Hybrid),False,"Experienced, Temporary, Full time",,0,2026-09-12,Arbeitnow,https://www.arbeitnow.com/jobs/companies/pair/senior-brand-visual-designer-elternzeitvertretung-berlin-hybrid-87420
managing-director-country-head-deutschland-berlin-hybrid-263570,Managing Director / Country Head (m/w/d) Deutschland,Pair,Berlin (Hybrid),False,"Executive, Permanent, Full time",,0,2026-09-12,Arbeitnow,https://www.arbeitnow.com/jobs/companies/pair/managing-director-country-head-deutschland-berlin-hybrid-263570
data-scientist-berlin-hybrid-47229,Data Scientist (f/m/d),Pair,Berlin (Hybrid),False,"Experienced, Permanent, Full time","data science, machine learning, AI, LLM",4,2026-09-12,Arbeitnow,https://www.arbeitnow.com/jobs/companies/pair/data-scientist-berlin-hybrid-47229
senior-legal-counsel-fur-den-bereich-commercial-berlin-hybrid-347870,(Senior) Legal Counsel (m/w/d) für den Bereich Commercial,Pair,Berlin (Hybrid),False,"Experienced, Permanent, Full or part time",,0,2026-09-12,Arbeitnow,https://www.arbeitnow.com/jobs/companies/pair/senior-legal-counsel-fur-den-bereich-commercial-berlin-hybrid-347870
it-systemadministrator-linux-osnabruck-406119,IT-Systemadministrator - Linux (m/w/d),Intercon Solutions GmbH,Osnabrück,False,Full Time,System and Network Administration,1,2026-09-12,Arbeitnow,https://www.arbeitnow.com/jobs/companies/intercon-solutions-gmbh/it-systemadministrator-linux-osnabruck-406119
account-executive-public-sector-munich-379863,"Account Executive, Public Sector",Avepoint,Munich,False,Full Time,Sales,1,2026-09-12,Arbeitnow,https://www.arbeitnow.com/jobs/companies/avepoint/account-executive-public-sector-munich-379863
senior-product-security-engineer-65535,Senior Product Security Engineer,Staffbase,,False,Full Time,Engineering,1,2026-09-12,Arbeitnow,https://www.arbeitnow.com/jobs/companies/staffbase/senior-product-security-engineer-65535
senior-product-manager-parental-leave-cover-fixed-term-12-months-berlin-brandenburg-chemnitz-sachsen-dresden-sachsen-429150,"Senior Product Manager - Parental Leave Cover (Fixed-Term, 12 Months)",Staffbase,"Berlin, Brandenburg; Chemnitz, Sachsen; Dresden, Sachsen",False,Full Time,Product Management,1,2026-09-12,Arbeitnow,https://www.arbeitnow.com/jobs/companies/staffbase/senior-product-manager-parental-leave-cover-fixed-term-12-months-berlin-brandenburg-chemnitz-sachsen-dresden-sachsen-429150
mid-level-fullstack-engineer-berlin-brandenburg-chemnitz-sachsen-dresden-sachsen-196236,Mid level - Fullstack Engineer,Staffbase,"Berlin, Brandenburg; Chemnitz, Sachsen; Dresden, Sachsen",False,Full Time,Engineering,1,2026-09-12,Arbeitnow,https://www.arbeitnow.com/jobs/companies/staffbase/mid-level-fullstack-engineer-berlin-brandenburg-chemnitz-sachsen-dresden-sachsen-196236
senior-sap-fico-consultant-munchen-295926,Senior SAP FICO Consultant (m/f/d),Flix,"München, Bayern, Germany",False,Full Time,,0,2026-09-12,Arbeitnow,https://www.arbeitnow.com/jobs/companies/flix/senior-sap-fico-consultant-munchen-295926
senior-sap-fico-consultant-berlin-240062,Senior SAP FICO Consultant (m/f/d),Flix,"Berlin, Germany",False,Full Time,,0,2026-09-12,Arbeitnow,https://www.arbeitnow.com/jobs/companies/flix/senior-sap-fico-consultant-berlin-240062
senior-fullstack-engineer-localization-berlin-351422,Senior Fullstack Engineer - Localization,SumUp,"Berlin, Germany",False,Full Time,,0,2026-09-12,Arbeitnow,https://www.arbeitnow.com/jobs/companies/sumup/senior-fullstack-engineer-localization-berlin-351422
functional-consultant-project-manager-munich-175892,Functional Consultant & Project Manager,BLP Digital AG,Germany,False,Full Time,Project Management,1,2026-09-12,Arbeitnow,https://www.arbeitnow.com/jobs/companies/blp-digital-ag/functional-consultant-project-manager-munich-175892
business-strategist-dach-munich-382799,Business Strategist - DACH,Comand Ai,Munich,False,Full Time,Business Development,1,2026-09-12,Arbeitnow,https://www.arbeitnow.com/jobs/companies/comand-ai/business-strategist-dach-munich-382799
praktikantin-fur-integration-und-deutschsprachlehre-berlin-203850,Praktikant:in (w/m/d) - für Integration und Deutschsprachlehre,Enpal,Berlin,False,Full Time,Installation PV,1,2026-09-12,Arbeitnow,https://www.arbeitnow.com/jobs/companies/enpal/praktikantin-fur-integration-und-deutschsprachlehre-berlin-203850
founding-product-manager-german-speaking-munich-113836,Founding Product Manager (German-speaking),Bowatt,Munich,False,Full Time,Product Success,1,2026-09-12,Arbeitnow,https://www.arbeitnow.com/jobs/companies/bowatt/founding-product-manager-german-speaking-munich-113836
founding-customer-success-manager-german-speaking-munich-272794,Founding Customer Success Manager (German-speaking),Bowatt,Munich,False,Full Time,Product Success,1,2026-09-12,Arbeitnow,https://www.arbeitnow.com/jobs/companies/bowatt/founding-customer-success-manager-german-speaking-munich-272794
creator-acquisition-manager-berlin-397198,Creator Acquisition Manager,Passionfroot,Berlin,False,Full Time,Growth,1,2026-09-12,Arbeitnow,https://www.arbeitnow.com/jobs/companies/passionfroot/creator-acquisition-manager-berlin-397198
partnerships-manager-channel-sales-all-genders-munich-240310,Partnerships Manager - Channel Sales (all genders),Kertos,Munich,False,Full Time,Growth,1,2026-09-12,Arbeitnow,https://www.arbeitnow.com/jobs/companies/kertos/partnerships-manager-channel-sales-all-genders-munich-240310
remote-ux-ui-designer-intch-383599,UX/UI Designer | Intch,Hirehire,Remote,True,Full Time,Product Design,1,2026-09-12,Arbeitnow,https://www.arbeitnow.com/jobs/companies/hirehire/remote-ux-ui-designer-intch-383599
influencer-marketing-manager-vollzeit-100-remote-dusseldorf-165611,"Influencer Marketing Manager (m/w/d), Vollzeit, 100% Remote",Meluya GmbH,Düsseldorf,True,berufserfahren,"Remote, Marketing and Communication",2,2026-09-13,Arbeitnow,https://www.arbeitnow.com/jobs/companies/meluya-gmbh/influencer-marketing-manager-vollzeit-100-remote-dusseldorf-165611
werkstudent-social-media-marketing-pr-rostock-198339,Werkstudent (m/w/d) Social Media Marketing / PR,Gusti Leder GmbH,"Rostock, Mecklenburg-Vorpommern, Deutschland",False,"Student college, parttime minijob",Marketing,1,2026-09-12,Arbeitnow,https://www.arbeitnow.com/jobs/companies/gusti-leder-gmbh/werkstudent-social-media-marketing-pr-rostock-198339
verkauferin-teilzeit-werkstudent-potsdam-273060,Verkäuferin (m/w/d) - Teilzeit/Werkstudent,Gusti Leder GmbH,"Potsdam, Brandenburg, Deutschland",False,"Mid, parttime fixed term",Stores,1,2026-09-12,Arbeitnow,https://www.arbeitnow.com/jobs/companies/gusti-leder-gmbh/verkauferin-teilzeit-werkstudent-potsdam-273060
verkauferin-werkstudent-potsdam-448682,Verkäuferin (m/w/d) - Werkstudent,Gusti Leder GmbH,"Potsdam, Brandenburg, Deutschland",False,"Entry, parttime fixed term",Stores,1,2026-09-12,Arbeitnow,https://www.arbeitnow.com/jobs/companies/gusti-leder-gmbh/verkauferin-werkstudent-potsdam-448682
product-engineer-frontend-all-genders-berlin-hybrid-216629,Product Engineer - Frontend (all genders),Koppla,Berlin (hybrid),False,"Experienced, Permanent, Full time","Typescript, Backend, Frontend, fullstack, Developer, Software engineer, Backend developer, Web dev, product engineer",9,2026-09-12,Arbeitnow,https://www.arbeitnow.com/jobs/companies/koppla/product-engineer-frontend-all-genders-berlin-hybrid-216629
working-student-sales-support-munich-110319,Working Student Sales Support (m/f/d),Checkmk GmbH,Munich,False,"Entry, Working student, Part time",Sales Support,1,2026-09-12,Arbeitnow,https://www.arbeitnow.com/jobs/companies/checkmk-gmbh/working-student-sales-support-munich-110319
werkstudentin-data-automation-hamburg-52327,Werkstudent*In Data & Automation (M/W/D),Ramp106 Gmbh,Hamburg,False,"Entry, Intern, Part time","RAMP106, OMR, Tech, Data, Automation, Sales, Automation Engineering, Engineering, Werkstudent, Werkstudentin, Hamburg, Job, Teilzeit",13,2026-09-12,Arbeitnow,https://www.arbeitnow.com/jobs/companies/ramp106-gmbh/werkstudentin-data-automation-hamburg-52327
senior-producerin-audio-video-omr-podcast-hamburg-307038,SENIOR PRODUCER*IN (m/w/d) AUDIO & VIDEO | OMR PODCAST,Ramp106 Gmbh,Hamburg,False,"Experienced, Permanent, Full time","OMR Podstars, Podstars, OMR, Podcast Producer, Podcast Producerin, Podcast Produktion, Video, Audio, Senior, Midlevel, Produktion, Job, Hamburg, Vollzeit",14,2026-09-12,Arbeitnow,https://www.arbeitnow.com/jobs/companies/ramp106-gmbh/senior-producerin-audio-video-omr-podcast-hamburg-307038
praktikantin-e-mail-marketing-crm-performance-marketing-hamburg-341108,"Praktikant*In (M/W/D) E-Mail Marketing, Crm & Performance Marketing",Ramp106 Gmbh,Hamburg,False,"Entry, Intern, Full time","Ramp106, Marketing, OMR, E-Mail Marketing, CRM, Performance Marketing, Praktikum, Praktikant*in, Online Marketing, Hamburg, Vollzeit, Plichtpraktikum, freiwilliges Praktikum",13,2026-09-12,Arbeitnow,https://www.arbeitnow.com/jobs/companies/ramp106-gmbh/praktikantin-e-mail-marketing-crm-performance-marketing-hamburg-341108
senior-marketing-operations-managerin-crm-growth-hubspot-hamburg-112006,"(Senior) Marketing Operations Manager*In (M/W/D) Crm, Growth, Hubspot",Ramp106 Gmbh,Hamburg,False,"Experienced, Permanent, Full time","OMR Reviews, CRM, Growth, hubspot, marketing operations, Reportings, Marketing Automation, CRM Administration",8,2026-09-12,Arbeitnow,https://www.arbeitnow.com/jobs/companies/ramp106-gmbh/senior-marketing-operations-managerin-crm-growth-hubspot-hamburg-112006
senior-b2b-marketing-managerin-lead-generation-hamburg-103888,(Senior) B2B Marketing Manager*In (M/W/D) Lead Generation,Ramp106 Gmbh,Hamburg,False,"Experienced, Permanent, Full or part time","RAMP106, Marketing, B2B Marketing, Lead Gen, Lead Generation, Emailmarketing, Performance Marketing, Growth, Demand Generation, OMR, OMR Festival, Digitales Marketing",12,2026-09-12,Arbeitnow,https://www.arbeitnow.com/jobs/companies/ramp106-gmbh/senior-b2b-marketing-managerin-lead-generation-hamburg-103888
senior-account-managerin-hamburg-150467,(SENIOR) ACCOUNT MANAGER*IN (m/w/d),Ramp106 Gmbh,Hamburg,False,"Experienced, Permanent, Full time","RAMP106, OMR, OMR FESTIVAL, Account, Account Management, Key Account, Key Account Management, Partnerships, Partner, Partnerships Management, Job, Vollzeit, Hamburg",13,2026-09-12,Arbeitnow,https://www.arbeitnow.com/jobs/companies/ramp106-gmbh/senior-account-managerin-hamburg-150467
senior-microsoft-dynamics-365-business-central-specialist-gn-hamburg-400948,Senior Microsoft Dynamics 365 Business Central Specialist (gn),Workidentity,Hamburg,False,"Experienced, Permanent, Full time",,0,2026-09-12,Arbeitnow,https://www.arbeitnow.com/jobs/companies/workidentity/senior-microsoft-dynamics-365-business-central-specialist-gn-hamburg-400948
senior-it-security-administrator-gn-hamburg-140038,Senior IT Security Administrator (gn),Workidentity,Hamburg,False,"Experienced, Permanent, Full time","Cloud, Infrastruktur, Firewall, Netzwerk, IAM, PAM, Sicherheitskonzepte, ISMS, 27001, DORA, DSGVO",11,2026-09-12,Arbeitnow,https://www.arbeitnow.com/jobs/companies/workidentity/senior-it-security-administrator-gn-hamburg-140038
senior-it-ot-systems-specialist-gn-hamburg-129995,Senior IT & OT Systems Specialist (gn),Workidentity,Hamburg,False,"Experienced, Permanent, Full time",,0,2026-09-12,Arbeitnow,https://www.arbeitnow.com/jobs/companies/workidentity/senior-it-ot-systems-specialist-gn-hamburg-129995
senior-cloud-engineer-gn-hamburg-307306,Senior Cloud Engineer (gn),Workidentity,Hamburg,False,"Experienced, Permanent, Full time","Azure, M365, Microsoft, Infrastruktur, IaaC, SaaS, Security, PaaS, IT-Systeme, Strategie",10,2026-09-12,Arbeitnow,https://www.arbeitnow.com/jobs/companies/workidentity/senior-cloud-engineer-gn-hamburg-307306
network-infrastructure-engineer-gn-hamburg-285949,Network & Infrastructure Engineer (gn),Workidentity,Hamburg,False,"Experienced, Permanent, Full time",,0,2026-09-12,Arbeitnow,https://www.arbeitnow.com/jobs/companies/workidentity/network-infrastructure-engineer-gn-hamburg-285949
it-security-engineer-gn-hamburg-187712,IT-Security Engineer (gn),Workidentity,Hamburg,False,"Experienced, Permanent, Full time","Security, Cloud, SOC, SIEM, Schwachstellenmanagement, Softwareentwicklung, Sicherheit, Awareness",8,2026-09-12,Arbeitnow,https://www.arbeitnow.com/jobs/companies/workidentity/it-security-engineer-gn-hamburg-187712
it-infrastructure-engineer-gn-hamburg-344773,IT Infrastructure Engineer (gn),Workidentity,Hamburg,False,"Experienced, Permanent, Full time","Netzwerk, Network, Microsoft, Virtualisierung, VPN, WLAN, Server, Windows",8,2026-09-12,Arbeitnow,https://www.arbeitnow.com/jobs/companies/workidentity/it-infrastructure-engineer-gn-hamburg-344773
senior-finanzbuchhalter-berlin-157967,Senior Finanzbuchhalter (m/w/d),Ee Fabrik,Berlin,False,"Experienced, Permanent, Full time",,0,2026-09-12,Arbeitnow,https://www.arbeitnow.com/jobs/companies/ee-fabrik/senior-finanzbuchhalter-berlin-157967
werkstudent-technical-operations-munchen-455862,Werkstudent Technical Operations (m/w/d),Wirelane,München,False,"Entry, Working student, Part time","emobilität, Vertragsmanagement, Sachbearbeitung, Ladeinfrastruktur",4,2026-09-12,Arbeitnow,https://www.arbeitnow.com/jobs/companies/wirelane/werkstudent-technical-operations-munchen-455862
embedded-software-engineer-iot-connectivity-munchen-139287,Embedded Software Engineer IoT & Connectivity (m/w/d),Wirelane,München,False,"Experienced, Permanent, Full time","emobilität, Vertragsmanagement, Sachbearbeitung, Ladeinfrastruktur",4,2026-09-12,Arbeitnow,https://www.arbeitnow.com/jobs/companies/wirelane/embedded-software-engineer-iot-connectivity-munchen-139287
technical-product-manager-berlin-86721,Technical Product Manager (m/w/d),ucm.agency,Berlin,False,"Experienced, Permanent, Full time","Product Manager, Produktmanager, Product Owner, Product Operations, Product Discovery, Prototyping, Solution Design, AI, KI, LLM, Automatisierung, Low-Code, SQL, API, HubSpot, HR-Tech, Technical Product Manager",17,2026-09-12,Arbeitnow,https://www.arbeitnow.com/jobs/companies/ucmagency/technical-product-manager-berlin-86721
chief-product-officer-product-growth-systems-ai-berlin-261875,"Chief Product Officer – Product, Growth Systems & AI (m/w/d)",ucm.agency,Berlin,False,"Experienced, Permanent, Full or part time","Chief Product Officer, CPO, Head of Product, VP Product, Produktmanagement, Product Strategy, Growth, Marketplace, SaaS, AI, Künstliche Intelligenz, Automatisierung, HR-Tech, C-Level",14,2026-09-12,Arbeitnow,https://www.arbeitnow.com/jobs/companies/ucmagency/chief-product-officer-product-growth-systems-ai-berlin-261875
senior-projektleiter-digitalisierung-a-stuttgart-60200,Senior Projektleiter Digitalisierung (a),Meondi,Stuttgart,False,"Experienced, Permanent, Full time","Senior Projektleiter, Senior Project Manager, Projektleiter Digitalisierung, IT Projektleiter, Digital Project Manager, Projektmanagement, Digital Transformation, Delivery Management, Softwareprojekte, Unternehmensberatung",10,2026-09-12,Arbeitnow,https://www.arbeitnow.com/jobs/companies/meondi/senior-projektleiter-digitalisierung-a-stuttgart-60200
lead-product-engineer-a-stuttgart-206390,Lead Product Engineer (a),Meondi,Stuttgart,False,"Experienced, Permanent, Full time","AI-Produkte, Product Engineering, Software Engineering",3,2026-09-12,Arbeitnow,https://www.arbeitnow.com/jobs/companies/meondi/lead-product-engineer-a-stuttgart-206390
senior-product-manager-data-infrastructure-berlin-47693,"Senior Product Manager, Data Infrastructure",Angi,Hybrid - Germany - Berlin,False,Full Time,Product,1,2026-09-12,Arbeitnow,https://www.arbeitnow.com/jobs/companies/angi/senior-product-manager-data-infrastructure-berlin-47693
investment-intern-growth-stage-berlin-83162,Investment Intern - Growth Stage,Hv,Berlin,False,Intern,Growth,1,2026-09-12,Arbeitnow,https://www.arbeitnow.com/jobs/companies/hv/investment-intern-growth-stage-berlin-83162
investment-intern-early-stage-berlin-396819,Investment Intern – Early Stage,Hv,Berlin,False,Intern,Investment,1,2026-09-12,Arbeitnow,https://www.arbeitnow.com/jobs/companies/hv/investment-intern-early-stage-berlin-396819
founders-associate-intern-berlin-466510,Founder’s Associate Intern,Pergolux,Berlin | Global Team,False,Intern,Global Revenue,1,2026-09-12,Arbeitnow,https://www.arbeitnow.com/jobs/companies/pergolux/founders-associate-intern-berlin-466510
field-cto-dach-munich-476611,"Field CTO, DACH",Mistral.ai,Munich,False,Full Time,Solutions,1,2026-09-12,Arbeitnow,https://www.arbeitnow.com/jobs/companies/mistralai/field-cto-dach-munich-476611
senior-product-manager-core-engine-deutschlandweit-4435,Senior Product Manager - Core Engine (m/w/d),Taledo GmbH,"Deutschlandweit, Berlin, Deutschland",False,"Experienced, fulltime permanent",IT,1,2026-09-12,Arbeitnow,https://www.arbeitnow.com/jobs/companies/taledo-gmbh/senior-product-manager-core-engine-deutschlandweit-4435
remote-senior-backend-engineer-core-engine-decision-intelligence-deutschlandweit-13391,Senior Backend Engineer - Core Engine / Decision Intelligence (m/w/d),Taledo GmbH,Homeoffice,True,"Experienced, fulltime permanent","IT, Remote",2,2026-09-12,Arbeitnow,https://www.arbeitnow.com/jobs/companies/taledo-gmbh/remote-senior-backend-engineer-core-engine-decision-intelligence-deutschlandweit-13391
senior-manager-group-accounting-ifrs-munich-55855,Senior Manager Group Accounting & IFRS (m/f/d),Fioneer,"Munich, Germany",False,Full Time,"Information Technology and Services, Corporate Functions",2,2026-09-12,Arbeitnow,https://www.arbeitnow.com/jobs/companies/fioneer/senior-manager-group-accounting-ifrs-munich-55855
devops-engineer-application-management-services-berlin-bonn-essen-254943,DevOps Engineer Application Management Services (m/w/d),European IT Consultancy EITCO GmbH,Berlin/Bonn/Essen,False,"Experienced, Permanent, Full time","DevOps, CI/CD, Git, Kubernetes, Docker, Linux, Application Management Services (AMS) 12, Monitoring, Automation",9,2026-09-12,Arbeitnow,https://www.arbeitnow.com/jobs/companies/european-it-consultancy-eitco-gmbh/devops-engineer-application-management-services-berlin-bonn-essen-254943
senior-business-operations-manager-berlin-22375,Senior Business Operations Manager (m/w/d),LANCH,Berlin,False,"Experienced, Permanent, Full time",,0,2026-09-12,Arbeitnow,https://www.arbeitnow.com/jobs/companies/lanch/senior-business-operations-manager-berlin-22375
senior-business-developer-berlin-308519,Senior Business Developer (m/w/d),LANCH,Berlin,False,"Experienced, Permanent, Full time","business development, delivery, lanch, loco chicken, qsr, food, gastro, vertrieb, analyse, strategy, founders associate",11,2026-09-12,Arbeitnow,https://www.arbeitnow.com/jobs/companies/lanch/senior-business-developer-berlin-308519
produktentwicklerin-dusseldorf-64619,Produktentwickler:in (w/m/d),emma & noah GmbH,Düsseldorf,False,"Experienced, Temporary, Full time",,0,2026-09-12,Arbeitnow,https://www.arbeitnow.com/jobs/companies/emma-noah-gmbh/produktentwicklerin-dusseldorf-64619
strategy-manager-krankentransport-business-development-go-to-market-dusseldorf-151957,Strategy Manager Krankentransport (m/w/d) – Business Development & Go-to-Market,DMRZ,Düsseldorf,False,"Experienced, Permanent, Full time","PO, Product Manager, PM, KTL, Produkt, Product",6,2026-09-12,Arbeitnow,https://www.arbeitnow.com/jobs/companies/dmrz/strategy-manager-krankentransport-business-development-go-to-market-dusseldorf-151957
softwaretester-healthcare-saas-dusseldorf-280548,Softwaretester (m/w/d) – Healthcare SaaS,DMRZ,Düsseldorf,False,"Experienced, Permanent, Full time","Testing, Softwaretester, Tester",3,2026-09-12,Arbeitnow,https://www.arbeitnow.com/jobs/companies/dmrz/softwaretester-healthcare-saas-dusseldorf-280548
customer-support-pflegesoftware-dusseldorf-438400,Customer Support (m/w/d) – Pflegesoftware,DMRZ,Düsseldorf,False,"Experienced, Permanent, Full time","Support, Kundenservice, Helpdesk, aid, Pflege",5,2026-09-12,Arbeitnow,https://www.arbeitnow.com/jobs/companies/dmrz/customer-support-pflegesoftware-dusseldorf-438400
werkstudent-energy-optimization-product-management-munchen-58718,Werkstudent (m/w/d) Energy Optimization & Product Management,Consolinno,München,False,"Entry, Working student, Part time","Product, Energy, Development, Software, Projectmanagement, Kundenprojekte, Marketing",7,2026-09-12,Arbeitnow,https://www.arbeitnow.com/jobs/companies/consolinno/werkstudent-energy-optimization-product-management-munchen-58718
werkstudent-energy-optimization-development-munchen-395209,Werkstudent (m/w/d) Energy Optimization & Development,Consolinno,München,False,"Entry, Working student, Part time","Energy, Development, Software, Testing, Qualitätssicherung, Simulation, Datenanalyse",7,2026-09-12,Arbeitnow,https://www.arbeitnow.com/jobs/companies/consolinno/werkstudent-energy-optimization-development-munchen-395209
werkstudent-patient-operations-office-frankfurt-210998,Werkstudent Patient Operations (m/w/d)*,Bloomwell Group GmbH,Office Frankfurt,False,"Entry, Working student, Part time","Kunden Support, Patienten Support, Medical Support, Ticketing System, Kundenbetreuung, Patientenbetreuung",6,2026-09-12,Arbeitnow,https://www.arbeitnow.com/jobs/companies/bloomwell-group-gmbh/werkstudent-patient-operations-office-frankfurt-210998
werkstudentin-founders-associate-voll-remote-oder-vor-ort-deutschlandweit-germany-wide-274109,Werkstudent:in Founders Associate (m/w/d) - voll remote oder vor Ort,Digital Career Institute,deutschlandweit/germany-wide,False,"Entry, Working student, Part time",,0,2026-09-12,Arbeitnow,https://www.arbeitnow.com/jobs/companies/digital-career-institute/werkstudentin-founders-associate-voll-remote-oder-vor-ort-deutschlandweit-germany-wide-274109
werkstudent-revops-sales-operations-voll-remote-deutschlandweit-germany-wide-273617,Werkstudent (m/w/d) RevOps / Sales Operations - voll remote,Digital Career Institute,deutschlandweit/germany-wide,False,"Entry, Working student, Part time","RevOps, Sales Operations",2,2026-09-12,Arbeitnow,https://www.arbeitnow.com/jobs/companies/digital-career-institute/werkstudent-revops-sales-operations-voll-remote-deutschlandweit-germany-wide-273617
senior-performance-marketing-manager-google-ads-voll-remote-deutschlandweit-germany-wide-197083,Senior Performance Marketing Manager: Google Ads (m/w/d) - voll remote,Digital Career Institute,deutschlandweit/germany-wide,False,"Experienced, Permanent, Full time","Performance Marketing, Google Ads",2,2026-09-12,Arbeitnow,https://www.arbeitnow.com/jobs/companies/digital-career-institute/senior-performance-marketing-manager-google-ads-voll-remote-deutschlandweit-germany-wide-197083
engineering-manager-power-to-x-e-fuels-plant-engineering-karlsruhe-132079,Engineering Manager (m/f/d) – Power-to-X & E-Fuels Plant Engineering,Ineratec Gmbh 1,Karlsruhe,False,"Experienced, Permanent, Full time","Process Engineer, Plant Engineer",2,2026-09-12,Arbeitnow,https://www.arbeitnow.com/jobs/companies/ineratec-gmbh-1/engineering-manager-power-to-x-e-fuels-plant-engineering-karlsruhe-132079
senior-scaled-enablement-manager-munich-headquarters-69409,Senior Scaled Enablement Manager (m/w/d),Maltego,Munich Headquarters,False,"Experienced, Permanent, Full time",,0,2026-09-12,Arbeitnow,https://www.arbeitnow.com/jobs/companies/maltego/senior-scaled-enablement-manager-munich-headquarters-69409
kreditanalyst-finanzierung-leasing-munich-353509,Kreditanalyst Finanzierung & Leasing (m/w/d),MY Humancapital GmbH,Munich,False,Full Time,Credit Analysis,1,2026-09-12,Arbeitnow,https://www.arbeitnow.com/jobs/companies/my-humancapital-gmbh/kreditanalyst-finanzierung-leasing-munich-353509
senior-projektcontroller-munich-351624,(Senior) Projektcontroller (m/w/d),MY Humancapital GmbH,Munich,False,Full Time,Controlling,1,2026-09-12,Arbeitnow,https://www.arbeitnow.com/jobs/companies/my-humancapital-gmbh/senior-projektcontroller-munich-351624
personalreferent-entgeltabrechnung-starnberg-247480,Personalreferent Entgeltabrechnung (m/w/d),MY Humancapital GmbH,Starnberg,False,Full Time,HR,1,2026-09-12,Arbeitnow,https://www.arbeitnow.com/jobs/companies/my-humancapital-gmbh/personalreferent-entgeltabrechnung-starnberg-247480
produktmanager-lebensmittel-handelsmarken-starnberg-66860,Produktmanager Lebensmittel & Handelsmarken (m/w/d),MY Humancapital GmbH,Starnberg,False,Full Time,Product Management,1,2026-09-12,Arbeitnow,https://www.arbeitnow.com/jobs/companies/my-humancapital-gmbh/produktmanager-lebensmittel-handelsmarken-starnberg-66860
1st-level-support-bonn-474138,1st-Level-Support (m/w/d),MY Humancapital GmbH,Bonn,False,Full Time,Customer Service,1,2026-09-12,Arbeitnow,https://www.arbeitnow.com/jobs/companies/my-humancapital-gmbh/1st-level-support-bonn-474138
it-teamleiter-interim-munich-355194,IT-Teamleiter (m/w/d)  Interim,MY Humancapital GmbH,Munich,False,Full Time,Information Systems,1,2026-09-12,Arbeitnow,https://www.arbeitnow.com/jobs/companies/my-humancapital-gmbh/it-teamleiter-interim-munich-355194
dozentin-fur-sap-fi-co-fur-edtech-startup-remote-berlin-425245,Dozent*in für SAP (FI / CO) für EdTech Startup (remote),Syntax Institut,Berlin,True,Full Time,"Remote, IT",2,2026-09-12,Arbeitnow,https://www.arbeitnow.com/jobs/companies/syntax-institut/dozentin-fur-sap-fi-co-fur-edtech-startup-remote-berlin-425245
kreditanalyst-munich-334221,Kreditanalyst (m/w/d),MY Humancapital GmbH,Munich,False,Full Time,Private Banking,1,2026-09-12,Arbeitnow,https://www.arbeitnow.com/jobs/companies/my-humancapital-gmbh/kreditanalyst-munich-334221
mitarbeiter-in-der-it-sicherheit-makro-sicherheitsrichtlinien-munich-71847,Mitarbeiter in der IT-Sicherheit (m/w/d) - Makro Sicherheitsrichtlinien,MY Humancapital GmbH,Munich,False,Full Time,Information Systems,1,2026-09-12,Arbeitnow,https://www.arbeitnow.com/jobs/companies/my-humancapital-gmbh/mitarbeiter-in-der-it-sicherheit-makro-sicherheitsrichtlinien-munich-71847
projektingenieur-tga-versorgungstechnik-munich-67246,Projektingenieur TGA / Versorgungstechnik (m/w/d),MY Humancapital GmbH,Munich,False,Full Time,Engineering,1,2026-09-12,Arbeitnow,https://www.arbeitnow.com/jobs/companies/my-humancapital-gmbh/projektingenieur-tga-versorgungstechnik-munich-67246
projektingenieur-verfahrenstechnik-munich-166699,Projektingenieur Verfahrenstechnik (m/w/d),MY Humancapital GmbH,Munich,False,Full Time,Engineering,1,2026-09-12,Arbeitnow,https://www.arbeitnow.com/jobs/companies/my-humancapital-gmbh/projektingenieur-verfahrenstechnik-munich-166699
applikationsingenieur-munich-452549,Applikationsingenieur (m/w/d),MY Humancapital GmbH,Munich,False,Full Time,Engineering,1,2026-09-12,Arbeitnow,https://www.arbeitnow.com/jobs/companies/my-humancapital-gmbh/applikationsingenieur-munich-452549
it-systemadministrator-munich-334142,IT-Systemadministrator (m/w/d),MY Humancapital GmbH,Munich,False,Full Time,System and Network Administration,1,2026-09-12,Arbeitnow,https://www.arbeitnow.com/jobs/companies/my-humancapital-gmbh/it-systemadministrator-munich-334142
sachbearbeiter-zoll-import-export-munich-494817,Sachbearbeiter Zoll Import & Export (m/w/d),MY Humancapital GmbH,Munich,False,Full Time,Consulting,1,2026-09-12,Arbeitnow,https://www.arbeitnow.com/jobs/companies/my-humancapital-gmbh/sachbearbeiter-zoll-import-export-munich-494817
private-banking-berater-ulm-169814,Private Banking Berater (m/w/d),MY Humancapital GmbH,Ulm,False,Full Time,Private Banking,1,2026-09-12,Arbeitnow,https://www.arbeitnow.com/jobs/companies/my-humancapital-gmbh/private-banking-berater-ulm-169814
technischer-redakteur-ersatzteildokumentation-munich-211187,Technischer Redakteur Ersatzteildokumentation (m/w/d),MY Humancapital GmbH,Munich,False,Full Time,Technical Documentation,1,2026-09-12,Arbeitnow,https://www.arbeitnow.com/jobs/companies/my-humancapital-gmbh/technischer-redakteur-ersatzteildokumentation-munich-211187
telefonischer-kundenberater-b2b-vertrieb-munich-48425,Telefonischer Kundenberater B2B Vertrieb (m/w/d),MY Humancapital GmbH,Munich,False,Full Time,Customer Service,1,2026-09-12,Arbeitnow,https://www.arbeitnow.com/jobs/companies/my-humancapital-gmbh/telefonischer-kundenberater-b2b-vertrieb-munich-48425
debitorenbuchhalter-munich-141876,Debitorenbuchhalter (m/w/d),MY Humancapital GmbH,Munich,False,Full Time,Accounts Receivable,1,2026-09-12,Arbeitnow,https://www.arbeitnow.com/jobs/companies/my-humancapital-gmbh/debitorenbuchhalter-munich-141876
hausmeister-potsdam-16648,Hausmeister (m/w/d) Potsdam,MY Humancapital GmbH,Potsdam,False,Full Time,"Building, Supply, Safety Services Engineering",3,2026-09-12,Arbeitnow,https://www.arbeitnow.com/jobs/companies/my-humancapital-gmbh/hausmeister-potsdam-16648
personalreferent-hr-administration-kassel-31582,Personalreferent HR Administration (m/w/d),MY Humancapital GmbH,Kassel,False,Full Time,HR,1,2026-09-12,Arbeitnow,https://www.arbeitnow.com/jobs/companies/my-humancapital-gmbh/personalreferent-hr-administration-kassel-31582
qualitatsprufer-wareneingang-munich-24960,Qualitätsprüfer Wareneingang (m/w/d),MY Humancapital GmbH,Munich,False,Full Time,Quality Management,1,2026-09-12,Arbeitnow,https://www.arbeitnow.com/jobs/companies/my-humancapital-gmbh/qualitatsprufer-wareneingang-munich-24960
auftragskoordinator-produktionsplanung-munich-165023,Auftragskoordinator Produktionsplanung (m/w/d),MY Humancapital GmbH,Munich,False,Full Time,Consulting,1,2026-09-12,Arbeitnow,https://www.arbeitnow.com/jobs/companies/my-humancapital-gmbh/auftragskoordinator-produktionsplanung-munich-165023
it-support-specialist-2nd-level-munich-273739,IT Support Specialist 2nd Level (m/w/d),MY Humancapital GmbH,Munich,False,Full Time,Information Systems,1,2026-09-12,Arbeitnow,https://www.arbeitnow.com/jobs/companies/my-humancapital-gmbh/it-support-specialist-2nd-level-munich-273739
haustechniker-gebaudemanagement-munich-171320,Haustechniker Gebäudemanagement (m/w/d),MY Humancapital GmbH,Munich,False,Full Time,"Building, Supply, Safety Services Engineering",3,2026-09-12,Arbeitnow,https://www.arbeitnow.com/jobs/companies/my-humancapital-gmbh/haustechniker-gebaudemanagement-munich-171320
softwareentwickler-c-qt-munich-120528,Softwareentwickler C++ / Qt,MY Humancapital GmbH,Munich,False,Full Time,Software Development,1,2026-09-12,Arbeitnow,https://www.arbeitnow.com/jobs/companies/my-humancapital-gmbh/softwareentwickler-c-qt-munich-120528
personalreferent-hr-administration-arbeitnehmeruberlassung-munich-240255,Personalreferent HR Administration & Arbeitnehmerüberlassung (m/w/d),MY Humancapital GmbH,Munich,False,Full Time,HR,1,2026-09-12,Arbeitnow,https://www.arbeitnow.com/jobs/companies/my-humancapital-gmbh/personalreferent-hr-administration-arbeitnehmeruberlassung-munich-240255
personalreferent-munich-190657,Personalreferent (m/w/d),MY Humancapital GmbH,Munich,False,Full Time,HR,1,2026-09-12,Arbeitnow,https://www.arbeitnow.com/jobs/companies/my-humancapital-gmbh/personalreferent-munich-190657
haustechniker-gebaudetechnik-munich-162620,Haustechniker Gebäudetechnik (m/w/d),MY Humancapital GmbH,Munich,False,Full Time,"Building, Supply, Safety Services Engineering",3,2026-09-12,Arbeitnow,https://www.arbeitnow.com/jobs/companies/my-humancapital-gmbh/haustechniker-gebaudetechnik-munich-162620
berechnungsingenieur-strukturanalyse-munich-55694,Berechnungsingenieur Strukturanalyse (m/w/d),MY Humancapital GmbH,Munich,False,Full Time,Engineering,1,2026-09-12,Arbeitnow,https://www.arbeitnow.com/jobs/companies/my-humancapital-gmbh/berechnungsingenieur-strukturanalyse-munich-55694
kreditorenbuchhalter-sap-munich-90628,Kreditorenbuchhalter SAP (m/w/d),MY Humancapital GmbH,Munich,False,Full Time,Finance,1,2026-09-12,Arbeitnow,https://www.arbeitnow.com/jobs/companies/my-humancapital-gmbh/kreditorenbuchhalter-sap-munich-90628
controller-im-offentlichen-dienst-munich-263681,Controller (m/w/d) im öffentlichen Dienst,MY Humancapital GmbH,Munich,False,Full Time,Controlling,1,2026-09-12,Arbeitnow,https://www.arbeitnow.com/jobs/companies/my-humancapital-gmbh/controller-im-offentlichen-dienst-munich-263681
projektleiter-simulationssysteme-munich-448412,Projektleiter (m/w/d) Simulationssysteme,MY Humancapital GmbH,Munich,False,Full Time,Project Management,1,2026-09-12,Arbeitnow,https://www.arbeitnow.com/jobs/companies/my-humancapital-gmbh/projektleiter-simulationssysteme-munich-448412
vergabemanager-offentliche-ausschreibung-munich-188113,Vergabemanager (m/w/d) Öffentliche Ausschreibung,MY Humancapital GmbH,Munich,False,Full Time,"Compliance, Security",2,2026-09-12,Arbeitnow,https://www.arbeitnow.com/jobs/companies/my-humancapital-gmbh/vergabemanager-offentliche-ausschreibung-munich-188113
anlagenbuchhalter-assetmanagement-munich-182001,Anlagenbuchhalter (m/w/d) Assetmanagement,MY Humancapital GmbH,Munich,False,Full Time,Finance,1,2026-09-12,Arbeitnow,https://www.arbeitnow.com/jobs/companies/my-humancapital-gmbh/anlagenbuchhalter-assetmanagement-munich-182001
bauingenieur-projektmanagement-minden-309511,Bauingenieur (m/w/d) - Projektmanagement,MY Humancapital GmbH,Minden,False,Full Time,Engineering,1,2026-09-11,Arbeitnow,https://www.arbeitnow.com/jobs/companies/my-humancapital-gmbh/bauingenieur-projektmanagement-minden-309511
technischer-objektverwalter-stuttgart-158167,Technischer Objektverwalter (m/w/d),MY Humancapital GmbH,Stuttgart,False,Full Time,"Building, Supply, Safety Services Engineering",3,2026-09-11,Arbeitnow,https://www.arbeitnow.com/jobs/companies/my-humancapital-gmbh/technischer-objektverwalter-stuttgart-158167
technischer-property-manager-munich-469977,Technischer Property Manager (m/w/d),MY Humancapital GmbH,Munich,False,Full Time,"Building, Supply, Safety Services Engineering",3,2026-09-11,Arbeitnow,https://www.arbeitnow.com/jobs/companies/my-humancapital-gmbh/technischer-property-manager-munich-469977
objektverwalter-facility-management-munich-298756,Objektverwalter Facility Management (m/w/d),MY Humancapital GmbH,Munich,False,Full Time,"Building, Supply, Safety Services Engineering",3,2026-09-11,Arbeitnow,https://www.arbeitnow.com/jobs/companies/my-humancapital-gmbh/objektverwalter-facility-management-munich-298756
vertriebscontroller-im-bankenumfeld-munich-188235,Vertriebscontroller im Bankenumfeld (m/w/d),MY Humancapital GmbH,Munich,False,Full Time,Controlling,1,2026-09-11,Arbeitnow,https://www.arbeitnow.com/jobs/companies/my-humancapital-gmbh/vertriebscontroller-im-bankenumfeld-munich-188235
kundenberater-private-banking-munich-37747,Kundenberater Private Banking (m/w/d),MY Humancapital GmbH,Munich,False,Full Time,Private Banking,1,2026-09-11,Arbeitnow,https://www.arbeitnow.com/jobs/companies/my-humancapital-gmbh/kundenberater-private-banking-munich-37747
php-entwickler-fachinformatiker-fur-anwendungsentwicklung-berlin-mitte-vollzeit-236112,PHP-Entwickler / Fachinformatiker für Anwendungsentwicklung (m/w/d) | Berlin-Mitte | Vollzeit,TenMedia GmbH,Berlin,False,Full Time,Software Development,1,2026-09-11,Arbeitnow,https://www.arbeitnow.com/jobs/companies/tenmedia-gmbh/php-entwickler-fachinformatiker-fur-anwendungsentwicklung-berlin-mitte-vollzeit-236112
senior-go-to-market-scaling-manager-germany-berlin-307706,(Senior) Go-to-Market Scaling Manager - Germany (m/f/d),1KOMMA5˚,Berlin,True,professional / experienced,"Remote, Software Development",2,2026-09-11,Arbeitnow,https://www.arbeitnow.com/jobs/companies/1komma50/senior-go-to-market-scaling-manager-germany-berlin-307706
webshop-and-customer-support-mitarbeiter-berlin-434144,Webshop and Customer Support Mitarbeiter (m/w/d),TEILE Elektronik,Berlin,False,"Contract, berufserfahren",Customer Service,1,2026-09-11,Arbeitnow,https://www.arbeitnow.com/jobs/companies/teile-elektronik/webshop-and-customer-support-mitarbeiter-berlin-434144
head-of-sales-dusseldorf-172826,Head of Sales (m/w/d),Pont Connects e.K.,Düsseldorf,True,Full Time,"Remote, IT",2,2026-09-11,Arbeitnow,https://www.arbeitnow.com/jobs/companies/pont-connects-ek/head-of-sales-dusseldorf-172826
founding-ai-engineer-at-handly-20vc-backed-berlin-305633,Founding AI Engineer @handly - 20VC backed,handly,Berlin,False,professional / experienced,Software Development,1,2026-09-11,Arbeitnow,https://www.arbeitnow.com/jobs/companies/handly/founding-ai-engineer-at-handly-20vc-backed-berlin-305633
weg-verwalter-berlin-301719,WEG-Verwalter (m/w/d),Parte Verwaltung GmbH,Berlin,False,berufserfahren,Finance,1,2026-09-11,Arbeitnow,https://www.arbeitnow.com/jobs/companies/parte-verwaltung-gmbh/weg-verwalter-berlin-301719
senior-accountant-erp-digitalisierung-dynamics-365-hildesheim-373866,Senior Accountant ERP & Digitalisierung (m/w/d) Dynamics 365,ANGEHEUERT GmbH,Hildesheim,False,"Full-time permanent, mid","Accounting, high school or equivalent",2,2026-09-11,Arbeitnow,https://www.arbeitnow.com/jobs/companies/angeheuert-gmbh/senior-accountant-erp-digitalisierung-dynamics-365-hildesheim-373866
senior-accountant-erp-digitalisierung-hannover-417320,Senior Accountant ERP & Digitalisierung (m/w/d),ANGEHEUERT GmbH,Hannover,False,"Full-time permanent, mid","Accounting, high school or equivalent",2,2026-09-11,Arbeitnow,https://www.arbeitnow.com/jobs/companies/angeheuert-gmbh/senior-accountant-erp-digitalisierung-hannover-417320
senior-accountant-erp-digitalisierung-dynamics-365-braunschweig-215382,Senior Accountant ERP & Digitalisierung (m/w/d) Dynamics 365,ANGEHEUERT GmbH,Braunschweig,False,"Full-time permanent, mid","Accounting, high school or equivalent",2,2026-09-11,Arbeitnow,https://www.arbeitnow.com/jobs/companies/angeheuert-gmbh/senior-accountant-erp-digitalisierung-dynamics-365-braunschweig-215382
senior-accountant-erp-digitalisierung-dynamics-365-bielefeld-466819,Senior Accountant ERP & Digitalisierung (m/w/d) Dynamics 365,ANGEHEUERT GmbH,Bielefeld,False,"Full-time permanent, mid","Accounting, high school or equivalent",2,2026-09-11,Arbeitnow,https://www.arbeitnow.com/jobs/companies/angeheuert-gmbh/senior-accountant-erp-digitalisierung-dynamics-365-bielefeld-466819
site-reliability-engineer-koln-188740,Site Reliability Engineer (m/w/d),gridscale GmbH,Köln,False,"Full-time permanent, experienced","Engineering, bachelor's degree",2,2026-09-11,Arbeitnow,https://www.arbeitnow.com/jobs/companies/gridscale-gmbh/site-reliability-engineer-koln-188740
finance-erp-specialist-hannover-354043,Finance ERP Specialist (m/w/d),ANGEHEUERT GmbH Personalberatung,Hannover,False,berufserfahren,Finance,1,2026-09-11,Arbeitnow,https://www.arbeitnow.com/jobs/companies/angeheuert-gmbh-personalberatung/finance-erp-specialist-hannover-354043
product-marketing-manager-ahrensburg-6040,Product Marketing Manager (m/w/d),bits&birds GmbH,Ahrensburg,False,Full Time,Product Management,1,2026-09-11,Arbeitnow,https://www.arbeitnow.com/jobs/companies/bitsbirds-gmbh/product-marketing-manager-ahrensburg-6040
junior-customer-success-manager-munchen-munich-407954,Junior Customer Success Manager (m/w/d) | München,fleetster,Munich,False,teamleitung,Customer Service,1,2026-09-11,Arbeitnow,https://www.arbeitnow.com/jobs/companies/fleetster/junior-customer-success-manager-munchen-munich-407954
dokumentenmanager-technische-projektdokumentation-in-suddeutschland-1715-mannheim-387907,Dokumentenmanager (m/w/d) Technische Projektdokumentation in Süddeutschland (1715),BRÜGGEN ENGINEERING GmbH,Mannheim,False,Full Time,Engineering,1,2026-09-11,Arbeitnow,https://www.arbeitnow.com/jobs/companies/bruggen-engineering-gmbh/dokumentenmanager-technische-projektdokumentation-in-suddeutschland-1715-mannheim-387907
postdoc-scientist-nukleotidchemie-organische-synthese-in-munchen-1716-munich-121391,Postdoc / Scientist (m/w/d) Nukleotidchemie / Organische Synthese in München (1716),BRÜGGEN ENGINEERING GmbH,Munich,False,Full Time,Engineering,1,2026-09-11,Arbeitnow,https://www.arbeitnow.com/jobs/companies/bruggen-engineering-gmbh/postdoc-scientist-nukleotidchemie-organische-synthese-in-munchen-1716-munich-121391
senior-frontend-developer-reactjs-all-genders-berlin-110719,Senior Frontend Developer - React.js (all genders),Lightspeedhq,Berlin,False,Full Time,Technology,1,2026-09-11,Arbeitnow,https://www.arbeitnow.com/jobs/companies/lightspeedhq/senior-frontend-developer-reactjs-all-genders-berlin-110719
senior-account-manager-nachhaltigkeit-berlin-211032,(Senior) Account Manager - Nachhaltigkeit,Rootglobal,Berlin,False,Full Time,Account Management,1,2026-09-11,Arbeitnow,https://www.arbeitnow.com/jobs/companies/rootglobal/senior-account-manager-nachhaltigkeit-berlin-211032
customer-success-manager-agriculture-berlin-309435,Customer Success Manager - Agriculture,Rootglobal,Berlin,False,Full Time,Account Management,1,2026-09-11,Arbeitnow,https://www.arbeitnow.com/jobs/companies/rootglobal/customer-success-manager-agriculture-berlin-309435
it-administrator-business-solutions-logistics-maisach-496268,IT-Administrator Business Solutions & Logistics (w/m/d),Right Search,Maisach,False,berufserfahren,Applications Administration,1,2026-09-11,Arbeitnow,https://www.arbeitnow.com/jobs/companies/right-search/it-administrator-business-solutions-logistics-maisach-496268
director-of-sales-berlin-54759,Director of Sales,Rapid Pioneers,Berlin,False,executive,"Directors, Chief Executives",2,2026-09-11,Arbeitnow,https://www.arbeitnow.com/jobs/companies/rapid-pioneers/director-of-sales-berlin-54759
site-reliability-engineer-koln-180628,Site Reliability Engineer (m/w/d),gridscale GmbH,"Köln, Nordrhein-Westfalen, Deutschland",False,"Experienced, fulltime permanent",Development,1,2026-09-11,Arbeitnow,https://www.arbeitnow.com/jobs/companies/gridscale-gmbh/site-reliability-engineer-koln-180628
senior-frontend-web-developer-offenbach-am-main-203920,(Senior) Frontend Web Developer (w/m/d),Holzland Becker,"Offenbach am Main, Hessen, Deutschland",False,"Experienced, fulltime permanent",IT/Tech OFB,1,2026-09-11,Arbeitnow,https://www.arbeitnow.com/jobs/companies/holzland-becker/senior-frontend-web-developer-offenbach-am-main-203920
teamleiter-einkauf-verpackung-logistik-technische-gase-etc-augsburg-423238,"Teamleiter Einkauf - Verpackung, Logistik, Technische Gase etc.",4Chain Consulting,"Augsburg, Germany",False,"Full time, associate",,0,2026-09-11,Arbeitnow,https://www.arbeitnow.com/jobs/companies/4chain-consulting/teamleiter-einkauf-verpackung-logistik-technische-gase-etc-augsburg-423238
ai-engineer-dealflow-berlin-27576,AI Engineer - Dealflow (m/w/d),Flex Capital Management Gmbh,Berlin,False,"Experienced, Permanent, Full time",,0,2026-09-11,Arbeitnow,https://www.arbeitnow.com/jobs/companies/flex-capital-management-gmbh/ai-engineer-dealflow-berlin-27576
senior-fullstack-engineer-all-genders-munchen-412667,Senior Fullstack Engineer (all genders),Reev,München,False,"Experienced, Permanent, Full time","Kotlin, Fullstack, Engineering, emobility, AWS, react, Java, B2B, SaaS, Energy, Mobility, JVM, Typescript",13,2026-09-11,Arbeitnow,https://www.arbeitnow.com/jobs/companies/reev/senior-fullstack-engineer-all-genders-munchen-412667
senior-business-intelligence-lead-all-genders-munchen-127181,Senior Business Intelligence Lead (all genders),Reev,München,False,"Experienced, Permanent, Full time","Senior Business Intelligence Manager, Business Intelligence Manager, BI Manager, Business Intelligence, Business Analytics, Data Analytics, Analytics Manager, Data Governance, Data Quality, KPI Management, Metrics & Reporting, SQL, Data Modeling, Data Management, Business Intelligence Strategy, Advanced SQL, SQL Data Validation, Data Investigation, Data Flows, Data Pipelines, ETL, ELT, Data Transformations, Data Contracts, Certified Data Layer, Semantic Layer, Single Source of truth, KPI Definitions, Metric Definitions, Metabase, dbt, AWS Glue, Apache Spark, Airbyte, Data Warehouse",35,2026-09-11,Arbeitnow,https://www.arbeitnow.com/jobs/companies/reev/senior-business-intelligence-lead-all-genders-munchen-127181
senior-digital-project-manager-platform-all-genders-koln-286171,Senior Digital Project Manager / Platform (all genders),Denkwerk Gmbh,Köln,False,"Experienced, Permanent, Full time","Digital, PM, Project Management, Agentur, e-Commerce",5,2026-09-11,Arbeitnow,https://www.arbeitnow.com/jobs/companies/denkwerk-gmbh/senior-digital-project-manager-platform-all-genders-koln-286171
senior-digital-project-manager-campaign-all-genders-koln-185593,Senior Digital Project Manager / Campaign (all genders),Denkwerk Gmbh,Köln,False,"Experienced, Permanent, Full time","Pm, Projectmanagement, digital, Campaign, agil, Jira, confluence",7,2026-09-11,Arbeitnow,https://www.arbeitnow.com/jobs/companies/denkwerk-gmbh/senior-digital-project-manager-campaign-all-genders-koln-185593
senior-marketing-consultant-schwerpunkt-seo-all-genders-hamburg-syzygy-performance-marketing-gmbh-349166,Senior Marketing Consultant – Schwerpunkt SEO (all genders),SYZYGY GROUP,Hamburg - SYZYGY Performance Marketing GmbH,False,"Experienced, Permanent, Full time","SEO, GEO, Kundenberatung, Projketsteuerung, Datenanalyse, AI Search",6,2026-09-11,Arbeitnow,https://www.arbeitnow.com/jobs/companies/syzygy-group/senior-marketing-consultant-schwerpunkt-seo-all-genders-hamburg-syzygy-performance-marketing-gmbh-349166
werkstudent-im-bereich-isms-munchen-52968,Werkstudent (m/w/d) im Bereich ISMS,neoshare,München,False,"Student, Working student, Part time",ISMS,1,2026-09-11,Arbeitnow,https://www.arbeitnow.com/jobs/companies/neoshare/werkstudent-im-bereich-isms-munchen-52968
senior-frontend-software-engineer-angular-berlin-173426,Senior Frontend Software Engineer - Angular (m/f/x),neoshare,Berlin,False,"Experienced, Permanent, Full time","angular, frontend, fintech",3,2026-09-11,Arbeitnow,https://www.arbeitnow.com/jobs/companies/neoshare/senior-frontend-software-engineer-angular-berlin-173426
data-protection-ai-governance-advisor-munchen-50898,Data Protection & AI Governance Advisor (m/w/d),neoshare,München,False,"Experienced, Permanent, Full time","GDPR, Datenschutz, EU AI Act",3,2026-09-11,Arbeitnow,https://www.arbeitnow.com/jobs/companies/neoshare/data-protection-ai-governance-advisor-munchen-50898
working-student-application-software-engineer-munich-259398,Working Student Application Software Engineer,Isarsoft,Munich,False,"Student, Working student, Part time","Solution engineer, Customer success engineer, Computer Vision, Python, SQL, AI",6,2026-09-11,Arbeitnow,https://www.arbeitnow.com/jobs/companies/isarsoft/working-student-application-software-engineer-munich-259398
senior-python-engineer-platform-libraries-munchen-371781,"Senior Python Engineer, Platform Libraries (m/f/d)",Unitelabs,München,False,"Experienced, Permanent, Full time","Python, Developer, Biotech, Rust, Software Development, Automation, Hardware, gRPC, Prefect, Docker, Interfaces, Integration, Startup, SDK, testing, connectors, API",17,2026-09-11,Arbeitnow,https://www.arbeitnow.com/jobs/companies/unitelabs/senior-python-engineer-platform-libraries-munchen-371781
forward-deployed-engineer-berlin-407325,Forward Deployed Engineer (m/f/d),Blueocean Technologies Gmbh,Berlin,False,"Experienced, Permanent, Full time","Forward Deployed Engineer, AI, Python, Vue, PostgreSQL, Product",6,2026-09-11,Arbeitnow,https://www.arbeitnow.com/jobs/companies/blueocean-technologies-gmbh/forward-deployed-engineer-berlin-407325
senior-business-controller-production-de-berlin-438231,Senior Business Controller Production (m/f/d),Swissbit,DE-Berlin,False,"Experienced, Permanent, Full or part time","production, controlling",2,2026-09-11,Arbeitnow,https://www.arbeitnow.com/jobs/companies/swissbit/senior-business-controller-production-de-berlin-438231
firmware-validation-engineer-embedded-systems-testing-quality-assurance-de-berlin-282554,Firmware Validation Engineer (m/f/d) | Embedded Systems Testing & Quality Assurance,Swissbit,DE-Berlin,False,"Experienced, Permanent, Full time","Firmware-Validierung, Embedded Systems, Testautomatisierung, Qualitätssicherung, C/C++ Entwicklung",5,2026-09-11,Arbeitnow,https://www.arbeitnow.com/jobs/companies/swissbit/firmware-validation-engineer-embedded-systems-testing-quality-assurance-de-berlin-282554
working-student-marketing-communications-immediately-frankfurt-am-main-hq-house-of-logistics-mobility-holm-17030,Working Student Marketing & Communications (m/f/x) - immediately,Rail-Flow GmbH,Frankfurt am Main - HQ (House of Logistics & Mobility (HOLM),False,"Entry, Working student, Part time","Frankfurt, Working Student, Marketing, Mainz, Wiesbaden, Logistic, Rail",7,2026-09-11,Arbeitnow,https://www.arbeitnow.com/jobs/companies/rail-flow-gmbh/working-student-marketing-communications-immediately-frankfurt-am-main-hq-house-of-logistics-mobility-holm-17030
senior-growth-marketing-manager-berlin-323860,Senior Growth Marketing Manager,Lovehoney Group,Berlin,False,Full time,23.3 B2C Marketing - Growth Marketing,1,2026-09-11,Arbeitnow,https://www.arbeitnow.com/jobs/companies/lovehoney-group/senior-growth-marketing-manager-berlin-323860
senior-growth-marketing-manager-berlin-127714,Senior Growth Marketing Manager,Lovehoney Group,Berlin,False,Full time,24.1. Brand Management,1,2026-09-11,Arbeitnow,https://www.arbeitnow.com/jobs/companies/lovehoney-group/senior-growth-marketing-manager-berlin-127714
product-manager-app-digital-experience-berlin-291187,Product Manager App & Digital Experience,Lovehoney Group,Berlin,False,Full time,24.1. Brand Management,1,2026-09-11,Arbeitnow,https://www.arbeitnow.com/jobs/companies/lovehoney-group/product-manager-app-digital-experience-berlin-291187
kreditanalyst-finanzierung-leasing-munich-210745,Kreditanalyst Finanzierung & Leasing (m/w/d),MY Humancapital GmbH,Munich,False,Full Time,Credit Analysis,1,2026-09-11,Arbeitnow,https://www.arbeitnow.com/jobs/companies/my-humancapital-gmbh/kreditanalyst-finanzierung-leasing-munich-210745
founders-associate-fur-impact-accelerator-hamburg-420704,Founders Associate für Impact-Accelerator (w/m/d),Founders Bay,Hamburg,False,Full Time,Business Development,1,2026-09-11,Arbeitnow,https://www.arbeitnow.com/jobs/companies/founders-bay/founders-associate-fur-impact-accelerator-hamburg-420704
trainee-financial-consulting-finanzberatung-mentoring-berlin-211547,Trainee Financial Consulting (m/w/d) - Finanzberatung & Mentoring,Horbach Finanzplanung für Akademiker,Berlin,False,"Traineeship, berufseinstieg","Asset, Fonds Management",2,2026-09-11,Arbeitnow,https://www.arbeitnow.com/jobs/companies/horbach-finanzplanung-fur-akademiker/trainee-financial-consulting-finanzberatung-mentoring-berlin-211547
data-center-cabling-quality-specialist-sankt-leon-rot-486285,Data Center Cabling & Quality Specialist,ITconfig/all GmbH,Sankt Leon-Rot,False,Full Time,IT,1,2026-09-11,Arbeitnow,https://www.arbeitnow.com/jobs/companies/itconfigall-gmbh/data-center-cabling-quality-specialist-sankt-leon-rot-486285
it-administrator-albstadt-452222,IT-Administrator (m/w/d),Die ITeen-Schmiede,Albstadt,False,Full Time,System and Network Administration,1,2026-09-11,Arbeitnow,https://www.arbeitnow.com/jobs/companies/die-iteen-schmiede/it-administrator-albstadt-452222
projektassistenz-webentwicklung-in-teilzeit-regensburg-424293,Projektassistenz (m/w/d) Webentwicklung - in Teilzeit,JANDA+ROSCHER,Regensburg,False,Full Time,Project Management,1,2026-09-11,Arbeitnow,https://www.arbeitnow.com/jobs/companies/jandaroscher/projektassistenz-webentwicklung-in-teilzeit-regensburg-424293
chief-of-staff-subvia-gmbh-schleswig-holstein-brugge-292373,Chief of Staff (m/w/d) | Subvia GmbH | Schleswig-Holstein,Subvia GmbH,Brügge,False,berufserfahren,Business Development,1,2026-09-11,Arbeitnow,https://www.arbeitnow.com/jobs/companies/subvia-gmbh/chief-of-staff-subvia-gmbh-schleswig-holstein-brugge-292373
ingenieurin-fur-versorgungstechnik-hlks-burghaun-179970,Ingenieur*in (m/w/x) für Versorgungstechnik / HLKS,rauschenberg ingenieure gmbh,Burghaun,False,Full Time,"Building, Supply, Safety Services Engineering",3,2026-09-11,Arbeitnow,https://www.arbeitnow.com/jobs/companies/rauschenberg-ingenieure-gmbh/ingenieurin-fur-versorgungstechnik-hlks-burghaun-179970
data-integrations-automations-developer-hamburg-342014,"Data, Integrations & Automations Developer (m/f/d)",adlicious,Hamburg,False,Full Time,IT,1,2026-09-11,Arbeitnow,https://www.arbeitnow.com/jobs/companies/adlicious/data-integrations-automations-developer-hamburg-342014
financial-analyst-essen-372729,Financial Analyst (m/w/d),Cusp Capital Partners,Essen,False,Full Time,Finance,1,2026-09-11,Arbeitnow,https://www.arbeitnow.com/jobs/companies/cusp-capital-partners/financial-analyst-essen-372729
manager-product-data-bi-hamburg-11026,Manager Product Data & BI (m/w/d),Kreuzfahrtberater GmbH,Hamburg,False,berufserfahren,"Data Processing, Data Engineer",2,2026-09-11,Arbeitnow,https://www.arbeitnow.com/jobs/companies/kreuzfahrtberater-gmbh/manager-product-data-bi-hamburg-11026
ingenieurin-fur-versorgungstechnik-hlks-mechernich-444765,Ingenieur*in (m/w/x) für Versorgungstechnik / HLKS,rauschenberg ingenieure gmbh,Mechernich,False,Full Time,"Building, Supply, Safety Services Engineering",3,2026-09-11,Arbeitnow,https://www.arbeitnow.com/jobs/companies/rauschenberg-ingenieure-gmbh/ingenieurin-fur-versorgungstechnik-hlks-mechernich-444765
fachplanerin-hlks-burghaun-265250,Fachplaner*in HLKS (m/w/x),rauschenberg ingenieure gmbh,Burghaun,False,Full Time,"Building, Supply, Safety Services Engineering",3,2026-09-11,Arbeitnow,https://www.arbeitnow.com/jobs/companies/rauschenberg-ingenieure-gmbh/fachplanerin-hlks-burghaun-265250
senior-it-systems-engineer-linux-nuremberg-423883,Senior IT Systems Engineer (Linux) (w/m/d),noris network AG,Nuremberg,True,berufserfahren,"Remote, System and Network Administration",2,2026-09-11,Arbeitnow,https://www.arbeitnow.com/jobs/companies/noris-network-ag/senior-it-systems-engineer-linux-nuremberg-423883
technikerin-meisterin-fur-versorgungstechnik-hlks-burghaun-100812,Techniker*in / Meister*in (m/w/x) für Versorgungstechnik / HLKS,rauschenberg ingenieure gmbh,Burghaun,False,Full Time,"Building, Supply, Safety Services Engineering",3,2026-09-11,Arbeitnow,https://www.arbeitnow.com/jobs/companies/rauschenberg-ingenieure-gmbh/technikerin-meisterin-fur-versorgungstechnik-hlks-burghaun-100812
fachplanerin-hlks-mechernich-390495,Fachplaner*in HLKS (m/w/x),rauschenberg ingenieure gmbh,Mechernich,False,Full Time,"Building, Supply, Safety Services Engineering",3,2026-09-11,Arbeitnow,https://www.arbeitnow.com/jobs/companies/rauschenberg-ingenieure-gmbh/fachplanerin-hlks-mechernich-390495
technischer-systemplanerin-im-bereich-versorgungstechnik-mechernich-155399,Technische*r Systemplaner*in im Bereich Versorgungstechnik (m/w/x),rauschenberg ingenieure gmbh,Mechernich,False,Full Time,"Building, Supply, Safety Services Engineering",3,2026-09-11,Arbeitnow,https://www.arbeitnow.com/jobs/companies/rauschenberg-ingenieure-gmbh/technischer-systemplanerin-im-bereich-versorgungstechnik-mechernich-155399
pflichtpraktikum-social-media-marketing-mwd-berlin-203296,"Pflichtpraktikum Social Media Marketing (m,w,d)",Unseen Media GmbH,Berlin,True,"Internship, hilfstätigkeit / student","Remote, Online Marketing",2,2026-09-11,Arbeitnow,https://www.arbeitnow.com/jobs/companies/unseen-media-gmbh/pflichtpraktikum-social-media-marketing-mwd-berlin-203296
senior-graphic-designer-hamburg-149713,Senior Graphic Designer (m/w/d),adlicious,Hamburg,False,Full Time,Marketing and Communication,1,2026-09-11,Arbeitnow,https://www.arbeitnow.com/jobs/companies/adlicious/senior-graphic-designer-hamburg-149713
av-systemintegrator-regensburg-201238,Av-Systemintegrator (M/W/D),BVCOM (BV-comOffice GmbH),Regensburg,False,berufserfahren,IT,1,2026-09-11,Arbeitnow,https://www.arbeitnow.com/jobs/companies/bvcom-bv-comoffice-gmbh/av-systemintegrator-regensburg-201238
intern-marketing-berlin-261844,Intern - Marketing,Atrya,Berlin,False,Internship,Finance,1,2026-09-11,Arbeitnow,https://www.arbeitnow.com/jobs/companies/atrya/intern-marketing-berlin-261844
av-serivce-und-supporttechniker-regensburg-158369,Av-Serivce- Und Supporttechniker (M/W/D),BVCOM (BV-comOffice GmbH),Regensburg,False,berufserfahren,IT,1,2026-09-11,Arbeitnow,https://www.arbeitnow.com/jobs/companies/bvcom-bv-comoffice-gmbh/av-serivce-und-supporttechniker-regensburg-158369
werkstudent-e-commerce-munich-484647,Werkstudent (m/w/d) E-Commerce,Active Nutrition International GmbH,Munich,False,"Working student, berufseinstieg",Online Marketing,1,2026-09-11,Arbeitnow,https://www.arbeitnow.com/jobs/companies/active-nutrition-international-gmbh/werkstudent-e-commerce-munich-484647
tech-lead-fur-getaway-berlin-184762,Tech Lead (w/m/d) für GETAWAY,Future Energy Ventures,Berlin,False,professional / experienced,Software Development,1,2026-09-11,Arbeitnow,https://www.arbeitnow.com/jobs/companies/future-energy-ventures/tech-lead-fur-getaway-berlin-184762
freelance-video-editor-fur-d2c-ecom-brands-mwd-berlin-426183,"Freelance Video Editor für D2C Ecom Brands (m,w,d)",Unseen Media GmbH,Berlin,True,Freelance,"Remote, Social Media Manager",2,2026-09-11,Arbeitnow,https://www.arbeitnow.com/jobs/companies/unseen-media-gmbh/freelance-video-editor-fur-d2c-ecom-brands-mwd-berlin-426183
projektmanager-online-marketing-agentur-nuremberg-159027,Projektmanager (m/w/d) - Online-Marketing-Agentur,wirdenkenlokal GmbH,Nuremberg,False,berufserfahren,Online Marketing,1,2026-09-11,Arbeitnow,https://www.arbeitnow.com/jobs/companies/wirdenkenlokal-gmbh/projektmanager-online-marketing-agentur-nuremberg-159027
senior-backend-engineer-stuttgart-256136,Senior Backend Engineer (m/f/d),Actimi GmbH,Stuttgart,False,professional / experienced,Engineering,1,2026-09-11,Arbeitnow,https://www.arbeitnow.com/jobs/companies/actimi-gmbh/senior-backend-engineer-stuttgart-256136
servicetechniker-instandhaltung-werkstudium-oder-teilzeit-hamburg-96047,Servicetechniker Instandhaltung (m/w/d) Werkstudium oder Teilzeit,ANGEHEUERT GmbH Personalberatung,Hamburg,False,Full Time,Engineering,1,2026-09-11,Arbeitnow,https://www.arbeitnow.com/jobs/companies/angeheuert-gmbh-personalberatung/servicetechniker-instandhaltung-werkstudium-oder-teilzeit-hamburg-96047
visual-content-creator-multimedia-designer-in-teilzeit-berlin-196991,Visual Content Creator / Multimedia Designer (m/w/d) in Teilzeit,HOLZRICHTER Berlin,Berlin,False,Full Time,Social Media Manager,1,2026-09-11,Arbeitnow,https://www.arbeitnow.com/jobs/companies/holzrichter-berlin/visual-content-creator-multimedia-designer-in-teilzeit-berlin-196991
senior-product-engineer-devtools-ai-reliability-remote-berlin-432404,"Senior Product Engineer (DevTools & AI reliability, remote)",Checkly,Remote (UTC-3 to UTC+3),False,Full Time,Engineering,1,2026-09-11,Arbeitnow,https://www.arbeitnow.com/jobs/companies/checkly/senior-product-engineer-devtools-ai-reliability-remote-berlin-432404
climate-asset-development-lead-berlin-184967,Climate Asset Development Lead (f/d/m),Ceezer,Berlin,False,Full Time,Sourcing & Delivery,1,2026-09-11,Arbeitnow,https://www.arbeitnow.com/jobs/companies/ceezer/climate-asset-development-lead-berlin-184967
sap-gts-consultant-german-speaking-eschborn-394301,SAP GTS Consultant ( German Speaking),Kryptos Technologies limited,Eschborn,True,"Contract, professional / experienced","Remote, Business Consulting",2,2026-09-11,Arbeitnow,https://www.arbeitnow.com/jobs/companies/kryptos-technologies-limited/sap-gts-consultant-german-speaking-eschborn-394301
werkstudentin-produkt-praxis-digitalisierung-karlsruhe-319386,Werkstudent*in (m/w/d) - Produkt & Praxis-Digitalisierung,Mediform GmbH,Karlsruhe,False,"Working student, berufseinstieg",IT,1,2026-09-11,Arbeitnow,https://www.arbeitnow.com/jobs/companies/mediform-gmbh/werkstudentin-produkt-praxis-digitalisierung-karlsruhe-319386
senior-artist-manager-influencer-manager-berlin-100116,Senior Artist Manager / Influencer Manager (m/w/d),Lionflence,Berlin,False,Full Time,Marketing and Communication,1,2026-09-11,Arbeitnow,https://www.arbeitnow.com/jobs/companies/lionflence/senior-artist-manager-influencer-manager-berlin-100116
artist-manager-influencer-manager-berlin-358888,Artist Manager / Influencer Manager (m/w/d) BERLIN,Lionflence,Berlin,False,Full Time,Marketing and Communication,1,2026-09-11,Arbeitnow,https://www.arbeitnow.com/jobs/companies/lionflence/artist-manager-influencer-manager-berlin-358888
junior-artist-manager-influencer-manager-berlin-15507,Junior Artist Manager / Influencer Manager (m/w/d),Lionflence,Berlin,False,Full Time,Marketing and Communication,1,2026-09-11,Arbeitnow,https://www.arbeitnow.com/jobs/companies/lionflence/junior-artist-manager-influencer-manager-berlin-15507
junior-artist-manager-influencer-manager-mulheim-330162,Junior Artist Manager / Influencer Manager (m/w/d),Lionflence,Mülheim,False,Full Time,Marketing and Communication,1,2026-09-11,Arbeitnow,https://www.arbeitnow.com/jobs/companies/lionflence/junior-artist-manager-influencer-manager-mulheim-330162
artist-manager-influencer-manager-mulheim-2237,Artist Manager / Influencer Manager (m/w/d),Lionflence,Mülheim,False,Full Time,Marketing and Communication,1,2026-09-11,Arbeitnow,https://www.arbeitnow.com/jobs/companies/lionflence/artist-manager-influencer-manager-mulheim-2237
werkstudent-e-commerce-retail-operations-detmold-348184,Werkstudent E-Commerce & Retail Operations (m/w/d),Wortmann KG Internationale Schuhproduktionen,"Detmold, Nordrhein-Westfalen, Deutschland",False,"Entry, parttime fixed term",Praktikum & Werkstudententätigkeit,1,2026-09-11,Arbeitnow,https://www.arbeitnow.com/jobs/companies/wortmann-kg-internationale-schuhproduktionen/werkstudent-e-commerce-retail-operations-detmold-348184
senior-artist-manager-influencer-manager-mulheim-330097,Senior Artist Manager / Influencer Manager (m/w/d),Lionflence,Mülheim,False,Full Time,Marketing and Communication,1,2026-09-11,Arbeitnow,https://www.arbeitnow.com/jobs/companies/lionflence/senior-artist-manager-influencer-manager-mulheim-330097
remote-project-manager-software-implementation-berlin-60317,Project Manager - Software Implementation (m/f/x),Makersite GmbH,Remote job,True,"Mid, fulltime permanent","Services and Data, Remote",2,2026-09-11,Arbeitnow,https://www.arbeitnow.com/jobs/companies/makersite-gmbh/remote-project-manager-software-implementation-berlin-60317
nutrition-content-community-specialist-karben-158484,Nutrition Content & Community Specialist (m/w/d),A&V Nutri Pharm GmbH,Karben,False,Full Time,Social Media Manager,1,2026-09-11,Arbeitnow,https://www.arbeitnow.com/jobs/companies/av-nutri-pharm-gmbh/nutrition-content-community-specialist-karben-158484
remote-qa-engineer-325150,QA Engineer,Miaplaza,Remote job,True,"Mid, fulltime permanent","Product Development, Remote",2,2026-09-11,Arbeitnow,https://www.arbeitnow.com/jobs/companies/miaplaza/remote-qa-engineer-325150
it-system-engineer-berlin-353105,IT System Engineer (m/w/d),ANGEHEUERT GmbH,"Berlin, Berlin, Deutschland",False,"Experienced, fulltime permanent",,0,2026-09-11,Arbeitnow,https://www.arbeitnow.com/jobs/companies/angeheuert-gmbh/it-system-engineer-berlin-353105
remote-freelance-senior-product-manager-abrechnung-erp-berlin-327587,Freelance Senior Product Manager (w/m/d) - Abrechnung & ERP,Arsipa GmbH,Homeoffice,True,"Mid, fulltime permanent","Arsipa GmbH, Remote",2,2026-09-11,Arbeitnow,https://www.arbeitnow.com/jobs/companies/arsipa-gmbh/remote-freelance-senior-product-manager-abrechnung-erp-berlin-327587
account-executive-dach-market-berlin-office-75390,"Account Executive , DACH market",Aircall,Berlin Office,False,Permanent Full Time Employee,12001 - Account Executives,1,2026-09-11,Arbeitnow,https://www.arbeitnow.com/jobs/companies/aircall/account-executive-dach-market-berlin-office-75390
robotics-software-engineer-intern-swarm-systems-munich-deu-77012,Robotics Software Engineer Intern – Swarm Systems (m/f/d),autonomous-teaming,Munich (DEU),False,"Entry, Intern, Full time","Robotics, UAV systems, SLAM, Navigation, perception, multi agent coordination, Linux, C++, ROS2, Software engineering, algorithm",11,2026-09-11,Arbeitnow,https://www.arbeitnow.com/jobs/companies/autonomous-teaming/robotics-software-engineer-intern-swarm-systems-munich-deu-77012
principal-engineer-autonomous-systems-munich-deu-354007,Principal Engineer - Autonomous Systems (m/f/d),autonomous-teaming,Munich (DEU),False,"Experienced, Permanent, Full time","Robotics, C++, Technical lead, ROS2, System architecture, Technical leadership, Autonomous systems, LIDAR, Sensor integration, Sensor fusion, Real-time Systems, Product development, Linux, Perception",14,2026-09-11,Arbeitnow,https://www.arbeitnow.com/jobs/companies/autonomous-teaming/principal-engineer-autonomous-systems-munich-deu-354007
senior-accountant-bilanzbuchhalter-berlin-office-390922,Senior Accountant / Bilanzbuchhalter (m/w/d),Cube Green Energy Topco Ltd,Berlin Office,False,"Experienced, Permanent, Full time",,0,2026-09-11,Arbeitnow,https://www.arbeitnow.com/jobs/companies/cube-green-energy-topco-ltd/senior-accountant-bilanzbuchhalter-berlin-office-390922
embedded-software-systems-consultant-all-genders-wiesbaden-wie-90455,Embedded Software & Systems Consultant (all genders),Invensity Group,Wiesbaden (WIE),False,"Experienced, Permanent, Full time","Embedded Systems, Embedded Software, Embedded Software Development, Embedded Engineer, RTOS, Mikrokontroller, Microcontroller",7,2026-09-11,Arbeitnow,https://www.arbeitnow.com/jobs/companies/invensity-group/embedded-software-systems-consultant-all-genders-wiesbaden-wie-90455
data-architecture-consultant-wiesbaden-hybrid-24435,Data Architecture Consultant (m/w/d),Invensity Group,Wiesbaden (Hybrid),False,"Experienced, Permanent, Full time",,0,2026-09-11,Arbeitnow,https://www.arbeitnow.com/jobs/companies/invensity-group/data-architecture-consultant-wiesbaden-hybrid-24435
tech-advisory-senior-consultant-munchen-327196,Tech Advisory Senior Consultant (m/w/d),Trusteq Gmbh,München,False,"Experienced, Permanent, Full time","Tech Advisory, Consulting, Consultant",3,2026-09-11,Arbeitnow,https://www.arbeitnow.com/jobs/companies/trusteq-gmbh/tech-advisory-senior-consultant-munchen-327196
hr-management-intern-working-student-munchen-148069,HR Management Intern / Working Student (m/w/d),Trusteq Gmbh,München,False,"Student, Intern, Full time","Working Student, Intern, People & Culture, HR, People Operations, HR Management, HR Internship, HR Generalist, Employee Life Cycle",9,2026-09-11,Arbeitnow,https://www.arbeitnow.com/jobs/companies/trusteq-gmbh/hr-management-intern-working-student-munchen-148069
digital-ecosystem-working-student-munchen-373868,Digital Ecosystem Working Student (m/w/d),Trusteq Gmbh,München,False,"Student, Working student, Part time","Working Student, Digital ecosystem, KI ecosystem, Digital Identity, KI, AI",6,2026-09-11,Arbeitnow,https://www.arbeitnow.com/jobs/companies/trusteq-gmbh/digital-ecosystem-working-student-munchen-373868
data-platform-engineer-working-student-munchen-164015,Data Platform Engineer Working Student (m/w/d),Trusteq Gmbh,München,False,"Student, Working student, Part time","Working Student, Working Student Data Analyst, Data Analyst, IT-Strategy, ESG, Working Student Data Engineer, Data Engineer, Data Bricks, Data Platform, Data Platform Engineer",10,2026-09-11,Arbeitnow,https://www.arbeitnow.com/jobs/companies/trusteq-gmbh/data-platform-engineer-working-student-munchen-164015
cybersecurity-manager-munchen-162382,Cybersecurity Manager (m/w/d),Trusteq Gmbh,München,False,"Experienced, Permanent, Full time","Zero Trust, IT-Security, Consulting, Cybersecurity, Security, Entra ID, Architecture",7,2026-09-11,Arbeitnow,https://www.arbeitnow.com/jobs/companies/trusteq-gmbh/cybersecurity-manager-munchen-162382
cybersecurity-management-consultant-munchen-196725,Cybersecurity Management Consultant(m/w/d),Trusteq Gmbh,München,False,"Experienced, Permanent, Full time","Zero Trust, IT-Security, Consulting, Cybersecurity, Security, Entra ID, Architecture",7,2026-09-11,Arbeitnow,https://www.arbeitnow.com/jobs/companies/trusteq-gmbh/cybersecurity-management-consultant-munchen-196725
cybersecurity-senior-software-engineer-munchen-113374,Cybersecurity (Senior) Software Engineer (m/w/d),Trusteq Gmbh,München,False,"Experienced, Permanent, Full time","Software Engineering, Cybersecurity, DevSecOPs",3,2026-09-11,Arbeitnow,https://www.arbeitnow.com/jobs/companies/trusteq-gmbh/cybersecurity-senior-software-engineer-munchen-113374
cloud-senior-engineer-architect-m-w-d-koln-125252,Cloud (Senior) Engineer / Architect (m/ w/ d),Trusteq Gmbh,Köln,False,"Experienced, Permanent, Full time","Cloud Engineer, Cloud Architect, Cloud Developer, Software Developer",4,2026-09-11,Arbeitnow,https://www.arbeitnow.com/jobs/companies/trusteq-gmbh/cloud-senior-engineer-architect-m-w-d-koln-125252
ai-strategy-senior-consultant-munchen-94677,AI Strategy (Senior) Consultant (m/w/d),Trusteq Gmbh,München,False,"Experienced, Permanent, Full time","Consultant, Senior Consultant, Artifical Intelligence",3,2026-09-11,Arbeitnow,https://www.arbeitnow.com/jobs/companies/trusteq-gmbh/ai-strategy-senior-consultant-munchen-94677
ai-security-senior-consultant-munchen-190055,AI Security (Senior) Consultant (m/w/d),Trusteq Gmbh,München,False,"Experienced, Permanent, Full time","AI, AI Security, Consultant, Senior Consultant",4,2026-09-11,Arbeitnow,https://www.arbeitnow.com/jobs/companies/trusteq-gmbh/ai-security-senior-consultant-munchen-190055
ai-governance-senior-consultant-munchen-459425,AI Governance (Senior) Consultant (m/w/d),Trusteq Gmbh,München,False,"Experienced, Permanent, Full time","AI, GenAI, Artifical Intelligence, EU AI Act, Governance, Consultant, Project leadership, Leadership experience, IT-Consultant, Senior Consultant, Data Privacy, Policy development",12,2026-09-11,Arbeitnow,https://www.arbeitnow.com/jobs/companies/trusteq-gmbh/ai-governance-senior-consultant-munchen-459425
ai-seniorconsultant-munchen-191249,AI (Senior)Consultant (m/w/d),Trusteq Gmbh,München,False,"Experienced, Permanent, Full time","AI, KI, Generative KI, AI Developer, IT-Consultant, KI-Algorithmen, Machine Learning, Softwareintegration, Prototyping, Phyton, Development",11,2026-09-11,Arbeitnow,https://www.arbeitnow.com/jobs/companies/trusteq-gmbh/ai-seniorconsultant-munchen-191249
ai-senior-developer-munchen-277651,AI (Senior) Developer (m/w/d),Trusteq Gmbh,München,False,"Experienced, Permanent, Full time","AI, KI, Generative KI, AI Developer, IT-Consultant, KI-Algorithmen, Machine Learning, Softwareintegration, Prototyping, Phyton, Development",11,2026-09-11,Arbeitnow,https://www.arbeitnow.com/jobs/companies/trusteq-gmbh/ai-senior-developer-munchen-277651
werkstudent-quality-assurance-medizinalcannabis-koln-399548,Werkstudent Quality Assurance (m/w/d) - Medizinalcannabis,Semdor Pharma Group GmbH,Köln,False,"Entry, Intern, Full or part time",,0,2026-09-11,Arbeitnow,https://www.arbeitnow.com/jobs/companies/semdor-pharma-group-gmbh/werkstudent-quality-assurance-medizinalcannabis-koln-399548
head-of-quality-assurance-koln-413377,Head of Quality Assurance (m/w/d),Semdor Pharma Group GmbH,Köln,False,"Experienced, Permanent, Full time",,0,2026-09-11,Arbeitnow,https://www.arbeitnow.com/jobs/companies/semdor-pharma-group-gmbh/head-of-quality-assurance-koln-413377
fullstack-developer-koln-120219,Fullstack Developer (m/w/d),Semdor Pharma Group GmbH,Köln,False,"Experienced, Permanent, Full time",,0,2026-09-11,Arbeitnow,https://www.arbeitnow.com/jobs/companies/semdor-pharma-group-gmbh/fullstack-developer-koln-120219
praktikantin-fur-das-buro-der-bundesvorsitzenden-franziska-brantner-berlin-493637,Praktikant*in für das Büro der Bundesvorsitzenden Franziska Brantner,Buendnis 90Die Gruenen,Berlin,False,"Student, Intern, Full time",,0,2026-09-11,Arbeitnow,https://www.arbeitnow.com/jobs/companies/buendnis-90die-gruenen/praktikantin-fur-das-buro-der-bundesvorsitzenden-franziska-brantner-berlin-493637
werkstudent-kommunikationsdesign-munchen-240273,Werkstudent – Kommunikationsdesign (m/w/d),Ottonova,München,False,"Student, Intern, Part time","Kommunikationsdesign, Design",2,2026-09-11,Arbeitnow,https://www.arbeitnow.com/jobs/companies/ottonova/werkstudent-kommunikationsdesign-munchen-240273
junior-software-engineer-focus-on-ios-munchen-161204,Junior Software Engineer (m/f/d) - focus on iOS,Ottonova,München,False,"Entry, Permanent, Full time",,0,2026-09-11,Arbeitnow,https://www.arbeitnow.com/jobs/companies/ottonova/junior-software-engineer-focus-on-ios-munchen-161204
working-student-business-development-operations-garching-munchen-470360,Working Student (f/m/d) Business Development & Operations,UnternehmerTUM gGmbH,Garching & München,False,"Student, Working student, Part time","UTUM, Startup, TUM, Business Development, Operations",5,2026-09-11,Arbeitnow,https://www.arbeitnow.com/jobs/companies/unternehmertum-ggmbh/working-student-business-development-operations-garching-munchen-470360
uvc-partners-data-ai-master-thesis-internship-munchen-kreativquartier-290571,UVC Partners: Data & AI - Master Thesis / Internship (f/m/x),UnternehmerTUM gGmbH,München Kreativquartier,False,"Entry, Working student, Full time","utum, venture capital, AI, Student, Thesis, Data engineering, Prototyping",7,2026-09-11,Arbeitnow,https://www.arbeitnow.com/jobs/companies/unternehmertum-ggmbh/uvc-partners-data-ai-master-thesis-internship-munchen-kreativquartier-290571
working-student-category-management-munich-office-382835,Working Student Category Management (m/f/d),Westwing Group SE,Munich Office,False,"Student, Intern, Part time","working student, category management, retail, sales",4,2026-09-11,Arbeitnow,https://www.arbeitnow.com/jobs/companies/westwing-group-se/working-student-category-management-munich-office-382835
senior-tax-manager-konzernsteuerreferentin-munich-office-267361,Senior Tax Manager (Konzernsteuerreferent*in) (m/w/d),Westwing Group SE,Munich Office,False,"Experienced, Permanent, Full time","Tax, Finance, Steuer, Konzernsteuerreferent",4,2026-09-11,Arbeitnow,https://www.arbeitnow.com/jobs/companies/westwing-group-se/senior-tax-manager-konzernsteuerreferentin-munich-office-267361
product-manager-westwing-collection-munich-office-455173,Product Manager Westwing Collection (m/f/d),Westwing Group SE,Munich Office,False,"Experienced, Permanent, Full time","product, product management, category",3,2026-09-11,Arbeitnow,https://www.arbeitnow.com/jobs/companies/westwing-group-se/product-manager-westwing-collection-munich-office-455173
senior-b2b-account-manager-munich-office-157072,(Senior) B2B Account Manager (m/f/d),Westwing Group SE,Munich Office,False,"Experienced, Permanent, Full time","B2B, Sales, Account Manager",3,2026-09-11,Arbeitnow,https://www.arbeitnow.com/jobs/companies/westwing-group-se/senior-b2b-account-manager-munich-office-157072
senior-full-stack-developer-all-genders-deutschland-berlin-324040,Senior Full Stack Developer (all genders),Hubject Gmbh,Deutschland: Berlin,False,"Experienced, Permanent, Full time","ev charging, emobility, software developer, software, fullstack, java, spring boot, sustainability",8,2026-09-11,Arbeitnow,https://www.arbeitnow.com/jobs/companies/hubject-gmbh/senior-full-stack-developer-all-genders-deutschland-berlin-324040
senior-sales-business-development-manager-asia-pacific-munchen-391332,"Senior Sales & Business Development Manager, Asia-Pacific (m/f/x)",Mynaric,München,False,"Experienced, Permanent, Full time",,0,2026-09-11,Arbeitnow,https://www.arbeitnow.com/jobs/companies/mynaric/senior-sales-business-development-manager-asia-pacific-munchen-391332
senior-mechanical-design-engineer-munchen-53977,Senior Mechanical Design Engineer (m/f/d),Mynaric,München,False,"Experienced, Permanent, Full time","Optomechanics, Siemens Teamcenter/NX, PLM Systems",3,2026-09-11,Arbeitnow,https://www.arbeitnow.com/jobs/companies/mynaric/senior-mechanical-design-engineer-munchen-53977
senior-growth-marketing-manager-munchen-de-265327,Senior Growth Marketing Manager (m/w/d),Octopus Energy Group,München (DE),False,Full-time,Operations,1,2026-09-11,Arbeitnow,https://www.arbeitnow.com/jobs/companies/octopus-energy-group/senior-growth-marketing-manager-munchen-de-265327
talent-acquisition-manager-at-ai-native-executive-search-berlin-146771,Talent Acquisition Manager @AI-Native Executive Search,Top Line Advisory,Berlin,False,hilfstätigkeit / student,HR,1,2026-09-11,Arbeitnow,https://www.arbeitnow.com/jobs/companies/top-line-advisory/talent-acquisition-manager-at-ai-native-executive-search-berlin-146771
copywriter-fur-e-mail-marketing-mit-figma-kenntnissen-dusseldorf-359935,Copywriter für E-Mail-Marketing mit Figma-Kenntnissen (m/w/d),Rügamer & Steiner Consulting GmbH,Düsseldorf,False,Full Time,Marketing and Communication,1,2026-09-11,Arbeitnow,https://www.arbeitnow.com/jobs/companies/rugamer-steiner-consulting-gmbh/copywriter-fur-e-mail-marketing-mit-figma-kenntnissen-dusseldorf-359935
werbetexter-fur-newsletter-mailings-dusseldorf-36068,Werbetexter für Newsletter & Mailings (m/w/d),Rügamer & Steiner Consulting GmbH,Düsseldorf,False,Full Time,Marketing and Communication,1,2026-09-11,Arbeitnow,https://www.arbeitnow.com/jobs/companies/rugamer-steiner-consulting-gmbh/werbetexter-fur-newsletter-mailings-dusseldorf-36068
marketing-designer-e-mail-content-dusseldorf-154498,Marketing Designer - E-Mail & Content (m/w/d),Rügamer & Steiner Consulting GmbH,Düsseldorf,False,Full Time,Marketing and Communication,1,2026-09-11,Arbeitnow,https://www.arbeitnow.com/jobs/companies/rugamer-steiner-consulting-gmbh/marketing-designer-e-mail-content-dusseldorf-154498
e-mail-designer-mit-textkompetenz-dusseldorf-225177,E-Mail Designer mit Textkompetenz (m/w/d),Rügamer & Steiner Consulting GmbH,Düsseldorf,False,Full Time,Marketing and Communication,1,2026-09-11,Arbeitnow,https://www.arbeitnow.com/jobs/companies/rugamer-steiner-consulting-gmbh/e-mail-designer-mit-textkompetenz-dusseldorf-225177
e-mail-campaign-producer-dusseldorf-76567,E-Mail Campaign Producer (m/w/d),Rügamer & Steiner Consulting GmbH,Düsseldorf,False,Full Time,Graphic Arts and Communication Design,1,2026-09-11,Arbeitnow,https://www.arbeitnow.com/jobs/companies/rugamer-steiner-consulting-gmbh/e-mail-campaign-producer-dusseldorf-76567
appiontment-setter-in-vollstandig-remote-bad-lauchstadt-152663,Appiontment Setter/in vollständig remote,Annelie Grube,Bad Lauchstädt,True,Freelance,"Remote, Online Marketing",2,2026-09-11,Arbeitnow,https://www.arbeitnow.com/jobs/companies/annelie-grube/appiontment-setter-in-vollstandig-remote-bad-lauchstadt-152663
sap-gts-consultant-frankfurt-am-main-435922,SAP GTS Consultant,Pertemps ERP,Frankfurt am Main,True,berufserfahren,"Remote, Business Consulting",2,2026-09-11,Arbeitnow,https://www.arbeitnow.com/jobs/companies/pertemps-erp/sap-gts-consultant-frankfurt-am-main-435922
sap-berechtigungsmanager-dusseldorf-356908,SAP Berechtigungsmanager (m/w/d),Pertemps ERP,Düsseldorf,False,Freelance,IT,1,2026-09-11,Arbeitnow,https://www.arbeitnow.com/jobs/companies/pertemps-erp/sap-berechtigungsmanager-dusseldorf-356908
sap-berechtigungsmanager-frankfurt-am-main-415276,SAP Berechtigungsmanager (m/w/d),Pertemps ERP,Frankfurt am Main,True,Full Time,"Remote, IT",2,2026-09-11,Arbeitnow,https://www.arbeitnow.com/jobs/companies/pertemps-erp/sap-berechtigungsmanager-frankfurt-am-main-415276
sap-hcm-successfactors-team-lead-frankfurt-am-main-329773,SAP HCM / SuccessFactors Team Lead,Pertemps ERP,Frankfurt am Main,True,teamleitung,"Remote, Management, Team Leader",3,2026-09-11,Arbeitnow,https://www.arbeitnow.com/jobs/companies/pertemps-erp/sap-hcm-successfactors-team-lead-frankfurt-am-main-329773
sap-ibp-consultant-frankfurt-am-main-378308,SAP IBP Consultant,Pertemps ERP,Frankfurt am Main,True,berufserfahren,"Remote, Business Consulting",2,2026-09-11,Arbeitnow,https://www.arbeitnow.com/jobs/companies/pertemps-erp/sap-ibp-consultant-frankfurt-am-main-378308
sap-abap-developer-stuttgart-62337,SAP ABAP Developer,Pertemps ERP,Stuttgart,False,professional / experienced,Software Development,1,2026-09-11,Arbeitnow,https://www.arbeitnow.com/jobs/companies/pertemps-erp/sap-abap-developer-stuttgart-62337
sap-re-fx-consultant-frankfurt-am-main-20349,SAP RE-FX Consultant,Pertemps ERP,Frankfurt am Main,True,berufserfahren,"Remote, Business Consulting",2,2026-09-11,Arbeitnow,https://www.arbeitnow.com/jobs/companies/pertemps-erp/sap-re-fx-consultant-frankfurt-am-main-20349
ui-ux-designer-teambox-hamburg-312888,UI / UX Designer TEAMBOX (m/w/d) - Hamburg,everii Group GmbH,Hamburg,False,Full Time,"Product Design, Industrial Design",2,2026-09-11,Arbeitnow,https://www.arbeitnow.com/jobs/companies/everii-group-gmbh/ui-ux-designer-teambox-hamburg-312888
marketing-manager-newsletter-website-content-dusseldorf-115231,"Marketing Manager (m/w/d): Newsletter, Website & Content",immocloud GmbH,Düsseldorf,False,teamleitung,Marketing Manager,1,2026-09-11,Arbeitnow,https://www.arbeitnow.com/jobs/companies/immocloud-gmbh/marketing-manager-newsletter-website-content-dusseldorf-115231
ui-ux-designer-untermstrich-hamburg-403191,UI / UX Designer untermStrich (m/w/d) - Hamburg,everii Group GmbH,Hamburg,False,berufserfahren,"Product Design, Industrial Design",2,2026-09-11,Arbeitnow,https://www.arbeitnow.com/jobs/companies/everii-group-gmbh/ui-ux-designer-untermstrich-hamburg-403191
auszubildender-kaufmann-fur-dialogmarketing-grossenluder-214186,Auszubildender Kaufmann für Dialogmarketing (m/w/d),Technolit-IWETEC GmbH,Großenlüder,False,Apprenticeship,Business Operations,1,2026-09-11,Arbeitnow,https://www.arbeitnow.com/jobs/companies/technolit-iwetec-gmbh/auszubildender-kaufmann-fur-dialogmarketing-grossenluder-214186
auszubildender-elektroniker-fur-betriebstechnik-grossenluder-106576,Auszubildender Elektroniker für Betriebstechnik (m/w/d),Technolit-IWETEC GmbH,Großenlüder,False,Apprenticeship,Engineering,1,2026-09-11,Arbeitnow,https://www.arbeitnow.com/jobs/companies/technolit-iwetec-gmbh/auszubildender-elektroniker-fur-betriebstechnik-grossenluder-106576
ugc-creator-food-content-hamburg-80521,UGC Creator - Food Content,ReciMe,Hamburg,True,Freelance,"Remote, Social Media Manager",2,2026-09-11,Arbeitnow,https://www.arbeitnow.com/jobs/companies/recime/ugc-creator-food-content-hamburg-80521
it-systemadministrator-chemnitz-387895,IT-Systemadministrator,IT-High-Systems Technology GmbH,Chemnitz,False,Full Time,System and Network Administration,1,2026-09-11,Arbeitnow,https://www.arbeitnow.com/jobs/companies/it-high-systems-technology-gmbh/it-systemadministrator-chemnitz-387895
projektkoordinator-produktentwicklung-unbefristet-in-vollzeit-fellbach-247268,Projektkoordinator Produktentwicklung (m/w/d) unbefristet in Vollzeit,Pets Nature GmbH,Fellbach,True,Full Time,"Remote, Marketing and Communication",2,2026-09-11,Arbeitnow,https://www.arbeitnow.com/jobs/companies/pets-nature-gmbh/projektkoordinator-produktentwicklung-unbefristet-in-vollzeit-fellbach-247268
senior-product-manager-salesforce-internal-enablement-all-genders-berlin-333662,Senior Product Manager - Salesforce & Internal Enablement (all genders),Aroundhome,Berlin,False,professional / experienced,Marketing and Communication,1,2026-09-11,Arbeitnow,https://www.arbeitnow.com/jobs/companies/aroundhome/senior-product-manager-salesforce-internal-enablement-all-genders-berlin-333662
senior-product-manager-salesforce-internal-enablement-all-genders-berlin-468908,Senior Product Manager - Salesforce & Internal Enablement (all genders),Aroundhome,Berlin,False,berufserfahren,Marketing and Communication,1,2026-09-11,Arbeitnow,https://www.arbeitnow.com/jobs/companies/aroundhome/senior-product-manager-salesforce-internal-enablement-all-genders-berlin-468908
mitarbeiter-im-bereich-organisation-cham-345085,Mitarbeiter (m/w/d) im Bereich Organisation,Sparkasse im Landkreis Cham,Cham,False,Full Time,Finance,1,2026-09-11,Arbeitnow,https://www.arbeitnow.com/jobs/companies/sparkasse-im-landkreis-cham/mitarbeiter-im-bereich-organisation-cham-345085
newsletter-content-designer-dusseldorf-431936,Newsletter Content Designer (m/w/d),Rügamer & Steiner Consulting GmbH,Düsseldorf,False,Full Time,Graphic Arts and Communication Design,1,2026-09-11,Arbeitnow,https://www.arbeitnow.com/jobs/companies/rugamer-steiner-consulting-gmbh/newsletter-content-designer-dusseldorf-431936
lead-agentic-engineer-bielefeld-204944,Lead Agentic Engineer (w/m/d),Ole KG,Bielefeld,False,Full Time,Software Development,1,2026-09-11,Arbeitnow,https://www.arbeitnow.com/jobs/companies/ole-kg/lead-agentic-engineer-bielefeld-204944
newsletter-producer-copy-design-dusseldorf-65107,Newsletter Producer (Copy & Design) (m/w/d),Rügamer & Steiner Consulting GmbH,Düsseldorf,False,Full Time,Marketing and Communication,1,2026-09-11,Arbeitnow,https://www.arbeitnow.com/jobs/companies/rugamer-steiner-consulting-gmbh/newsletter-producer-copy-design-dusseldorf-65107
e-mail-marketing-creator-text-design-dusseldorf-140656,E-Mail Marketing Creator - Text & Design (m/w/d),Rügamer & Steiner Consulting GmbH,Düsseldorf,False,Full Time,Marketing and Communication,1,2026-09-11,Arbeitnow,https://www.arbeitnow.com/jobs/companies/rugamer-steiner-consulting-gmbh/e-mail-marketing-creator-text-design-dusseldorf-140656
ui-ux-designer-als-e-mail-marketer-dusseldorf-273882,UI/UX Designer als E-Mail Marketer (m/w/d),Rügamer & Steiner Consulting GmbH,Düsseldorf,False,Full Time,Marketing and Communication,1,2026-09-11,Arbeitnow,https://www.arbeitnow.com/jobs/companies/rugamer-steiner-consulting-gmbh/ui-ux-designer-als-e-mail-marketer-dusseldorf-273882
personalreferent-in-teilzeit-20-stunden-woche-ratingen-115222,Personalreferent (m/w/d) in Teilzeit (20 Stunden/Woche),Lintorfer Eisengießerei GmbH,Ratingen,False,berufserfahren,Personnel Specialist,1,2026-09-11,Arbeitnow,https://www.arbeitnow.com/jobs/companies/lintorfer-eisengiesserei-gmbh/personalreferent-in-teilzeit-20-stunden-woche-ratingen-115222
mediengestalter-e-mail-designer-inklusive-copywriting-dusseldorf-493385,Mediengestalter / E-Mail-Designer - Inklusive Copywriting (m/w/d),Rügamer & Steiner Consulting GmbH,Düsseldorf,False,Full Time,Marketing and Communication,1,2026-09-11,Arbeitnow,https://www.arbeitnow.com/jobs/companies/rugamer-steiner-consulting-gmbh/mediengestalter-e-mail-designer-inklusive-copywriting-dusseldorf-493385
copywriter-fur-e-mail-kampagnen-layouts-dusseldorf-157363,Copywriter für E-Mail-Kampagnen & Layouts (m/w/d),Rügamer & Steiner Consulting GmbH,Düsseldorf,False,Full Time,Marketing and Communication,1,2026-09-11,Arbeitnow,https://www.arbeitnow.com/jobs/companies/rugamer-steiner-consulting-gmbh/copywriter-fur-e-mail-kampagnen-layouts-dusseldorf-157363
e-mail-copywriter-texter-mit-schwerpunkt-design-umsetzung-dusseldorf-260165,E-Mail Copywriter / Texter mit Schwerpunkt Design & Umsetzung (m/w/d),Rügamer & Steiner Consulting GmbH,Düsseldorf,False,Full Time,Marketing and Communication,1,2026-09-11,Arbeitnow,https://www.arbeitnow.com/jobs/companies/rugamer-steiner-consulting-gmbh/e-mail-copywriter-texter-mit-schwerpunkt-design-umsetzung-dusseldorf-260165
content-creator-e-mail-copywriter-dusseldorf-421050,Content Creator / E-Mail Copywriter (m/w/d),Rügamer & Steiner Consulting GmbH,Düsseldorf,False,Full Time,Marketing and Communication,1,2026-09-11,Arbeitnow,https://www.arbeitnow.com/jobs/companies/rugamer-steiner-consulting-gmbh/content-creator-e-mail-copywriter-dusseldorf-421050
direct-response-copywriter-dusseldorf-391225,Direct Response Copywriter (m/w/d),Rügamer & Steiner Consulting GmbH,Düsseldorf,False,Full Time,Marketing and Communication,1,2026-09-11,Arbeitnow,https://www.arbeitnow.com/jobs/companies/rugamer-steiner-consulting-gmbh/direct-response-copywriter-dusseldorf-391225
medizinische-fachangestellte-geesthacht-336402,Medizinische Fachangestellte (m/w/d),PraxisEins,Geesthacht,False,Full Time,MFA,1,2026-09-11,Arbeitnow,https://www.arbeitnow.com/jobs/companies/praxiseins/medizinische-fachangestellte-geesthacht-336402
it-helpdesk-engineer-berlin-357903,IT Helpdesk Engineer,Superhuman,Hub - Berlin,False,Full Time,"Engineering, Product, Design, and Marketing",4,2026-09-11,Arbeitnow,https://www.arbeitnow.com/jobs/companies/superhuman/it-helpdesk-engineer-berlin-357903
talent-acquisition-intern-all-genders-munich-447709,Talent Acquisition Intern (all genders),Lio,Munich Office,False,Full Time,Business Operations,1,2026-09-11,Arbeitnow,https://www.arbeitnow.com/jobs/companies/lio/talent-acquisition-intern-all-genders-munich-447709
remote-senior-a-r-manager-e-commerce-meldewesen-all-genders-293405,Senior A/R Manager – E-Commerce & Meldewesen (all genders),Glow25,Remote - Europe Only,False,Full Time,Finance / Legal / BI,1,2026-09-11,Arbeitnow,https://www.arbeitnow.com/jobs/companies/glow25/remote-senior-a-r-manager-e-commerce-meldewesen-all-genders-293405
senior-ai-product-engineer-berlin-51652,Senior AI Product Engineer,Cosuno,Berlin/Remote,False,Full Time,Tech,1,2026-09-11,Arbeitnow,https://www.arbeitnow.com/jobs/companies/cosuno/senior-ai-product-engineer-berlin-51652
senior-technical-project-manager-munich-167943,(Senior) Technical Project Manager,Omegga,Munich,False,Full Time,Engineering,1,2026-09-11,Arbeitnow,https://www.arbeitnow.com/jobs/companies/omegga/senior-technical-project-manager-munich-167943
duales-studium-bauingenieurwesen-tiefbau-ab-2027-oebisfelde-weferlingen-467822,Duales Studium Bauingenieurwesen Tiefbau ab 2027,"OST BAU; Osterburger Straßen-,Tief- und Hochbau GmbH",Oebisfelde-Weferlingen,False,"Contract, berufserfahren",Software Development,1,2026-09-11,Arbeitnow,https://www.arbeitnow.com/jobs/companies/ost-bau-osterburger-strassen-tief-und-hochbau-gmbh/duales-studium-bauingenieurwesen-tiefbau-ab-2027-oebisfelde-weferlingen-467822
influencer-marketing-manager-stuttgart-444164,Influencer Marketing Manager (m/w/d),eFLY Marketplace Services GmbH,Stuttgart,False,Full Time,Marketing and Communication,1,2026-09-11,Arbeitnow,https://www.arbeitnow.com/jobs/companies/efly-marketplace-services-gmbh/influencer-marketing-manager-stuttgart-444164
senior-google-performance-analytics-manager-stuttgart-447626,Senior Google Performance & Analytics Manager (m/w/d),eFLY Marketplace Services GmbH,Stuttgart,False,Full Time,Marketing and Communication,1,2026-09-11,Arbeitnow,https://www.arbeitnow.com/jobs/companies/efly-marketplace-services-gmbh/senior-google-performance-analytics-manager-stuttgart-447626
product-owner-app-manager-reken-379284,Product Owner / App Manager (m/w/d),prettyTELCO GmbH,Reken,False,Full Time,Project Management,1,2026-09-11,Arbeitnow,https://www.arbeitnow.com/jobs/companies/prettytelco-gmbh/product-owner-app-manager-reken-379284
pflichtpraktikum-online-marketing-manager-stuttgart-376155,Pflichtpraktikum Online Marketing Manager (m/w/d),eFLY Marketplace Services GmbH,Stuttgart,False,Internship,Marketing and Communication,1,2026-09-11,Arbeitnow,https://www.arbeitnow.com/jobs/companies/efly-marketplace-services-gmbh/pflichtpraktikum-online-marketing-manager-stuttgart-376155
pflichtpraktikum-im-bereich-grafikdesign-stuttgart-358928,Pflichtpraktikum im Bereich Grafikdesign (m/w/d),eFLY Marketplace Services GmbH,Stuttgart,False,Full Time,Marketing and Communication,1,2026-09-11,Arbeitnow,https://www.arbeitnow.com/jobs/companies/efly-marketplace-services-gmbh/pflichtpraktikum-im-bereich-grafikdesign-stuttgart-358928
junior-google-performance-analytics-manager-stuttgart-71617,Junior Google Performance & Analytics Manager (m/w/d),eFLY Marketplace Services GmbH,Stuttgart,False,Full Time,Marketing and Communication,1,2026-09-11,Arbeitnow,https://www.arbeitnow.com/jobs/companies/efly-marketplace-services-gmbh/junior-google-performance-analytics-manager-stuttgart-71617
online-marketing-manager-stuttgart-20270,Online Marketing Manager (m/w/d),eFLY Marketplace Services GmbH,Stuttgart,False,Full Time,Marketing Manager,1,2026-09-11,Arbeitnow,https://www.arbeitnow.com/jobs/companies/efly-marketplace-services-gmbh/online-marketing-manager-stuttgart-20270
it-systemadministrator-infrastruktur-oldenburg-462524,IT-Systemadministrator Infrastruktur (m/w/d),Michelscom GmbH,Oldenburg,False,berufserfahren,IT,1,2026-09-11,Arbeitnow,https://www.arbeitnow.com/jobs/companies/michelscom-gmbh/it-systemadministrator-infrastruktur-oldenburg-462524
senior-solutions-architect-sales-engineer-munich-333544,Senior Solutions Architect / Sales Engineer (m/f/d),TYTAN Technologies GmbH,"Munich, Bayern, Germany",False,"Experienced, fulltime permanent",Commercial and Sales,1,2026-09-11,Arbeitnow,https://www.arbeitnow.com/jobs/companies/tytan-technologies-gmbh/senior-solutions-architect-sales-engineer-munich-333544
senior-backend-engineer-frankfurt-477176,Senior Backend Engineer,Emma – The Sleep Company,Frankfurt,False,Permanent – Full Time,ERP,1,2026-09-11,Arbeitnow,https://www.arbeitnow.com/jobs/companies/emma-the-sleep-company/senior-backend-engineer-frankfurt-477176
werkstudentin-creator-marketing-dach-mannheim-391838,Werkstudent:in Creator Marketing DACH (m/w/d),PURELEI GmbH,Mannheim,False,"Entry, Working student, Part time","Werkstudent, Working Student, Creator Marketing, Influencer marketing, Influencer, Creator",6,2026-09-11,Arbeitnow,https://www.arbeitnow.com/jobs/companies/purelei-gmbh/werkstudentin-creator-marketing-dach-mannheim-391838
senior-brand-celebrity-marketing-manager-mannheim-151052,Senior Brand & Celebrity Marketing Manager (m/w/d),PURELEI GmbH,Mannheim,False,"Experienced, Permanent, Full time","Creator Marketing, Influencer marketing, Creator, Influencer, Brand",5,2026-09-11,Arbeitnow,https://www.arbeitnow.com/jobs/companies/purelei-gmbh/senior-brand-celebrity-marketing-manager-mannheim-151052
engineering-manager-mobiles-arbeiten-deutschland-443680,Engineering Manager (w/m/d),Govradar,Mobiles Arbeiten - Deutschland,False,"Experienced, Permanent, Full time",,0,2026-09-11,Arbeitnow,https://www.arbeitnow.com/jobs/companies/govradar/engineering-manager-mobiles-arbeiten-deutschland-443680
senior-talent-acquisition-manager-standort-munchen-23676,(Senior) Talent Acquisition Manager (m/w/d),Govradar,Standort München,False,"Experienced, Permanent, Full time",,0,2026-09-11,Arbeitnow,https://www.arbeitnow.com/jobs/companies/govradar/senior-talent-acquisition-manager-standort-munchen-23676
werkstudent-im-verkauf-dusseldorf-242761,Werkstudent im Verkauf (m/w/d),junglück GmbH,Düsseldorf,False,"Entry, Working student, Part time","Werkstudent, Teilzeit, Aushilfe, 520€, Verkauf, Beratung, Kosmetik, Ausbildung, Store, Hamburg",10,2026-09-11,Arbeitnow,https://www.arbeitnow.com/jobs/companies/jungluck-gmbh/werkstudent-im-verkauf-dusseldorf-242761
head-of-finance-data-munchen-76905,Head of Finance & Data (m/w/d),junglück GmbH,München,False,"Experienced, Permanent, Full time","Head of Finance, Finance, Startup, Scaleup, Kosmetik, München, junglück, Head of Data",8,2026-09-11,Arbeitnow,https://www.arbeitnow.com/jobs/companies/jungluck-gmbh/head-of-finance-data-munchen-76905
head-of-data-tech-e-com-munchen-259305,Head of Data / Tech / E-COM (m/w/d),junglück GmbH,München,False,"Experienced, Permanent, Full time",,0,2026-09-11,Arbeitnow,https://www.arbeitnow.com/jobs/companies/jungluck-gmbh/head-of-data-tech-e-com-munchen-259305
working-student-freight-forwarding-hamburg-office-41857,Working Student (m/f/d) - Freight Forwarding,Glovis Europe GmbH,Hamburg Office,False,"Student, Intern, Part time",,0,2026-09-11,Arbeitnow,https://www.arbeitnow.com/jobs/companies/glovis-europe-gmbh/working-student-freight-forwarding-hamburg-office-41857
senior-accountant-finance-specialist-remote-174389,Senior Accountant/ Finance Specialist (m/w/d) - remote,Studysmarter,Remote (Deutschland),False,"Experienced, Permanent, Full time","Buchhaltung, Debitoren, Kreditoren, Finance, Controlling, Accountant, Rechnungswesen",7,2026-09-11,Arbeitnow,https://www.arbeitnow.com/jobs/companies/studysmarter/senior-accountant-finance-specialist-remote-174389
senior-ui-ux-designer-all-genders-mainz-492581,Senior UI/UX Designer (all genders),Init Ag,Mainz,False,"Experienced, Permanent, Full time","UI, UX, Designer",3,2026-09-11,Arbeitnow,https://www.arbeitnow.com/jobs/companies/init-ag/senior-ui-ux-designer-all-genders-mainz-492581
senior-ui-ux-designer-all-genders-koln-300084,Senior UI/UX Designer (all genders),Init Ag,Köln,False,"Experienced, Permanent, Full time","UI, UX, Designer",3,2026-09-11,Arbeitnow,https://www.arbeitnow.com/jobs/companies/init-ag/senior-ui-ux-designer-all-genders-koln-300084
senior-ui-ux-designer-all-genders-hamburg-306045,Senior UI/UX Designer (all genders),Init Ag,Hamburg,False,"Experienced, Permanent, Full time","UI, UX, Designer",3,2026-09-11,Arbeitnow,https://www.arbeitnow.com/jobs/companies/init-ag/senior-ui-ux-designer-all-genders-hamburg-306045
senior-ui-ux-designer-all-genders-munchen-246314,Senior UI/UX Designer (all genders),Init Ag,München,False,"Experienced, Permanent, Full time","UI, UX, Designer",3,2026-09-11,Arbeitnow,https://www.arbeitnow.com/jobs/companies/init-ag/senior-ui-ux-designer-all-genders-munchen-246314
senior-ui-ux-designer-all-genders-berlin-169734,Senior UI/UX Designer (all genders),Init Ag,Berlin,False,"Experienced, Permanent, Full time","UI, UX, Designer",3,2026-09-11,Arbeitnow,https://www.arbeitnow.com/jobs/companies/init-ag/senior-ui-ux-designer-all-genders-berlin-169734
senior-sales-manager-infrastruktur-services-all-genders-hamburg-464661,Senior Sales Manager - Infrastruktur & Services (all genders),Init Ag,Hamburg,False,"Experienced, Permanent, Full time","Vertrieb, Sales, Kundenbetreuung, Neukundengeschäft, Selbständigkeit, Account Management, Kundennetzwerk, Rechenzentrum, KI, IT Service Management, Cloud",11,2026-09-11,Arbeitnow,https://www.arbeitnow.com/jobs/companies/init-ag/senior-sales-manager-infrastruktur-services-all-genders-hamburg-464661
senior-project-manager-all-genders-munchen-13330,Senior Project Manager (all genders),Init Ag,München,False,"Experienced, Permanent, Full time","Projektmanagement, Scrum, PMI, Webprojekte, agil",5,2026-09-11,Arbeitnow,https://www.arbeitnow.com/jobs/companies/init-ag/senior-project-manager-all-genders-munchen-13330
senior-project-manager-all-genders-koln-473933,Senior Project Manager (all genders),Init Ag,Köln,False,"Experienced, Permanent, Full time","Projektmanagement, Scrum, PMI, Webprojekte, agil",5,2026-09-11,Arbeitnow,https://www.arbeitnow.com/jobs/companies/init-ag/senior-project-manager-all-genders-koln-473933
senior-project-manager-all-genders-mainz-360819,Senior Project Manager (all genders),Init Ag,Mainz,False,"Experienced, Permanent, Full time","Projektmanagement, Scrum, PMI, Webprojekte, agil",5,2026-09-11,Arbeitnow,https://www.arbeitnow.com/jobs/companies/init-ag/senior-project-manager-all-genders-mainz-360819
senior-project-manager-all-genders-hamburg-240748,Senior Project Manager (all genders),Init Ag,Hamburg,False,"Experienced, Permanent, Full time","Projektmanagement, Scrum, PMI, Webprojekte, agil",5,2026-09-11,Arbeitnow,https://www.arbeitnow.com/jobs/companies/init-ag/senior-project-manager-all-genders-hamburg-240748
senior-project-manager-all-genders-berlin-467025,Senior Project Manager (all genders),Init Ag,Berlin,False,"Experienced, Permanent, Full time","Projektmanagement, Scrum, PMI, Webprojekte, agil",5,2026-09-11,Arbeitnow,https://www.arbeitnow.com/jobs/companies/init-ag/senior-project-manager-all-genders-berlin-467025
senior-project-manager-digital-communications-all-genders-stuttgart-338299,Senior Project Manager - Digital Communications (all genders),Init Ag,Stuttgart,False,"Experienced, Permanent, Full or part time","Project Management, Digital Project Manager, Digitale Kommunikation, Web Projects, Public Sector, CMS",6,2026-09-11,Arbeitnow,https://www.arbeitnow.com/jobs/companies/init-ag/senior-project-manager-digital-communications-all-genders-stuttgart-338299
senior-project-manager-digital-communications-all-genders-bremen-22356,Senior Project Manager - Digital Communications (all genders),Init Ag,Bremen,False,"Experienced, Permanent, Full or part time","Project Management, Digital Project Manager, Digitale Kommunikation, Web Projects, Public Sector, CMS",6,2026-09-11,Arbeitnow,https://www.arbeitnow.com/jobs/companies/init-ag/senior-project-manager-digital-communications-all-genders-bremen-22356
senior-project-manager-digital-communications-all-genders-mainz-177541,Senior Project Manager - Digital Communications (all genders),Init Ag,Mainz,False,"Experienced, Permanent, Full or part time","Project Management, Digital Project Manager, Digitale Kommunikation, Web Projects, Public Sector, CMS",6,2026-09-11,Arbeitnow,https://www.arbeitnow.com/jobs/companies/init-ag/senior-project-manager-digital-communications-all-genders-mainz-177541
senior-project-manager-digital-communications-all-genders-koln-392733,Senior Project Manager - Digital Communications (all genders),Init Ag,Köln,False,"Experienced, Permanent, Full or part time","Project Management, Digital Project Manager, Digitale Kommunikation, Web Projects, Public Sector, CMS",6,2026-09-11,Arbeitnow,https://www.arbeitnow.com/jobs/companies/init-ag/senior-project-manager-digital-communications-all-genders-koln-392733
senior-project-manager-digital-communications-all-genders-hamburg-155266,Senior Project Manager - Digital Communications (all genders),Init Ag,Hamburg,False,"Experienced, Permanent, Full or part time","Project Management, Digital Project Manager, Digitale Kommunikation, Web Projects, Public Sector, CMS",6,2026-09-11,Arbeitnow,https://www.arbeitnow.com/jobs/companies/init-ag/senior-project-manager-digital-communications-all-genders-hamburg-155266
senior-project-manager-digital-communications-all-genders-berlin-67059,Senior Project Manager - Digital Communications (all genders),Init Ag,Berlin,False,"Experienced, Permanent, Full or part time","Project Management, Digital Project Manager, Digitale Kommunikation, Web Projects, Public Sector, CMS",6,2026-09-11,Arbeitnow,https://www.arbeitnow.com/jobs/companies/init-ag/senior-project-manager-digital-communications-all-genders-berlin-67059
senior-frontend-angular-developer-all-genders-hamburg-260713,Senior Frontend Angular Developer (all genders),Init Ag,Hamburg,False,"Experienced, Permanent, Full or part time","JavaScript, TypeScript, Angular, React, HTML5, CSS3, ES6, Atomic Design, BEM, Frontend",10,2026-09-11,Arbeitnow,https://www.arbeitnow.com/jobs/companies/init-ag/senior-frontend-angular-developer-all-genders-hamburg-260713
senior-frontend-angular-developer-all-genders-munchen-351018,Senior Frontend Angular Developer (all genders),Init Ag,München,False,"Experienced, Permanent, Full or part time","JavaScript, TypeScript, Angular, React, HTML5, CSS3, ES6, Atomic Design, BEM, Frontend",10,2026-09-11,Arbeitnow,https://www.arbeitnow.com/jobs/companies/init-ag/senior-frontend-angular-developer-all-genders-munchen-351018
senior-frontend-angular-developer-all-genders-mainz-407624,Senior Frontend Angular Developer (all genders),Init Ag,Mainz,False,"Experienced, Permanent, Full or part time","JavaScript, TypeScript, Angular, React, HTML5, CSS3, ES6, Atomic Design, BEM, Frontend",10,2026-09-11,Arbeitnow,https://www.arbeitnow.com/jobs/companies/init-ag/senior-frontend-angular-developer-all-genders-mainz-407624
senior-frontend-angular-developer-all-genders-koln-158076,Senior Frontend Angular Developer (all genders),Init Ag,Köln,False,"Experienced, Permanent, Full or part time","JavaScript, TypeScript, Angular, React, HTML5, CSS3, ES6, Atomic Design, BEM, Frontend",10,2026-09-11,Arbeitnow,https://www.arbeitnow.com/jobs/companies/init-ag/senior-frontend-angular-developer-all-genders-koln-158076
senior-frontend-angular-developer-all-genders-berlin-407181,Senior Frontend Angular Developer (all genders),Init Ag,Berlin,False,"Experienced, Permanent, Full or part time","JavaScript, TypeScript, Angular, React, HTML5, CSS3, ES6, Atomic Design, BEM, Frontend",10,2026-09-11,Arbeitnow,https://www.arbeitnow.com/jobs/companies/init-ag/senior-frontend-angular-developer-all-genders-berlin-407181
senior-account-manager-all-genders-hamburg-130756,Senior Account Manager (all genders),Init Ag,Hamburg,False,"Experienced, Permanent, Full time","Vertrieb, Sales, Kundenbetreuung, Neukundengeschäft, Selbständigkeit, Account Management, Kundennetzwerk, Rechenzentrum, KI, IT Service Management, Cloud",11,2026-09-11,Arbeitnow,https://www.arbeitnow.com/jobs/companies/init-ag/senior-account-manager-all-genders-hamburg-130756
consultant-public-sector-all-genders-hamburg-171207,Consultant Public Sector (all genders),Init Ag,Hamburg,False,"Experienced, Permanent, Full or part time","Consulting, IT-Beratung, Digitalisierung, öffentliche verwaltung, Beratung, Prozessmodellierung, Onlinezugangsgesetz, Workshop-Moderation, Anforderungserhebung",9,2026-09-11,Arbeitnow,https://www.arbeitnow.com/jobs/companies/init-ag/consultant-public-sector-all-genders-hamburg-171207
consultant-public-sector-all-genders-berlin-479385,Consultant Public Sector (all genders),Init Ag,Berlin,False,"Experienced, Permanent, Full or part time","Consulting, IT-Beratung, Digitalisierung, öffentliche verwaltung, Beratung, Prozessmodellierung, Onlinezugangsgesetz, Workshop-Moderation, Anforderungserhebung",9,2026-09-11,Arbeitnow,https://www.arbeitnow.com/jobs/companies/init-ag/consultant-public-sector-all-genders-berlin-479385
consultant-public-sector-all-genders-mainz-297174,Consultant Public Sector (all genders),Init Ag,Mainz,False,"Experienced, Permanent, Full or part time","Consulting, IT-Beratung, Digitalisierung, öffentliche verwaltung, Beratung, Prozessmodellierung, Onlinezugangsgesetz, Workshop-Moderation, Anforderungserhebung",9,2026-09-11,Arbeitnow,https://www.arbeitnow.com/jobs/companies/init-ag/consultant-public-sector-all-genders-mainz-297174
consultant-public-sector-all-genders-koln-498335,Consultant Public Sector (all genders),Init Ag,Köln,False,"Experienced, Permanent, Full or part time","Consulting, IT-Beratung, Digitalisierung, öffentliche verwaltung, Beratung, Prozessmodellierung, Onlinezugangsgesetz, Workshop-Moderation, Anforderungserhebung",9,2026-09-11,Arbeitnow,https://www.arbeitnow.com/jobs/companies/init-ag/consultant-public-sector-all-genders-koln-498335
senior-project-manager-all-genders-munchen-119941,(Senior) Project Manager (all genders),Init Ag,München,False,"Experienced, Permanent, Full time","Projektmanagement, Scrum, PMI, Webprojekte, agil",5,2026-09-11,Arbeitnow,https://www.arbeitnow.com/jobs/companies/init-ag/senior-project-manager-all-genders-munchen-119941
senior-project-manager-all-genders-koln-120298,(Senior) Project Manager (all genders),Init Ag,Köln,False,"Experienced, Permanent, Full time","Projektmanagement, Scrum, PMI, Webprojekte, agil",5,2026-09-11,Arbeitnow,https://www.arbeitnow.com/jobs/companies/init-ag/senior-project-manager-all-genders-koln-120298
senior-project-manager-all-genders-mainz-404396,(Senior) Project Manager (all genders),Init Ag,Mainz,False,"Experienced, Permanent, Full time","Projektmanagement, Scrum, PMI, Webprojekte, agil",5,2026-09-11,Arbeitnow,https://www.arbeitnow.com/jobs/companies/init-ag/senior-project-manager-all-genders-mainz-404396
senior-project-manager-all-genders-hamburg-499134,(Senior) Project Manager (all genders),Init Ag,Hamburg,False,"Experienced, Permanent, Full time","Projektmanagement, Scrum, PMI, Webprojekte, agil",5,2026-09-11,Arbeitnow,https://www.arbeitnow.com/jobs/companies/init-ag/senior-project-manager-all-genders-hamburg-499134
senior-project-manager-all-genders-berlin-77609,(Senior) Project Manager (all genders),Init Ag,Berlin,False,"Experienced, Permanent, Full time","Projektmanagement, Scrum, PMI, Webprojekte, agil",5,2026-09-11,Arbeitnow,https://www.arbeitnow.com/jobs/companies/init-ag/senior-project-manager-all-genders-berlin-77609
product-engineer-hamburg-hq-189755,Product Engineer (m/f/d),Buying Labs Gmbh 1,Hamburg HQ,False,"Experienced, Permanent, Full time","Engineer, Software Developer, KI, AI, Artificial Intelligenz, Künstliche Intelligenz",6,2026-09-11,Arbeitnow,https://www.arbeitnow.com/jobs/companies/buying-labs-gmbh-1/product-engineer-hamburg-hq-189755
working-student-it-strategy-governance-all-genders-berlin-307618,Working Student IT Strategy & Governance (all genders),Tonies,Berlin,False,"Entry, Working student, Part time",,0,2026-09-11,Arbeitnow,https://www.arbeitnow.com/jobs/companies/tonies/working-student-it-strategy-governance-all-genders-berlin-307618
working-student-global-licensing-dach-all-genders-dusseldorf-301469,Working Student Global Licensing (DACH) (all genders),Tonies,Düsseldorf,False,"Entry, Working student, Part time",,0,2026-09-11,Arbeitnow,https://www.arbeitnow.com/jobs/companies/tonies/working-student-global-licensing-dach-all-genders-dusseldorf-301469
werkstudent-event-marketing-munchen-410346,Werkstudent Event Marketing (m/w/d),Casavi,München,False,"Entry, Intern, Part time","Werkstudent, Marketing, Event Marketing",3,2026-09-11,Arbeitnow,https://www.arbeitnow.com/jobs/companies/casavi/werkstudent-event-marketing-munchen-410346
senior-strategist-stuttgart-421967,Senior Strategist (d/f/m),Jung von Matt,Stuttgart,False,"Experienced, Permanent, Full time",,0,2026-09-11,Arbeitnow,https://www.arbeitnow.com/jobs/companies/jung-von-matt/senior-strategist-stuttgart-421967
senior-social-media-manager-stuttgart-54513,Senior Social Media Manager (d/f/m),Jung von Matt,Stuttgart,False,"Experienced, Permanent, Full time",,0,2026-09-11,Arbeitnow,https://www.arbeitnow.com/jobs/companies/jung-von-matt/senior-social-media-manager-stuttgart-54513
senior-art-director-stuttgart-134806,Senior Art Director (d/f/m),Jung von Matt,Stuttgart,False,"Experienced, Permanent, Full time",,0,2026-09-11,Arbeitnow,https://www.arbeitnow.com/jobs/companies/jung-von-matt/senior-art-director-stuttgart-134806
creative-director-art-hamburg-377369,Creative Director Art,Jung von Matt,Hamburg,False,"Experienced, Permanent, Full time",,0,2026-09-11,Arbeitnow,https://www.arbeitnow.com/jobs/companies/jung-von-matt/creative-director-art-hamburg-377369
account-director-stuttgart-200506,Account Director (d/f/m),Jung von Matt,Stuttgart,False,"Experienced, Permanent, Full time",,0,2026-09-11,Arbeitnow,https://www.arbeitnow.com/jobs/companies/jung-von-matt/account-director-stuttgart-200506
senior-social-media-manager-hamburg-468959,(Senior) Social Media Manager (d/f/m),Jung von Matt,Hamburg,False,"Experienced, Permanent, Full time",,0,2026-09-11,Arbeitnow,https://www.arbeitnow.com/jobs/companies/jung-von-matt/senior-social-media-manager-hamburg-468959
senior-concept-creative-social-media-hamburg-26775,(Senior) Concept Creative Social Media (d/f/m),Jung von Matt,Hamburg,False,"Experienced, Permanent, Full time",,0,2026-09-11,Arbeitnow,https://www.arbeitnow.com/jobs/companies/jung-von-matt/senior-concept-creative-social-media-hamburg-26775
teamleiter-elektro-und-msr-technik-frankfurt-hochst-306377,Teamleiter Elektro- und MSR-Technik (m/w/d),Vulcan Energie Ressourcen GmbH,Frankfurt Höchst,False,"Experienced, Permanent, Full time","erneuerbare Energien, Tiefengeothermie, Lithium, Anlage, elektro, MSR, Mess, Steuer, Regelung, Technik, Teamlead, Team, Lead, Instandhaltung",14,2026-09-11,Arbeitnow,https://www.arbeitnow.com/jobs/companies/vulcan-energie-ressourcen-gmbh/teamleiter-elektro-und-msr-technik-frankfurt-hochst-306377
senior-project-integration-manager-karlsruhe-333392,Senior Project Integration Manager (m/w/d),Vulcan Energie Ressourcen GmbH,Karlsruhe,False,"Experienced, Permanent, Full time",,0,2026-09-11,Arbeitnow,https://www.arbeitnow.com/jobs/companies/vulcan-energie-ressourcen-gmbh/senior-project-integration-manager-karlsruhe-333392
senior-legal-counsel-major-projects-and-construction-karlsruhe-368887,Senior Legal Counsel – Major Projects and Construction (m/w/d),Vulcan Energie Ressourcen GmbH,Karlsruhe,False,"Experienced, Permanent, Full or part time",,0,2026-09-11,Arbeitnow,https://www.arbeitnow.com/jobs/companies/vulcan-energie-ressourcen-gmbh/senior-legal-counsel-major-projects-and-construction-karlsruhe-368887
it-systemadministrator-datacenter-infrastructure-karlsruhe-51242,IT-Systemadministrator - Datacenter & Infrastructure (m/w/d),Vulcan Energie Ressourcen GmbH,Karlsruhe,False,"Experienced, Permanent, Full time",,0,2026-09-11,Arbeitnow,https://www.arbeitnow.com/jobs/companies/vulcan-energie-ressourcen-gmbh/it-systemadministrator-datacenter-infrastructure-karlsruhe-51242
remote-senior-sales-consultant-smart-grids-all-genders-368896,Senior Sales Consultant Smart Grids (all genders),Envelio,Cologne / Remote from Germany,False,"Experienced, Permanent, Full time",,0,2026-09-11,Arbeitnow,https://www.arbeitnow.com/jobs/companies/envelio/remote-senior-sales-consultant-smart-grids-all-genders-368896
technical-account-manager-b2b-mcptt-mobilfunk-cologne-307007,Technical Account Manager B2B MCPTT / Mobilfunk (m/w/d),prettyTELCO GmbH,Cologne,False,Full Time,IT,1,2026-09-11,Arbeitnow,https://www.arbeitnow.com/jobs/companies/prettytelco-gmbh/technical-account-manager-b2b-mcptt-mobilfunk-cologne-307007
technical-account-manager-b2b-m2m-mobilfunk-cologne-329167,Technical Account Manager B2B  M2M-Mobilfunk (m/w/d),prettyTELCO GmbH,Cologne,False,Full Time,IT,1,2026-09-11,Arbeitnow,https://www.arbeitnow.com/jobs/companies/prettytelco-gmbh/technical-account-manager-b2b-m2m-mobilfunk-cologne-329167
seniorservice-manager-mobilfunk-b2b-key-account-energiewirtschaft-cologne-123710,(Senior)Service Manager Mobilfunk B2B Key (m/d/w) -Account Energiewirtschaft,prettyTELCO GmbH,Cologne,False,Full Time,IT,1,2026-09-11,Arbeitnow,https://www.arbeitnow.com/jobs/companies/prettytelco-gmbh/seniorservice-manager-mobilfunk-b2b-key-account-energiewirtschaft-cologne-123710
senior-it-administrator-in-der-workplace-verwaltung-ehingen-134848,Senior IT-Administrator in der Workplace-Verwaltung (m/w/d),prettyTELCO GmbH,Ehingen,False,Full Time,System and Network Administration,1,2026-09-11,Arbeitnow,https://www.arbeitnow.com/jobs/companies/prettytelco-gmbh/senior-it-administrator-in-der-workplace-verwaltung-ehingen-134848
payroll-specialist-bessenbach-145273,Payroll Specialist (m/w/d),Payroll-HR Consulting GmbH,Bessenbach,False,Full Time,HR,1,2026-09-11,Arbeitnow,https://www.arbeitnow.com/jobs/companies/payroll-hr-consulting-gmbh/payroll-specialist-bessenbach-145273
buchhalter-finanzbuchhaltung-lohn-reken-345807,Buchhalter: Finanzbuchhaltung & Lohn (m/w/d),prettyTELCO GmbH,Reken,False,Full Time,Finance,1,2026-09-11,Arbeitnow,https://www.arbeitnow.com/jobs/companies/prettytelco-gmbh/buchhalter-finanzbuchhaltung-lohn-reken-345807
junior-marketing-operations-manager-hamburg-153493,(Junior) Marketing Operations Manager (m/w/d),Kreuzfahrtberater GmbH,Hamburg,False,berufseinstieg,Online Marketing,1,2026-09-11,Arbeitnow,https://www.arbeitnow.com/jobs/companies/kreuzfahrtberater-gmbh/junior-marketing-operations-manager-hamburg-153493
product-marketing-manager-b2b-software-munich-120475,Product Marketing Manager - B2B Software (m/w/d),Soley GmbH,Munich,False,Full Time,Marketing and Communication,1,2026-09-11,Arbeitnow,https://www.arbeitnow.com/jobs/companies/soley-gmbh/product-marketing-manager-b2b-software-munich-120475
content-creatorin-meerbusch-490672,Content Creator:in (m/w/d),Riege Software,Meerbusch,False,berufserfahren,"Public Relations, Corporate Communication",2,2026-09-11,Arbeitnow,https://www.arbeitnow.com/jobs/companies/riege-software/content-creatorin-meerbusch-490672
it-revenue-operations-manager-berlin-436532,IT & Revenue Operations Manager (m/w/d),syte GmbH,Berlin,False,berufserfahren,Project Management,1,2026-09-11,Arbeitnow,https://www.arbeitnow.com/jobs/companies/syte-gmbh/it-revenue-operations-manager-berlin-436532
werkstudent-auftragsbearbeitung-projektadministration-buchhaltung-darmstadt-209995,Werkstudent Auftragsbearbeitung / Projektadministration Buchhaltung (m/w/d),PROSTEP AG,Darmstadt,False,Working student,Finance,1,2026-09-11,Arbeitnow,https://www.arbeitnow.com/jobs/companies/prostep-ag/werkstudent-auftragsbearbeitung-projektadministration-buchhaltung-darmstadt-209995
it-system-engineer-berlin-407199,IT System Engineer (m/w/d),ANGEHEUERT GmbH,Berlin,False,"Full-time permanent, experienced","Information technology, high school coursework",2,2026-09-11,Arbeitnow,https://www.arbeitnow.com/jobs/companies/angeheuert-gmbh/it-system-engineer-berlin-407199
werkstudent-finance-beratung-unternehmerisch-leistungsbasiert-hamburg-221874,"Werkstudent (m/w/d) – Finance & Beratung (unternehmerisch, leistungsbasiert)",Kevin Kehr,Hamburg,False,"Full-time permanent, entry","Finance, high school or equivalent",2,2026-09-11,Arbeitnow,https://www.arbeitnow.com/jobs/companies/kevin-kehr/werkstudent-finance-beratung-unternehmerisch-leistungsbasiert-hamburg-221874
o-au-pinneberg-357390,𝗣𝗲𝗿𝘀ö𝗻𝗹𝗶𝗰𝗵𝗲𝗿 𝗥𝗲𝗳𝗲𝗿𝗲𝗻𝘁 𝗱𝗲𝘀 𝗚𝗲𝘀𝗰𝗵ä𝗳𝘁𝘀𝗳ü𝗵𝗿𝗲𝗿𝘀 (𝗺/𝘄/𝗱),KURT Personal GmbH,Pinneberg,False,Full Time,"Directors, Chief Executives",2,2026-09-11,Arbeitnow,https://www.arbeitnow.com/jobs/companies/kurt-personal-gmbh/o-au-pinneberg-357390
senior-it-administrator-berlin-4507,Senior IT Administrator (m/w/d),ANGEHEUERT GmbH Personalberatung,Berlin,False,Full Time,IT,1,2026-09-11,Arbeitnow,https://www.arbeitnow.com/jobs/companies/angeheuert-gmbh-personalberatung/senior-it-administrator-berlin-4507
senior-backend-entwickler-manufacturing-munich-489605,Senior Backend Entwickler (m/w/d) - Manufacturing,PartSpace GmbH,Munich,False,berufserfahren,Software Development,1,2026-09-11,Arbeitnow,https://www.arbeitnow.com/jobs/companies/partspace-gmbh/senior-backend-entwickler-manufacturing-munich-489605
software-ingenieur-pcs7-elektrotechnik-pinneberg-430992,Software-Ingenieur PCS7 Elektrotechnik (m/w/d),KURT Personal GmbH,Pinneberg,False,Full Time,IT Security,1,2026-09-11,Arbeitnow,https://www.arbeitnow.com/jobs/companies/kurt-personal-gmbh/software-ingenieur-pcs7-elektrotechnik-pinneberg-430992
buchhalter-finanzwesen-cologne-182857,Buchhalter Finanzwesen (m/w/d),TIGER Deutschland GmbH,Cologne,False,"Contract, berufserfahren",Finance,1,2026-09-11,Arbeitnow,https://www.arbeitnow.com/jobs/companies/tiger-deutschland-gmbh/buchhalter-finanzwesen-cologne-182857
steuerberater-in-obertshausen-auf-wunsch-mit-partnerperspektive-gesucht-mindestens-90000eur-133783,"Steuerberater (m/w/d) in Obertshausen, auf Wunsch mit Partnerperspektive, gesucht - mindestens 90.000€",Taxtalente.de,Obertshausen,False,Full Time,"Directors, Chief Executives",2,2026-09-11,Arbeitnow,https://www.arbeitnow.com/jobs/companies/taxtalentede/steuerberater-in-obertshausen-auf-wunsch-mit-partnerperspektive-gesucht-mindestens-90000eur-133783
steuerberater-in-hofheim-auf-wunsch-mit-partnerperspektive-gesucht-mindestens-90000eur-224199,"Steuerberater (m/w/d) in Hofheim, auf Wunsch mit Partnerperspektive, gesucht - mindestens 90.000€",Taxtalente.de,Hofheim,False,Full Time,"Directors, Chief Executives",2,2026-09-11,Arbeitnow,https://www.arbeitnow.com/jobs/companies/taxtalentede/steuerberater-in-hofheim-auf-wunsch-mit-partnerperspektive-gesucht-mindestens-90000eur-224199
steuerberater-in-bad-sackingen-auf-wunsch-mit-partnerperspektive-gesucht-mindestens-90000eur-334732,"Steuerberater (m/w/d) in Bad Säckingen, auf Wunsch mit Partnerperspektive, gesucht - mindestens 90.000€",Taxtalente.de,Bad Säckingen,False,Full Time,"Directors, Chief Executives",2,2026-09-11,Arbeitnow,https://www.arbeitnow.com/jobs/companies/taxtalentede/steuerberater-in-bad-sackingen-auf-wunsch-mit-partnerperspektive-gesucht-mindestens-90000eur-334732
steuerberater-in-bad-bramstedt-auf-wunsch-mit-partnerperspektive-gesucht-mindestens-90000eur-158988,"Steuerberater (m/w/d) in Bad Bramstedt, auf Wunsch mit Partnerperspektive, gesucht - mindestens 90.000€",Taxtalente.de,Bad Bramstedt,False,Full Time,"Directors, Chief Executives",2,2026-09-11,Arbeitnow,https://www.arbeitnow.com/jobs/companies/taxtalentede/steuerberater-in-bad-bramstedt-auf-wunsch-mit-partnerperspektive-gesucht-mindestens-90000eur-158988
steuerberater-in-duisburg-auf-wunsch-mit-partnerperspektive-gesucht-mindestens-90000eur-31078,"Steuerberater (m/w/d) in Duisburg, auf Wunsch mit Partnerperspektive, gesucht - mindestens 90.000€",Taxtalente.de,Duisburg,False,Full Time,"Directors, Chief Executives",2,2026-09-11,Arbeitnow,https://www.arbeitnow.com/jobs/companies/taxtalentede/steuerberater-in-duisburg-auf-wunsch-mit-partnerperspektive-gesucht-mindestens-90000eur-31078
steuerberater-in-burbach-auf-wunsch-mit-partnerperspektive-gesucht-mindestens-90000eur-351578,"Steuerberater (m/w/d) in Burbach, auf Wunsch mit Partnerperspektive, gesucht - mindestens 90.000€",Taxtalente.de,Burbach,False,Full Time,"Directors, Chief Executives",2,2026-09-11,Arbeitnow,https://www.arbeitnow.com/jobs/companies/taxtalentede/steuerberater-in-burbach-auf-wunsch-mit-partnerperspektive-gesucht-mindestens-90000eur-351578
steuerberater-in-norvenich-auf-wunsch-mit-partnerperspektive-gesucht-mindestens-90000eur-376650,"Steuerberater (m/w/d) in Nörvenich, auf Wunsch mit Partnerperspektive, gesucht - mindestens 90.000€",Taxtalente.de,Nörvenich,False,Full Time,"Directors, Chief Executives",2,2026-09-11,Arbeitnow,https://www.arbeitnow.com/jobs/companies/taxtalentede/steuerberater-in-norvenich-auf-wunsch-mit-partnerperspektive-gesucht-mindestens-90000eur-376650
steuerberater-in-monzelfeld-auf-wunsch-mit-partnerperspektive-gesucht-mindestens-90000eur-155021,"Steuerberater (m/w/d) in Monzelfeld, auf Wunsch mit Partnerperspektive, gesucht - mindestens 90.000€",Taxtalente.de,Monzelfeld,False,Full Time,"Directors, Chief Executives",2,2026-09-11,Arbeitnow,https://www.arbeitnow.com/jobs/companies/taxtalentede/steuerberater-in-monzelfeld-auf-wunsch-mit-partnerperspektive-gesucht-mindestens-90000eur-155021
growth-engineer-intern-munich-478115,Growth Engineer (Intern),Emidat GmbH,Munich,False,Intern,Commercial,1,2026-09-11,Arbeitnow,https://www.arbeitnow.com/jobs/companies/emidat-gmbh/growth-engineer-intern-munich-478115
werkstudent-marketing-sales-landshut-21474,Werkstudent Marketing & Sales (m/w/d),Specific-Group Germany GmbH,Landshut,False,"Working student, hilfstätigkeit / student",Distribution Marketing,1,2026-09-11,Arbeitnow,https://www.arbeitnow.com/jobs/companies/specific-group-germany-gmbh/werkstudent-marketing-sales-landshut-21474
produktionsmitarbeiter-elektrotechnik-qualitatssicherung-garching-46642,Produktionsmitarbeiter Elektrotechnik/Qualitätssicherung (m/w/d),Technica Engineering GmbH,"Garching, Bayern, Germany",False,"Mid, fulltime permanent",Production & Logistics Dep. 2026,1,2026-09-11,Arbeitnow,https://www.arbeitnow.com/jobs/companies/technica-engineering-gmbh/produktionsmitarbeiter-elektrotechnik-qualitatssicherung-garching-46642
mitarbeiter-vertrieb-landwirtschaftliche-software-fur-mehrere-regionen-in-deutschland-munchen-58048,Mitarbeiter Vertrieb (m/w/d) landwirtschaftliche Software für mehrere Regionen in Deutschland,Wimex-Gruppe,München,False,"Full-time permanent, entry","Internet and software, high school or equivalent",2,2026-09-11,Arbeitnow,https://www.arbeitnow.com/jobs/companies/wimex-gruppe/mitarbeiter-vertrieb-landwirtschaftliche-software-fur-mehrere-regionen-in-deutschland-munchen-58048
remote-account-executive-317424,Account Executive (m/w/d),JUNE GmbH,München + Remote,False,"Experienced, Permanent, Full time","sales, vertrieb, account manager, saas, business development, legal tech, ki, ai",8,2026-09-11,Arbeitnow,https://www.arbeitnow.com/jobs/companies/june-gmbh/remote-account-executive-317424
werkstudent-im-bereich-it-munchen-169695,Werkstudent (m/w/d) im Bereich IT,Stiftung Münchner Sicherheitskonferenz (gemeinnützige ...,München,False,"Entry, Working student, Part time","Cloud, Service, Netzwerke",3,2026-09-11,Arbeitnow,https://www.arbeitnow.com/jobs/companies/stiftung-munchner-sicherheitskonferenz-gemeinnutzige/werkstudent-im-bereich-it-munchen-169695
it-systemadministrator-in-vollzeit-munchen-250312,IT Systemadministrator (w/m/d) in Vollzeit,Stiftung Münchner Sicherheitskonferenz (gemeinnützige ...,München,False,"Experienced, Permanent, Full time","Systemadministration, Netzwerkwstrukturen, IT Dienstleister, Projekte, First- Second-Level",5,2026-09-11,Arbeitnow,https://www.arbeitnow.com/jobs/companies/stiftung-munchner-sicherheitskonferenz-gemeinnutzige/it-systemadministrator-in-vollzeit-munchen-250312
senior-crm-automation-lifecycle-manager-all-genders-munchen-384544,(Senior) CRM Automation & Lifecycle Manager (all genders),HolidayCheck Group AG,München,False,"Experienced, Permanent, Full time","CRM, Automatisierung, Automatisation, CRM Marketing, Directmarketing, Direktmarketing, Marketing Manager, Marketing Manager B2C, B2C, B2B",10,2026-09-11,Arbeitnow,https://www.arbeitnow.com/jobs/companies/holidaycheck-group-ag/senior-crm-automation-lifecycle-manager-all-genders-munchen-384544
talent-acquisition-team-leader-europe-germany-munich-58581,Talent Acquisition Team Leader - Europe,Sungrow Europe - Welcome traveler!,Germany - Munich,False,"Experienced, Permanent, Full time","talent, recruiter, sourcing, hr, humanresources, inverter, energy, renewables",8,2026-09-11,Arbeitnow,https://www.arbeitnow.com/jobs/companies/sungrow-europe-welcome-traveler/talent-acquisition-team-leader-europe-germany-munich-58581
project-operations-rework-support-working-student-germany-germany-oberschleissheim-118574,Project & Operations Rework Support Working Student – Germany,Sungrow Europe - Welcome traveler!,Germany - Oberschleißheim,False,"Entry, Working student, Part time",,0,2026-09-11,Arbeitnow,https://www.arbeitnow.com/jobs/companies/sungrow-europe-welcome-traveler/project-operations-rework-support-working-student-germany-germany-oberschleissheim-118574
werkstudentin-sales-operations-koln-481032,Werkstudent:in Sales & Operations (m/w/d),1Komma5Grad,Köln,False,"Student, Intern, Full time","Werkstudent:in, Sales Operations, 1KOMMA5, 1KOMMA5°, Sales, Operations, Analytics, Berlin, Heartbeat, Prozessmanagement, Prozessoptimierung, Business Analytics, Revenue Operations, Consulting",14,2026-09-11,Arbeitnow,https://www.arbeitnow.com/jobs/companies/1komma5grad/werkstudentin-sales-operations-koln-481032
werkstudentin-projektkoordination-warmepumpe-berlin-remote-322078,Werkstudent:in Projektkoordination Wärmepumpe (m/w/d) - Berlin / Remote,1Komma5Grad,Berlin,False,"Entry, Intern, Full or part time","Wärmepumpen, SHK, Koordination",3,2026-09-11,Arbeitnow,https://www.arbeitnow.com/jobs/companies/1komma5grad/werkstudentin-projektkoordination-warmepumpe-berlin-remote-322078
werkstudentin-office-feelgood-management-1komma5-nurnberg-71535,Werkstudent:in Office & Feelgood Management (m/w/d) - 1KOMMA5° Nürnberg,1Komma5Grad,Nürnberg,False,"Entry, Working student, Part time","Events, Showroom, Office, Feelgood",4,2026-09-11,Arbeitnow,https://www.arbeitnow.com/jobs/companies/1komma5grad/werkstudentin-office-feelgood-management-1komma5-nurnberg-71535
werkstudentin-community-management-hamburg-492514,Werkstudent:in Community Management (m/w/d),1Komma5Grad,Hamburg,False,"Experienced, Working student, Part time","join, content",2,2026-09-11,Arbeitnow,https://www.arbeitnow.com/jobs/companies/1komma5grad/werkstudentin-community-management-hamburg-492514
werkstudentin-sales-strategy-operations-hamburg-387422,Werkstudent:in (m/w/d) Sales Strategy & Operations,1Komma5Grad,Hamburg,False,"Entry, Intern, Part time","Officemanagement, Teamassistenz, Teamassistant, Office, CRO",5,2026-09-11,Arbeitnow,https://www.arbeitnow.com/jobs/companies/1komma5grad/werkstudentin-sales-strategy-operations-hamburg-387422
senior-consultant-digital-ai-strategy-pharma-healthcare-munchen-151265,Senior Consultant Digital & AI Strategy - Pharma & Healthcare (m/f/d),Ommax,München,False,"Experienced, Permanent, Full time",,0,2026-09-11,Arbeitnow,https://www.arbeitnow.com/jobs/companies/ommax/senior-consultant-digital-ai-strategy-pharma-healthcare-munchen-151265
senior-backend-engineer-agentic-systems-munchen-193358,Senior Backend Engineer – Agentic Systems (m/f/d),Ommax,München,False,"Experienced, Permanent, Full time",,0,2026-09-11,Arbeitnow,https://www.arbeitnow.com/jobs/companies/ommax/senior-backend-engineer-agentic-systems-munchen-193358
product-manager-platform-dresden-210533,Product Manager Platform (m/w/d),Kiwigrid,Dresden,False,"Experienced, Permanent, Full time","Dresden, IT, IoT, Product Management, API, Platform, Business Case, Pricing, PaaS, Cloud, Edge, Smart Grid, Energiemanagement, Erneuerbare, Software, API Integration, Product Development, Produktmanagement",18,2026-09-11,Arbeitnow,https://www.arbeitnow.com/jobs/companies/kiwigrid/product-manager-platform-dresden-210533
werkstudent-im-bereich-marketing-operations-munchen-442666,Werkstudent (m/w/d) im Bereich Marketing Operations,Solvares,München,False,"Student, Working student, Part time","Marketing, Werkstudent, Werkstudentin, Werkstudium, Marketing Manager, Marketing Operations, Commercial, Software",8,2026-09-11,Arbeitnow,https://www.arbeitnow.com/jobs/companies/solvares/werkstudent-im-bereich-marketing-operations-munchen-442666
ausbildung-fachinformatiker-fur-systemintegration-hamburg-438823,Ausbildung Fachinformatiker für Systemintegration (m/w/d),Solvares,Hamburg,False,"Entry, Trainee, Full time","Fachinformatiker, Azubi Hamburg, Ausbildung Hamburg",3,2026-09-11,Arbeitnow,https://www.arbeitnow.com/jobs/companies/solvares/ausbildung-fachinformatiker-fur-systemintegration-hamburg-438823
senior-software-engineer-teilprojektleitung-munchen-255444,Senior Software Engineer (m/w/d) – Teilprojektleitung,Steadforce,München,False,"Experienced, Permanent, Full or part time",,0,2026-09-11,Arbeitnow,https://www.arbeitnow.com/jobs/companies/steadforce/senior-software-engineer-teilprojektleitung-munchen-255444
e-commerce-product-ownerin-all-genders-berlin-242618,E-Commerce Product Owner:in (all genders),tink GmbH,Berlin,False,"Experienced, Permanent, Full time","marketing, startup, scaleup, e-commerce, smarthome",5,2026-09-11,Arbeitnow,https://www.arbeitnow.com/jobs/companies/tink-gmbh/e-commerce-product-ownerin-all-genders-berlin-242618
werkstudentin-community-management-mainz-oder-berlin-410573,Werkstudent*in Community Management (m/w/d),ZDF Digital Medienproduktion GmbH,Mainz oder Berlin,False,"Student, Working student, Part time",,0,2026-09-11,Arbeitnow,https://www.arbeitnow.com/jobs/companies/zdf-digital-medienproduktion-gmbh/werkstudentin-community-management-mainz-oder-berlin-410573
automation-engineer-gn-40-std-hybrid-munchen-46187,"Automation Engineer (gn) - 40 Std, (hybrid) (München)",42Watt,München,False,"Experienced, Permanent, Full time",,0,2026-09-11,Arbeitnow,https://www.arbeitnow.com/jobs/companies/42watt/automation-engineer-gn-40-std-hybrid-munchen-46187
automation-engineer-gn-40-std-hybrid-munchen-444678,"Automation Engineer (gn) - 40 Std, (hybrid) (München)",42Watt,München,False,"Experienced, Permanent, Full time",,0,2026-09-11,Arbeitnow,https://www.arbeitnow.com/jobs/companies/42watt/automation-engineer-gn-40-std-hybrid-munchen-444678
senior-projektleiter-hochbau-dusseldorf-361277,Senior Projektleiter (m/w/d) Hochbau,Skalbach GmbH,Düsseldorf,False,"Experienced, Permanent, Full time","Projektleitung Hochbau, Projektleiter Hochbau, Projektleiterin Hochbau, Düsseldorf Hochbau, Düsseldorf Projektleiter, Düsseldorf Bauprojektleiter, Düsseldorf Bauleiter, Düsseldorf Senior Bauleiter, Hochbau Jobs, Hochbau Stellen, Stellen im Hochbau, Jobs im Hochbau, Düsseldorf Stellen Hochbau, Düsseldorf Stellen Bau, Bauleitung Hochbau, Bauleitung Hochbau Düsseldorf, Düsseldorf offene Stellen, Düsseldorf Projektleiter Hochbau, Düsseldorf Projektleitung Hochbau, Jobs als Projektleiter Hochbau, deutschlandweit, vollzeit",22,2026-09-11,Arbeitnow,https://www.arbeitnow.com/jobs/companies/skalbach-gmbh/senior-projektleiter-hochbau-dusseldorf-361277
senior-bauleiter-rohbau-stuttgart-152498,Senior Bauleiter (m/w/d) Rohbau - Stuttgart,Skalbach GmbH,Stuttgart,False,"Experienced, Permanent, Full time","Bauleiter, Bauleitung, Rohbau",3,2026-09-11,Arbeitnow,https://www.arbeitnow.com/jobs/companies/skalbach-gmbh/senior-bauleiter-rohbau-stuttgart-152498
senior-bauleiter-stuttgart-munchen-karlsruhe-297402,"Senior Bauleiter (m/w/d) - Stuttgart, München, Karlsruhe",Skalbach GmbH,München,False,"Experienced, Permanent, Full time","Bauleitung, Bauleiter, Hochbau, Rohbau",4,2026-09-11,Arbeitnow,https://www.arbeitnow.com/jobs/companies/skalbach-gmbh/senior-bauleiter-stuttgart-munchen-karlsruhe-297402
senior-bauleiter-tiefbau-munchen-147899,(Senior) Bauleiter (m/w/d) Tiefbau,Skalbach GmbH,München,False,"Experienced, Permanent, Full time","Bauleitung, Tiefbau",2,2026-09-11,Arbeitnow,https://www.arbeitnow.com/jobs/companies/skalbach-gmbh/senior-bauleiter-tiefbau-munchen-147899
senior-bauleiter-hochbau-munchen-161173,(Senior) Bauleiter (m/w/d) Hochbau,Skalbach GmbH,München,False,"Experienced, Permanent, Full time","Bauleitung, Hochbau, Rohbau, Schlüsselfertigbau, VOB",5,2026-09-11,Arbeitnow,https://www.arbeitnow.com/jobs/companies/skalbach-gmbh/senior-bauleiter-hochbau-munchen-161173
ground-software-engineer-munich-144963,Ground Software Engineer,Hypersonica,Munich,False,Full-time,Software,1,2026-09-11,Arbeitnow,https://www.arbeitnow.com/jobs/companies/hypersonica/ground-software-engineer-munich-144963
senior-programme-associate-munich-or-berlin-19208,(Senior) Programme Associate,Hypersonica,Munich or Berlin,False,Full-time,Business Development,1,2026-09-11,Arbeitnow,https://www.arbeitnow.com/jobs/companies/hypersonica/senior-programme-associate-munich-or-berlin-19208
senior-manager-accounting-and-finance-operations-munich-18459,(Senior) Manager Accounting and Finance Operations,Hypersonica,Munich,False,Full-time,Finance,1,2026-09-11,Arbeitnow,https://www.arbeitnow.com/jobs/companies/hypersonica/senior-manager-accounting-and-finance-operations-munich-18459
senior-engineering-project-manager-adas-homologation-munich-germany-102305,Senior Engineering Project Manager - ADAS Homologation (M/W/D),Mobileye,"Munich, Germany",False,Full time,Project / Program Management,1,2026-09-11,Arbeitnow,https://www.arbeitnow.com/jobs/companies/mobileye/senior-engineering-project-manager-adas-homologation-munich-germany-102305
fullstack-software-engineer-munchen-87768,Fullstack Software Engineer (m/w/d),Rhein Nadel Automation Gmbh,München,False,"Experienced, Permanent, Full time","Python, Django, ORM-Tools, SQL, Javascript, React, Softwareentwickler, Software Developer, Prozessdigitalisierung, KI, Künstliche Intelligenz, AI, Physik-Simulationen, Docker",14,2026-09-11,Arbeitnow,https://www.arbeitnow.com/jobs/companies/rhein-nadel-automation-gmbh/fullstack-software-engineer-munchen-87768
senior-security-engineer-all-genders-munich-495865,Senior Security Engineer (all genders),Capmo,Munich,False,"Experienced, Permanent, Full time","nodeJS, react.js, AWS, TypeScript",4,2026-09-11,Arbeitnow,https://www.arbeitnow.com/jobs/companies/capmo/senior-security-engineer-all-genders-munich-495865
senior-ai-architect-consultant-munchen-12747,Senior AI Architect & Consultant (m/w/d),Mayflower,München,False,"Experienced, Permanent, Full time","JOIN, AI Architect, LLMs, GenAI, Langgraph, LangSmith, Join, RAG, AI Solutions Architect",9,2026-09-11,Arbeitnow,https://www.arbeitnow.com/jobs/companies/mayflower/senior-ai-architect-consultant-munchen-12747
senior-engineer-on-site-vollzeit-munchen-493533,Senior Engineer (m/w/d) — On-Site & Vollzeit,Fulfin,München,False,"Experienced, Permanent, Full time","Senior Software Engineer, On-Site, Vollzeit, Architecture Design, Stakeholder Management",5,2026-09-11,Arbeitnow,https://www.arbeitnow.com/jobs/companies/fulfin/senior-engineer-on-site-vollzeit-munchen-493533
product-manager-platform-experience-cloud-administration-freiburg-im-breisgau-287874,Product Manager – Platform Experience & Cloud Administration (m/f/d),Jedox GmbH,Freiburg im Breisgau,False,"Experienced, Permanent, Full time",,0,2026-09-11,Arbeitnow,https://www.arbeitnow.com/jobs/companies/jedox-gmbh/product-manager-platform-experience-cloud-administration-freiburg-im-breisgau-287874
head-of-product-marketing-germany-464520,Head of Product Marketing (m/f/d),Jedox GmbH,Germany,False,"Experienced, Permanent, Full time",,0,2026-09-11,Arbeitnow,https://www.arbeitnow.com/jobs/companies/jedox-gmbh/head-of-product-marketing-germany-464520
senior-seo-onsite-manager-befristet-elternzeitvertretung-all-genders-hamburg-491843,"(Senior) SEO & Onsite Manager (befristet, Elternzeitvertretung) (all genders)",Allbranded,Hamburg,False,"Experienced, Temporary, Full time",,0,2026-09-11,Arbeitnow,https://www.arbeitnow.com/jobs/companies/allbranded/senior-seo-onsite-manager-befristet-elternzeitvertretung-all-genders-hamburg-491843
senior-data-analyst-crm-munich-465773,Senior Data Analyst - CRM (m/f/d),Flix,"Munich, Bavaria, Germany",False,Full Time,,0,2026-09-11,Arbeitnow,https://www.arbeitnow.com/jobs/companies/flix/senior-data-analyst-crm-munich-465773
senior-data-analyst-crm-berlin-489999,Senior Data Analyst - CRM (m/f/d),Flix,"Berlin, Berlin, Germany",False,Full Time,,0,2026-09-11,Arbeitnow,https://www.arbeitnow.com/jobs/companies/flix/senior-data-analyst-crm-berlin-489999
working-student-production-automation-gilching-220497,Working Student Production Automation (m/f/d),Quantum-Systems GmbH,"Gilching, Bayern, Germany",False,"Entry, internship",Student & Early Professionals,1,2026-09-11,Arbeitnow,https://www.arbeitnow.com/jobs/companies/quantum-systems-gmbh/working-student-production-automation-gilching-220497
remote-director-sales-dach-cologne-113057,Director Sales DACH (f/m/d),Trusted Shops SE (DE),Remote job,True,"Senior executive, fulltime permanent","ACT DACH, Remote",2,2026-09-11,Arbeitnow,https://www.arbeitnow.com/jobs/companies/trusted-shops-se-de/remote-director-sales-dach-cologne-113057
senior-developer-frankfurt-454928,Senior Developer (m/w/d),ABRIO GmbH,"Frankfurt, Hessen, Deutschland",False,"Experienced, fulltime permanent",Development,1,2026-09-11,Arbeitnow,https://www.arbeitnow.com/jobs/companies/abrio-gmbh/senior-developer-frankfurt-454928
junior-fullstack-developer-frankfurt-483282,Junior Fullstack Developer,ABRIO GmbH,"Frankfurt, Hessen, Deutschland",False,"Entry, fulltime permanent",Development,1,2026-09-11,Arbeitnow,https://www.arbeitnow.com/jobs/companies/abrio-gmbh/junior-fullstack-developer-frankfurt-483282
senior-communications-manager-heidelberg-376058,(Senior) Communications Manager (m/w/d),cbs Corporate Business Solutions GmbH,"Heidelberg, Baden-Württemberg, Deutschland",False,"Mid, fulltime permanent",Corporate Sales & Marketing,1,2026-09-11,Arbeitnow,https://www.arbeitnow.com/jobs/companies/cbs-corporate-business-solutions-gmbh/senior-communications-manager-heidelberg-376058
business-data-analyst-finance-requirements-management-berlin-boppstr-291555,Business Data Analyst Finance & Requirements Management (m/w/d),Aer Group,Berlin Boppstr.,False,"Experienced, Permanent, Part time","datenstrukturen, business analysis, Requirements Management",3,2026-09-11,Arbeitnow,https://www.arbeitnow.com/jobs/companies/aer-group/business-data-analyst-finance-requirements-management-berlin-boppstr-291555
senior-devops-engineer-berlin-boppstr-488397,(Senior) DevOps Engineer (m/f/x),Aer Group,Berlin Boppstr.,False,"Experienced, Permanent, Full time","DevOps, Network, kubernetes, infrastructure",4,2026-09-11,Arbeitnow,https://www.arbeitnow.com/jobs/companies/aer-group/senior-devops-engineer-berlin-boppstr-488397
working-student-it-germany-berlin-109637,Working Student IT,Hypatos Gmbh,"Germany, Berlin",False,"Entry, Intern, Part time",,0,2026-09-11,Arbeitnow,https://www.arbeitnow.com/jobs/companies/hypatos-gmbh/working-student-it-germany-berlin-109637
working-student-accounting-finance-munich-hybrid-211489,Working Student | Accounting & Finance (m/f/d),TWAICE,"Munich, Hybrid",False,"Student, Working student, Part time","intern, battery, energy, renewable energy, climate tech, clean tech",6,2026-09-11,Arbeitnow,https://www.arbeitnow.com/jobs/companies/twaice/working-student-accounting-finance-munich-hybrid-211489
senior-java-engineer-munchen-165490,Senior Java Engineer (m/f/d),Xempus AG,München,False,"Experienced, Permanent, Full time","Java, Software Engineer, SQL, developer, engineer, senior, architecture, java 17",8,2026-09-11,Arbeitnow,https://www.arbeitnow.com/jobs/companies/xempus-ag/senior-java-engineer-munchen-165490
founding-gtm-engineer-berlin-422757,Founding GTM Engineer,Platoapp,Berlin,False,"Experienced, Permanent, Full time","Startup, RevOps, Revenue Operations, Sales Operations, Clay, Hubspot, CTM Architecture, Wholesale, B2B, SaaS, ERP",11,2026-09-11,Arbeitnow,https://www.arbeitnow.com/jobs/companies/platoapp/founding-gtm-engineer-berlin-422757
werkstudent-im-unternehmensmarketing-wvm-koln-144640,Werkstudent (m/w/d) im Unternehmensmarketing,Wvm Immobilien Projektentwicklung Gmbh,WvM Köln,False,"Student, Intern, Full or part time","Marketing, Werkstudent, Immobilien, Projektentwicklung",4,2026-09-11,Arbeitnow,https://www.arbeitnow.com/jobs/companies/wvm-immobilien-projektentwicklung-gmbh/werkstudent-im-unternehmensmarketing-wvm-koln-144640
werkstudent-operations-heidelberg-110863,Werkstudent Operations (m/w/d),Become 1 Gmbh,Heidelberg,False,"Student, Working student, Part time",operations,1,2026-09-11,Arbeitnow,https://www.arbeitnow.com/jobs/companies/become-1-gmbh/werkstudent-operations-heidelberg-110863
senior-online-marketing-manager-fokus-media-und-performance-dresden-380690,Senior Online Marketing Manager – Fokus Media und Performance (m/w/d),Zebragroup,Dresden,False,"Experienced, Permanent, Full time",,0,2026-09-11,Arbeitnow,https://www.arbeitnow.com/jobs/companies/zebragroup/senior-online-marketing-manager-fokus-media-und-performance-dresden-380690
senior-managing-consultant-data-analytics-munchen-377535,(Senior) Managing Consultant – Data & Analytics (w/m/d),Pmone,München,False,"Experienced, Permanent, Full time","Consulting, Projektmanagement, Sales, Microsoft, Daten, Datenbanken, Cloud Plattformen, AI",8,2026-09-11,Arbeitnow,https://www.arbeitnow.com/jobs/companies/pmone/senior-managing-consultant-data-analytics-munchen-377535
data-engineerin-it-support-kiel-386066,Data Engineer:in / IT Support (m/w/d),LOHNunion GmbH,Kiel,False,Full Time,Data Scientist,1,2026-09-11,Arbeitnow,https://www.arbeitnow.com/jobs/companies/lohnunion-gmbh/data-engineerin-it-support-kiel-386066
performance-marketing-working-student-talent-acquisition-berlin-378083,Performance Marketing Working Student – Talent Acquisition,SumUp,"Berlin, Germany",False,Full Time,,0,2026-09-11,Arbeitnow,https://www.arbeitnow.com/jobs/companies/sumup/performance-marketing-working-student-talent-acquisition-berlin-378083
mitarbeiter-leiter-wmd-interne-qualitatssicherung-wirtschaftsprufung-vollzeit-oder-teilzeit-dresden-144973,Mitarbeiter /Leiter (w|m|d) interne Qualitätssicherung Wirtschaftsprüfung – Vollzeit oder Teilzeit,DOMUS Consult Wirtschaftsberatungsgesellschaft mbH,"Dresden, Sachsen, Deutschland",False,"Experienced, fulltime permanent",Finanzwesen & Finanzdienstleistungen,1,2026-09-11,Arbeitnow,https://www.arbeitnow.com/jobs/companies/domus-consult-wirtschaftsberatungsgesellschaft-mbh/mitarbeiter-leiter-wmd-interne-qualitatssicherung-wirtschaftsprufung-vollzeit-oder-teilzeit-dresden-144973
landwirt-feldbau-manager-teamleiter-pflanzenproduktion-im-gemuseanbau-kothen-anhalt-ot-arensdorf-241114,Landwirt / Feldbau Manager / Teamleiter Pflanzenproduktion (m/w/d) im Gemüseanbau,Wimex-Gruppe,"Köthen (Anhalt) OT Arensdorf, Sachsen-Anhalt, Deutschland",False,"Mid, fulltime fixed term",Bördegarten Gemüse GmbH & Co. KG,1,2026-09-11,Arbeitnow,https://www.arbeitnow.com/jobs/companies/wimex-gruppe/landwirt-feldbau-manager-teamleiter-pflanzenproduktion-im-gemuseanbau-kothen-anhalt-ot-arensdorf-241114
remote-senior-content-marketing-manager-seo-geo-blog-schoppingen-276304,Senior Content Marketing Manager – SEO/GEO & Blog (m/w/d),shopware AG,Homeoffice,True,"Experienced, fulltime fixed term","Marketing, Remote",2,2026-09-11,Arbeitnow,https://www.arbeitnow.com/jobs/companies/shopware-ag/remote-senior-content-marketing-manager-seo-geo-blog-schoppingen-276304
cloud-platform-engineer-stuttgart-137935,Cloud Platform Engineer (m/w/d),IP Dynamics GmbH,Stuttgart,False,"Experienced, Permanent, Full time",,0,2026-09-11,Arbeitnow,https://www.arbeitnow.com/jobs/companies/ip-dynamics-gmbh/cloud-platform-engineer-stuttgart-137935
cloud-platform-engineer-hannover-418419,Cloud Platform Engineer (m/w/d),IP Dynamics GmbH,Hannover,False,"Experienced, Permanent, Full time",,0,2026-09-11,Arbeitnow,https://www.arbeitnow.com/jobs/companies/ip-dynamics-gmbh/cloud-platform-engineer-hannover-418419
product-engineer-munchen-294114,Product Engineer (m/w/d),Lpe Immobilien Management Gmbh,München,False,"Experienced, Permanent, Full time",,0,2026-09-11,Arbeitnow,https://www.arbeitnow.com/jobs/companies/lpe-immobilien-management-gmbh/product-engineer-munchen-294114
product-designer-munchen-81407,Product Designer (m/w/d),Lpe Immobilien Management Gmbh,München,False,"Experienced, Permanent, Full time",,0,2026-09-11,Arbeitnow,https://www.arbeitnow.com/jobs/companies/lpe-immobilien-management-gmbh/product-designer-munchen-81407
immobilienmakler-schwerpunkt-vermietung-werkstudent-oder-teilzeit-munchen-84214,Immobilienmakler (m/w/d) – Schwerpunkt Vermietung | Werkstudent oder Teilzeit,Lpe Immobilien Management Gmbh,München,False,"Student, Working student, Part time","Makler, Immobilien, Real Estate, Vermietung",4,2026-09-11,Arbeitnow,https://www.arbeitnow.com/jobs/companies/lpe-immobilien-management-gmbh/immobilienmakler-schwerpunkt-vermietung-werkstudent-oder-teilzeit-munchen-84214
senior-projektleitung-wasserbau-kusteningenieurwesen-hamburg-gotenstrasse-401600,Senior-Projektleitung Wasserbau / Küsteningenieurwesen (m/w/d),Tractebel,"Hamburg, Gotenstraße",False,"Experienced, Permanent, Full time","Infrastrukturprojekte, Wasserbau, Küsteningenieurwesen, Ingenieurbau, Bauingenieurwesen, Umweltingenieurwesen, Steuerung, Projektmanagement",8,2026-09-11,Arbeitnow,https://www.arbeitnow.com/jobs/companies/tractebel/senior-projektleitung-wasserbau-kusteningenieurwesen-hamburg-gotenstrasse-401600
head-of-production-produktionsleiter-munchen-104351,Head of Production / Produktionsleiter (m/f/d),Deltavision,München,False,"Experienced, Permanent, Full time",,0,2026-09-11,Arbeitnow,https://www.arbeitnow.com/jobs/companies/deltavision/head-of-production-produktionsleiter-munchen-104351
fluidic-system-engineer-architect-munchen-483221,Fluidic System Engineer / Architect (m/f/d),Deltavision,München,False,"Experienced, Permanent, Full time",,0,2026-09-11,Arbeitnow,https://www.arbeitnow.com/jobs/companies/deltavision/fluidic-system-engineer-architect-munchen-483221
senior-konzeptioner-gn-mainz-365258,(Senior) Konzeptioner (gn*),3St Kommunikation,Mainz,False,"Experienced, Permanent, Full time",,0,2026-09-11,Arbeitnow,https://www.arbeitnow.com/jobs/companies/3st-kommunikation/senior-konzeptioner-gn-mainz-365258
account-executive-berlin-271817,Account Executive (m/w/d),Yoursquares,Berlin,False,"Experienced, Permanent, Full time","Account Executive, Vertrieb, B2B Sales, SaaS Vertrieb, Neukundengewinnung, PropTech, Immobilienwirtschaft, Bauträger, HubSpot, Sales Berlin",10,2026-09-11,Arbeitnow,https://www.arbeitnow.com/jobs/companies/yoursquares/account-executive-berlin-271817
senior-product-manager-software-solutions-munich-office-393477,Senior Product Manager - Software Solutions,Proglove,Munich Office,False,"Experienced, Permanent, Full time",,0,2026-09-11,Arbeitnow,https://www.arbeitnow.com/jobs/companies/proglove/senior-product-manager-software-solutions-munich-office-393477
product-manager-android-integration-ecosystem-munich-office-248734,Product Manager – Android Integration & Ecosystem,Proglove,Munich Office,False,"Experienced, Permanent, Full time",,0,2026-09-11,Arbeitnow,https://www.arbeitnow.com/jobs/companies/proglove/product-manager-android-integration-ecosystem-munich-office-248734
praktikant-werkstudent-people-culture-munchen-52984,Praktikant/Werkstudent (m/w/d) People & Culture,Nuuenergy,München,False,"Student, Intern, Full or part time","HR, Recruiting, Personalwesen, HR Operations",4,2026-09-11,Arbeitnow,https://www.arbeitnow.com/jobs/companies/nuuenergy/praktikant-werkstudent-people-culture-munchen-52984
senior-accountant-30h-all-genders-berlin-325029,"(Senior) Accountant, 30h (all genders)",Fraser Gmbh,Berlin,False,"Experienced, Permanent, Full or part time",,0,2026-09-11,Arbeitnow,https://www.arbeitnow.com/jobs/companies/fraser-gmbh/senior-accountant-30h-all-genders-berlin-325029
private-equity-operations-manager-operations-director-munchen-16635,Private Equity Operations Manager / Operations Director (m/w/d),AEM Unternehmerkapital GmbH,München,False,"Experienced, Permanent, Full time","Unternehmensberatung, Private Equity, Strategieberatung, Digitale Transformation, Unternehmensentwicklung",5,2026-09-11,Arbeitnow,https://www.arbeitnow.com/jobs/companies/aem-unternehmerkapital-gmbh/private-equity-operations-manager-operations-director-munchen-16635
product-manager-exotube-berlin-germany-441078,Product Manager - EXOtube,Exolaunch,"Berlin, Germany",False,"Experienced, Permanent, Full time",,0,2026-09-11,Arbeitnow,https://www.arbeitnow.com/jobs/companies/exolaunch/product-manager-exotube-berlin-germany-441078
senior-bid-pursuit-manager-proposal-manager-cloud-data-ai-consulting-hamburg-236375,"Senior Bid & Pursuit Manager / Proposal Manager (m/w/d) – Cloud, Data & AI Consulting",Synvert,Hamburg,False,"Experienced, Permanent, Full time","Sales, Bid Manager, Pursuit Manager, Proposal Manager, Business Development, Cloud, Data, AI, Consulting",9,2026-09-11,Arbeitnow,https://www.arbeitnow.com/jobs/companies/synvert/senior-bid-pursuit-manager-proposal-manager-cloud-data-ai-consulting-hamburg-236375
senior-accounting-manager-multi-entity-process-build-up-munchen-89452,Senior Accounting Manager (w/m/d) – Multi-Entity & Process Build-up,Proliance,München,False,"Experienced, Permanent, Full time",,0,2026-09-11,Arbeitnow,https://www.arbeitnow.com/jobs/companies/proliance/senior-accounting-manager-multi-entity-process-build-up-munchen-89452
remote-werkstudent-vertrieb-stuttgart-249764,Werkstudent Vertrieb (m/w/d),Shyftplan,Stuttgart,True,"Student, Working student, Part time","Sales, Vertrieb, Studentenjob, Start-up, Startups, Remote",6,2026-09-11,Arbeitnow,https://www.arbeitnow.com/jobs/companies/shyftplan/remote-werkstudent-vertrieb-stuttgart-249764
mandatory-internship-performance-marketing-and-social-media-berlin-408096,Mandatory internship performance marketing and social media,Craftly,Berlin,False,Internship,Online Marketing,1,2026-09-11,Arbeitnow,https://www.arbeitnow.com/jobs/companies/craftly/mandatory-internship-performance-marketing-and-social-media-berlin-408096
controller-unterstutzung-buchhaltung-all-genders-berlin-98557,Controller/ Unterstützung Buchhaltung (all genders),theBASE FOL Group GmbH,Berlin,True,Full Time,"Remote, Finance",2,2026-09-11,Arbeitnow,https://www.arbeitnow.com/jobs/companies/thebase-fol-group-gmbh/controller-unterstutzung-buchhaltung-all-genders-berlin-98557
senior-supply-chain-consultant-wiesbaden-70922,(Senior) Supply Chain Consultant (m/w/d),Relex,Wiesbaden,False,Full Time,Operations EMEA and APAC,1,2026-09-11,Arbeitnow,https://www.arbeitnow.com/jobs/companies/relex/senior-supply-chain-consultant-wiesbaden-70922
senior-solution-consultant-cpg-manufacturing-wiesbaden-492429,Senior Solution Consultant CPG / Manufacturing,Relex,Wiesbaden,False,Full Time,Operations,1,2026-09-11,Arbeitnow,https://www.arbeitnow.com/jobs/companies/relex/senior-solution-consultant-cpg-manufacturing-wiesbaden-492429
senior-security-engineer-parsdorf-bavaria-76392,Senior Security Engineer (m/f/d),isaraerospace,"Parsdorf, Bavaria",False,Full Time,Information & Cybersecurity,1,2026-09-11,Arbeitnow,https://www.arbeitnow.com/jobs/companies/isaraerospace/senior-security-engineer-parsdorf-bavaria-76392
teamleiter-fahrzeugbewertung-grossraum-hamburg-lubeck-158975,Teamleiter Fahrzeugbewertung - Großraum Hamburg (m/w/d),caronsale,Lübeck,False,Full Time,Inspections,1,2026-09-11,Arbeitnow,https://www.arbeitnow.com/jobs/companies/caronsale/teamleiter-fahrzeugbewertung-grossraum-hamburg-lubeck-158975
teamleiter-fahrzeugbewertung-grossraum-hamburg-schwerin-231677,Teamleiter Fahrzeugbewertung - Großraum Hamburg (m/w/d),caronsale,Schwerin,False,Full Time,Inspections,1,2026-09-11,Arbeitnow,https://www.arbeitnow.com/jobs/companies/caronsale/teamleiter-fahrzeugbewertung-grossraum-hamburg-schwerin-231677
working-student-talent-acquisition-dusseldorf-north-rhine-westphalia-193368,Working Student Talent Acquisition (m/w/d),Teampicnic,"Düsseldorf, North Rhine-Westphalia",False,Full Time,Students,1,2026-09-11,Arbeitnow,https://www.arbeitnow.com/jobs/companies/teampicnic/working-student-talent-acquisition-dusseldorf-north-rhine-westphalia-193368
working-student-intern-marketing-hamburg-397388,Working Student/Intern - Marketing (f/m/d),Justdice,Hamburg,False,Part Time,justDice,1,2026-09-11,Arbeitnow,https://www.arbeitnow.com/jobs/companies/justdice/working-student-intern-marketing-hamburg-397388
senior-cloud-engineer-azure-ratingen-228816,Senior Cloud Engineer Azure (m/w/d),HyPlus Technology GmbH,"Ratingen, Nordrhein-Westfalen, Germany",False,"Experienced, fulltime permanent",HyPlus Solutions,1,2026-09-11,Arbeitnow,https://www.arbeitnow.com/jobs/companies/hyplus-technology-gmbh/senior-cloud-engineer-azure-ratingen-228816
werkstudent-im-prozess-und-projektmanagement-leverkusen-329492,Werkstudent im Prozess- und Projektmanagement (m/w/d),CURRENTA GRUPPE,"Leverkusen, Nordrhein-Westfalen, Deutschland",False,"Student college, parttime fixed term",TEC - Business & Process Management,1,2026-09-11,Arbeitnow,https://www.arbeitnow.com/jobs/companies/currenta-gruppe/werkstudent-im-prozess-und-projektmanagement-leverkusen-329492
produktmanager-in-hamburg-oder-remote-343863,Produktmanager (m/w/d) in Hamburg oder Remote,DEMV Systems Gmbh,Homeoffice,True,"Mid, fulltime permanent","alle, Remote",2,2026-09-11,Arbeitnow,https://www.arbeitnow.com/jobs/companies/demv-systems-gmbh/produktmanager-in-hamburg-oder-remote-343863
remote-senior-business-development-manager-new-business-uk-europe-germany-248473,"Senior Business Development Manager - New Business, UK & Europe",Valsoft Corp,Germany,True,"Full time, mid-senior","Sales, Computer Software, Bold Communications Ltd, Remote",4,2026-09-11,Arbeitnow,https://www.arbeitnow.com/jobs/companies/valsoft-corp/remote-senior-business-development-manager-new-business-uk-europe-germany-248473
werkstudent-marketing-digital-experiences-koln-380945,Werkstudent (m/w/d) Marketing & Digital Experiences,And E,Köln,False,"Student, Working student, Part time","Marketing, Kommunikation, digitale Plattformen, Produktlaunches, Vertriebsaktionen, Digital Experience, Online Marketing, Marketing Projekte",8,2026-09-11,Arbeitnow,https://www.arbeitnow.com/jobs/companies/and-e/werkstudent-marketing-digital-experiences-koln-380945
werkstudent-b2b-sales-berlin-195953,Werkstudent - B2B Sales (m/w/d),Tawo Gmbh,Berlin,False,"Student, Working student, Part time","sales, b2b",2,2026-09-11,Arbeitnow,https://www.arbeitnow.com/jobs/companies/tawo-gmbh/werkstudent-b2b-sales-berlin-195953
werkstudent-projektmanagement-operations-munchen-200217,Werkstudent Projektmanagement & Operations (m/w/d),Probis Software Gmbh,München,False,"Entry, Intern, Full or part time",Werksstudent,1,2026-09-11,Arbeitnow,https://www.arbeitnow.com/jobs/companies/probis-software-gmbh/werkstudent-projektmanagement-operations-munchen-200217
senior-software-developer-frontend-react-saarbrucken-165730,(Senior) Software Developer Frontend / React (m/w/d),Athereon,Saarbrücken,False,"Experienced, Permanent, Full time","fullstack, python, django, react, javascript, typescript",6,2026-09-11,Arbeitnow,https://www.arbeitnow.com/jobs/companies/athereon/senior-software-developer-frontend-react-saarbrucken-165730
talent-acquisition-manager-office-munchen-784,Talent Acquisition Manager (m/w/d),Feld Energy,Office München,False,"Experienced, Permanent, Full time",,0,2026-09-11,Arbeitnow,https://www.arbeitnow.com/jobs/companies/feld-energy/talent-acquisition-manager-office-munchen-784
projektmanager-projektentwickler-pv-green-energy-office-munchen-68557,Projektmanager / Projektentwickler (m/w/d) PV / Green Energy,Feld Energy,Office München,False,"Entry, Permanent, Full time",,0,2026-09-11,Arbeitnow,https://www.arbeitnow.com/jobs/companies/feld-energy/projektmanager-projektentwickler-pv-green-energy-office-munchen-68557
werkstudent-data-qa-algorithm-benchmarking-munster-312724,Werkstudent Data QA & Algorithm Benchmarking (m/w/d),Syte Gmbh,Münster,False,"Entry, Intern, Part time",,0,2026-09-11,Arbeitnow,https://www.arbeitnow.com/jobs/companies/syte-gmbh/werkstudent-data-qa-algorithm-benchmarking-munster-312724
senior-program-operations-managerin-berlin-207398,(Senior) Program Operations Manager*in (d/m/w),Zukunftsmotor Gmbh,Berlin,False,"Experienced, Permanent, Full time","operations, project management, course operations, program management, bildungswesen, bildung, EdTech, Start-Up, Weiterbildung, Prozessoptimierung",10,2026-09-11,Arbeitnow,https://www.arbeitnow.com/jobs/companies/zukunftsmotor-gmbh/senior-program-operations-managerin-berlin-207398
werkstudentin-im-projektmanagement-munchen-170194,Werkstudent*in im Projektmanagement,Doo,München,False,"Entry, Intern, Part time","Projektmanagement, CSS, HTML, Werkstudent, Product Consulting, JavaScript, Engineering, Make, Webentwicklung",9,2026-09-11,Arbeitnow,https://www.arbeitnow.com/jobs/companies/doo/werkstudentin-im-projektmanagement-munchen-170194
werkstudentin-finance-schwerpunkt-accounting-controlling-munchen-118374,Werkstudent*in Finance (Schwerpunkt Accounting/Controlling),Doo,München,False,"Entry, Intern, Part time","BWL, Finance, Controlling, Accounting, Buchhaltung, Debitoren, Kreditorenbuchhaltung",7,2026-09-11,Arbeitnow,https://www.arbeitnow.com/jobs/companies/doo/werkstudentin-finance-schwerpunkt-accounting-controlling-munchen-118374
werkstudent-online-marketing-berlin-363002,Werkstudent Online Marketing (m/w/d),Esanum,Berlin,False,"Entry, Intern, Part time","Werkstudent Online Marketing, Werkstudent Marketing Berlin, Marketing Job Werkstudent, Social Media Management, Content Marketing Support, Customer Relationship Management, CRM Werkstudent, Suchmaschinenoptimierung (SEO), Operatives Marketing, Content Erstellung, Social Media Affinität, Analytisches Verständnis, Google Workspace (Docs, Sheets, Präsentationen)",15,2026-09-11,Arbeitnow,https://www.arbeitnow.com/jobs/companies/esanum/werkstudent-online-marketing-berlin-363002
remote-senior-software-engineer-fullstack-fur-ki-produkte-137665,Senior Software Engineer (m/w/d) | Fullstack für KI-Produkte,Avenit Ag,Remote in Deutschland,False,"Experienced, Permanent, Full time","AI Engineer, Senior Fullstack Developer, Fullstack Entwickler, KI Engineer, Software Development, Produktentwicklung, SaaS Engineer, SaaS, KI, AI",10,2026-09-11,Arbeitnow,https://www.arbeitnow.com/jobs/companies/avenit-ag/remote-senior-software-engineer-fullstack-fur-ki-produkte-137665
data-analyst-munchen-203433,Data Analyst (w/m/d),Pub Tech,München,False,"Experienced, Permanent, Full time","Analytics, Data Analytics, Digital Analytics, Tracking & Measurement, GCP, SQL, BigQuery, KPI-Definition, Data Visualization, Dashboarding, Reporting, Nutzungsanalyse",12,2026-09-11,Arbeitnow,https://www.arbeitnow.com/jobs/companies/pub-tech/data-analyst-munchen-203433
praktikantinnen-und-werkstudierende-munchen-397291,PraktikantInnen und Werkstudierende (m/w/d),Avelion Group,München,False,"Student, Permanent, Full time","Praktikum, Werkstudium, Werkstudierende, Werkstudent, Werkstudentin, Praktikant, Praktikantin, Studium",8,2026-09-11,Arbeitnow,https://www.arbeitnow.com/jobs/companies/avelion-group/praktikantinnen-und-werkstudierende-munchen-397291
java-backend-developer-munchen-486870,Java Backend Developer (m/w/d),Avelion Group,München,False,"Experienced, Permanent, Full time","java, java backend development, spring boot, softwareentwicklung, backend development, clean code, agile softwareentwicklung, software engineering, REST / Schnittstellenentwicklung, Informatik",10,2026-09-11,Arbeitnow,https://www.arbeitnow.com/jobs/companies/avelion-group/java-backend-developer-munchen-486870
projektingenieur-landschaftsarchitekt-fur-den-bereich-naturnaher-wasserbau-radebeul-191043,Projektingenieur / Landschaftsarchitekt für den Bereich naturnaher Wasserbau (m/w/d),Stowasserplan GmbH & Co. KG,Radebeul,False,Full Time,Engineering,1,2026-09-11,Arbeitnow,https://www.arbeitnow.com/jobs/companies/stowasserplan-gmbh-co-kg/projektingenieur-landschaftsarchitekt-fur-den-bereich-naturnaher-wasserbau-radebeul-191043
content-creator-bielefeld-97234,Performance Content Creator,paddy,Bielefeld,False,"Working student, hilfstätigkeit / student",Social Media Manager,1,2026-09-11,Arbeitnow,https://www.arbeitnow.com/jobs/companies/paddy/content-creator-bielefeld-97234
manager-zukunftslernen-digitaler-unterricht-munich-473270,Manager - Zukunftslernen & Digitaler Unterricht (m/w/d),Pixida Group,Munich,False,professional / experienced,"Training, Development",2,2026-09-10,Arbeitnow,https://www.arbeitnow.com/jobs/companies/pixida-group/manager-zukunftslernen-digitaler-unterricht-munich-473270
product-owner-hr-tech-und-ki-munich-474854,Product Owner HR-Tech und KI (m/w/d),Pixida Group,Munich,False,professional / experienced,"Training, Development",2,2026-09-10,Arbeitnow,https://www.arbeitnow.com/jobs/companies/pixida-group/product-owner-hr-tech-und-ki-munich-474854
social-media-manager-freelance-hamburg-414873,Social Media Manager (m/w/d) Freelance,Nutri W22 UG,Hamburg,False,"Freelance, teamleitung",Social Media Manager,1,2026-09-10,Arbeitnow,https://www.arbeitnow.com/jobs/companies/nutri-w22-ug/social-media-manager-freelance-hamburg-414873
vertriebsassistenz-sales-support-aalen-204545,Vertriebsassistenz / Sales Support (m/w/d),Finanzkanzlei Efe Özcelik,Aalen,False,Side,Finance,1,2026-09-11,Arbeitnow,https://www.arbeitnow.com/jobs/companies/finanzkanzlei-efe-ozcelik/vertriebsassistenz-sales-support-aalen-204545
product-owner-full-time-nuremberg-344717,Product Owner | Full Time (m/w/d),CONROO GmbH,Nuremberg,False,professional / experienced,IT,1,2026-09-10,Arbeitnow,https://www.arbeitnow.com/jobs/companies/conroo-gmbh/product-owner-full-time-nuremberg-344717
senior-azure-platform-engineer-miwid-essen-344544,(Senior) Azure Platform Engineer (mIwId),LeySelect GmbH,Essen,False,Full Time,Information Systems,1,2026-09-10,Arbeitnow,https://www.arbeitnow.com/jobs/companies/leyselect-gmbh/senior-azure-platform-engineer-miwid-essen-344544
customer-support-operations-lead-mobility-startup-berlin-309892,"Customer Support & Operations Lead (m/w/d), Mobility Startup Berlin",GETAWAY,Berlin,False,berufserfahren,Customer Service,1,2026-09-10,Arbeitnow,https://www.arbeitnow.com/jobs/companies/getaway/customer-support-operations-lead-mobility-startup-berlin-309892
senior-strategic-sourcing-manager-berlin-berlin-466897,Senior Strategic Sourcing Manager (f/m/d),gropyus,"Berlin, Berlin",False,Full Time,Purchasing,1,2026-09-10,Arbeitnow,https://www.arbeitnow.com/jobs/companies/gropyus/senior-strategic-sourcing-manager-berlin-berlin-466897
senior-software-engineer-plc-ot-product-delivery-richen-baden-wurttemberg-493593,Senior Software Engineer- (PLC/OT) - Product Delivery,gropyus,"Richen, Baden-Württemberg",False,Full Time,Product Delivery,1,2026-09-10,Arbeitnow,https://www.arbeitnow.com/jobs/companies/gropyus/senior-software-engineer-plc-ot-product-delivery-richen-baden-wurttemberg-493593
senior-process-planner-berlin-berlin-416919,Senior Process Planner (m/w/d),gropyus,"Berlin, Berlin",False,Full Time,Execution,1,2026-09-10,Arbeitnow,https://www.arbeitnow.com/jobs/companies/gropyus/senior-process-planner-berlin-berlin-416919
senior-data-engineer-berlin-berlin-131723,Senior Data Engineer (f/m/d),gropyus,"Berlin, Berlin",False,Full Time,Data Language,1,2026-09-10,Arbeitnow,https://www.arbeitnow.com/jobs/companies/gropyus/senior-data-engineer-berlin-berlin-131723
product-manager-all-genders-berlin-berlin-499112,Product Manager (all genders),gropyus,"Berlin, Berlin",False,Full Time,Digital Foundations & Planning,1,2026-09-10,Arbeitnow,https://www.arbeitnow.com/jobs/companies/gropyus/product-manager-all-genders-berlin-berlin-499112
management-beraterin-ai-data-tech-modernisation-17706,Management Berater:in - AI & Data / Tech Modernisation (m/w/d),alixpartners,,False,Full Time,Performance,1,2026-09-10,Arbeitnow,https://www.arbeitnow.com/jobs/companies/alixpartners/management-beraterin-ai-data-tech-modernisation-17706
senior-specialist-employee-relations-emea-portugal-poland-france-czech-republic-292081,"Senior Specialist, Employee Relations - EMEA",remotereferralboardinternaluseonly,"Portugal, Poland, France, Czech Republic",False,Full Time,Offboarding,1,2026-09-10,Arbeitnow,https://www.arbeitnow.com/jobs/companies/remotereferralboardinternaluseonly/senior-specialist-employee-relations-emea-portugal-poland-france-czech-republic-292081
member-experience-manager-frankfurt-183639,Member Experience Manager - Frankfurt,Industrious,Frankfurt,False,Full Time,Unit Ops,1,2026-09-10,Arbeitnow,https://www.arbeitnow.com/jobs/companies/industrious/member-experience-manager-frankfurt-183639
recruitment-marketing-specialist-berlin-227397,Recruitment Marketing Specialist,Andercore,Berlin,False,Full Time,Talent & HR,1,2026-09-10,Arbeitnow,https://www.arbeitnow.com/jobs/companies/andercore/recruitment-marketing-specialist-berlin-227397
account-executive-dach-earn-up-to-eur100k-ote-berlin-64257,Account Executive - DACH  (Earn Up to €100K OTE),Andercore,Berlin,False,Full Time,Business Development,1,2026-09-10,Arbeitnow,https://www.arbeitnow.com/jobs/companies/andercore/account-executive-dach-earn-up-to-eur100k-ote-berlin-64257
head-of-product-customer-journey-berlin-109212,Head of Product | Customer Journey,trawa,Berlin HQ,False,Full Time,Product & Design,1,2026-09-10,Arbeitnow,https://www.arbeitnow.com/jobs/companies/trawa/head-of-product-customer-journey-berlin-109212
people-operations-manager-german-speaking-berlin-120709,People Operations Manager (German speaking),AMBOSS,Berlin,False,Full Time,General & Administration,1,2026-09-10,Arbeitnow,https://www.arbeitnow.com/jobs/companies/amboss/people-operations-manager-german-speaking-berlin-120709
senior-staff-ai-engineer-quality-evals-berlin-67239,"Senior/Staff AI Engineer, Quality & Evals (m/f/x)",Cortea AI,Berlin,False,Full Time,Engineering,1,2026-09-10,Arbeitnow,https://www.arbeitnow.com/jobs/companies/cortea-ai/senior-staff-ai-engineer-quality-evals-berlin-67239
senior-staff-platform-engineer-berlin-50406,Senior/Staff Platform Engineer (m/f/x),Cortea AI,Berlin,False,Full Time,Engineering,1,2026-09-10,Arbeitnow,https://www.arbeitnow.com/jobs/companies/cortea-ai/senior-staff-platform-engineer-berlin-50406
senior-staff-product-engineer-berlin-355765,Senior/Staff Product Engineer (m/f/x),Cortea AI,Berlin,False,Full Time,Engineering,1,2026-09-10,Arbeitnow,https://www.arbeitnow.com/jobs/companies/cortea-ai/senior-staff-product-engineer-berlin-355765
filialleitung-berlin-99921,Filialleitung,Autohaus Günther GmbH,Berlin,False,berufserfahren,"Management, Team Leader",2,2026-09-10,Arbeitnow,https://www.arbeitnow.com/jobs/companies/autohaus-gunther-gmbh/filialleitung-berlin-99921
videografin-performance-marketing-cologne-342432,Videograf:in - Performance Marketing (m/w/d),trafficdesign GmbH,Cologne,False,berufserfahren,Social Media Manager,1,2026-09-10,Arbeitnow,https://www.arbeitnow.com/jobs/companies/trafficdesign-gmbh/videografin-performance-marketing-cologne-342432
executive-search-consultant-gn-arbeitsvermittler-gn-frankfurt-am-main-39320,Executive Search Consultant (gn) - Arbeitsvermittler (gn),Annette Wittram - AWi Personalvermittlung und Bewerbercoaching,Frankfurt am Main,False,berufserfahren,Compensation and Benefits,1,2026-09-10,Arbeitnow,https://www.arbeitnow.com/jobs/companies/annette-wittram-awi-personalvermittlung-und-bewerbercoaching/executive-search-consultant-gn-arbeitsvermittler-gn-frankfurt-am-main-39320
sachbearbeiter-forderungsmanagement-stuttgart-97845,Sachbearbeiter Forderungsmanagement (m/w/d),Vertranium GmbH,Stuttgart,False,Full Time,Finance,1,2026-09-10,Arbeitnow,https://www.arbeitnow.com/jobs/companies/vertranium-gmbh/sachbearbeiter-forderungsmanagement-stuttgart-97845
niederlassungsleiterin-branch-managerin-am-standort-freiburg-freiburg-im-breisgau-115334,Niederlassungsleiter*in - Branch Manager*in am Standort Freiburg,Annette Wittram - AWi Personalvermittlung und Bewerbercoaching,Freiburg im Breisgau,False,Full Time,Compensation and Benefits,1,2026-09-10,Arbeitnow,https://www.arbeitnow.com/jobs/companies/annette-wittram-awi-personalvermittlung-und-bewerbercoaching/niederlassungsleiterin-branch-managerin-am-standort-freiburg-freiburg-im-breisgau-115334
area-managerin-regionalleiterin-baden-wurttemberg-mannheim-31937,Area Manager*in / Regionalleiter*in Baden-Württemberg,Annette Wittram - AWi Personalvermittlung und Bewerbercoaching,Mannheim,False,Full Time,"Management, Team Leader",2,2026-09-10,Arbeitnow,https://www.arbeitnow.com/jobs/companies/annette-wittram-awi-personalvermittlung-und-bewerbercoaching/area-managerin-regionalleiterin-baden-wurttemberg-mannheim-31937
remote-senior-system-engineer-bonn-454101,Senior System Engineer (m/w/d),virtual7 GmbH,Homeoffice,True,"Experienced, freelance","Customer Cluster Defense & Public Security, Remote",2,2026-09-10,Arbeitnow,https://www.arbeitnow.com/jobs/companies/virtual7-gmbh/remote-senior-system-engineer-bonn-454101
senior-fullstack-developer-hamburg-161078,Senior Fullstack Developer (m/w/d),virtual7 GmbH,"Hamburg, Hamburg, Deutschland",False,"Experienced, fulltime permanent",Customer Cluster Finance,1,2026-09-10,Arbeitnow,https://www.arbeitnow.com/jobs/companies/virtual7-gmbh/senior-fullstack-developer-hamburg-161078
produktmanager-qualitatsmanager-tettenweis-233783,Produktmanager / Qualitätsmanager (m/w/d),Armstark Handels-GmbH,"Tettenweis, Bayern, Deutschland",False,"Mid, fulltime permanent",Produktmanagement,1,2026-09-10,Arbeitnow,https://www.arbeitnow.com/jobs/companies/armstark-handels-gmbh/produktmanager-qualitatsmanager-tettenweis-233783
remote-business-analyst-product-owner-germany-407971,Business Analyst / Product Owner,Trinetix,Germany,True,Full Time,"Information Technology and Services, Remote",2,2026-09-10,Arbeitnow,https://www.arbeitnow.com/jobs/companies/trinetix/remote-business-analyst-product-owner-germany-407971
working-student-release-support-and-automation-munchen-285528,Working Student – Release Support and Automation,Snke,München,False,"Student, Intern, Part time",,0,2026-09-10,Arbeitnow,https://www.arbeitnow.com/jobs/companies/snke/working-student-release-support-and-automation-munchen-285528
working-student-customer-service-support-munchen-87700,Working Student - Customer Service & Support,Snke,München,False,"Student, Intern, Part time",,0,2026-09-10,Arbeitnow,https://www.arbeitnow.com/jobs/companies/snke/working-student-customer-service-support-munchen-87700
werkstudent-praktikant-finance-accounting-munchen-82359,Werkstudent / Praktikant Finance & Accounting (m/w/d),Snke,München,False,"Student, Intern, Part time",,0,2026-09-10,Arbeitnow,https://www.arbeitnow.com/jobs/companies/snke/werkstudent-praktikant-finance-accounting-munchen-82359
senior-software-engineer-data-munchen-208960,Senior Software Engineer - Data,Snke,München,False,"Experienced, Permanent, Full time",,0,2026-09-10,Arbeitnow,https://www.arbeitnow.com/jobs/companies/snke/senior-software-engineer-data-munchen-208960
senior-machine-learning-engineer-video-ai-munchen-24968,Senior Machine Learning Engineer – Video AI,Snke,München,False,"Experienced, Permanent, Full time",,0,2026-09-10,Arbeitnow,https://www.arbeitnow.com/jobs/companies/snke/senior-machine-learning-engineer-video-ai-munchen-24968
remote-senior-product-manager-all-genders-b2c-35303,Senior Product Manager (all genders) | B2C,Real Digital,Remote oder Köln / Darmstadt / Düsseldorf / Berlin,False,"Experienced, Permanent, Full or part time","product, product management, strategy, roadmap, B2C",5,2026-09-10,Arbeitnow,https://www.arbeitnow.com/jobs/companies/real-digital/remote-senior-product-manager-all-genders-b2c-35303
remote-senior-full-stack-engineer-all-genders-backend-or-frontend-focus-382606,Senior Full-Stack Engineer (all genders) | Backend or Frontend Focus,Real Digital,Remote oder Köln / Darmstadt / Düsseldorf / Berlin,False,"Experienced, Permanent, Full or part time","EN, Software Engineering, Elasticsearch, Search Engine, Search Engineer, ELK",6,2026-09-10,Arbeitnow,https://www.arbeitnow.com/jobs/companies/real-digital/remote-senior-full-stack-engineer-all-genders-backend-or-frontend-focus-382606
remote-senior-devops-engineer-all-genders-data-platform-180543,Senior DevOps Engineer (all genders) | Data Platform,Real Digital,Remote oder Köln / Darmstadt / Düsseldorf / Berlin,False,"Experienced, Permanent, Full or part time",Data Engineering,1,2026-09-10,Arbeitnow,https://www.arbeitnow.com/jobs/companies/real-digital/remote-senior-devops-engineer-all-genders-data-platform-180543
remote-senior-ux-researcher-all-genders-105505,(Senior) UX Researcher (all genders),Real Digital,Remote oder Köln / Darmstadt / Düsseldorf / Berlin,False,"Experienced, Permanent, Full or part time",,0,2026-09-10,Arbeitnow,https://www.arbeitnow.com/jobs/companies/real-digital/remote-senior-ux-researcher-all-genders-105505
remote-senior-business-automation-developer-all-genders-i-international-64495,(Senior) Business Automation Developer (all genders) I International,Real Digital,Remote oder Köln / Darmstadt / Düsseldorf / Berlin,False,"Experienced, Permanent, Full or part time","DE, business Automation, AI, KI, LLM, International",6,2026-09-10,Arbeitnow,https://www.arbeitnow.com/jobs/companies/real-digital/remote-senior-business-automation-developer-all-genders-i-international-64495
infrastructure-engineer-deployments-munich-307093,Infrastructure Engineer - Deployments (d/f/m),Arculus,Munich,False,"Experienced, Permanent, Full time",Infrastructure,1,2026-09-10,Arbeitnow,https://www.arbeitnow.com/jobs/companies/arculus/infrastructure-engineer-deployments-munich-307093
senior-business-consultant-servicenow-mit-schwerpunkt-crm-csm-munchen-293068,Senior Business Consultant ServiceNow mit Schwerpunkt CRM/CSM (m/w/d),Sti,München,False,"Experienced, Permanent, Full time","CRM, Beratung, Projektleiter, ServiceNow, CSM, Konfiguration",6,2026-09-10,Arbeitnow,https://www.arbeitnow.com/jobs/companies/sti/senior-business-consultant-servicenow-mit-schwerpunkt-crm-csm-munchen-293068
remote-werkstudentin-simulation-application-engineering-174945,Werkstudent:in Simulation & Application Engineering (m/w/d),Simcon,Deutschland Remote,False,"Student, Working student, Part time",,0,2026-09-10,Arbeitnow,https://www.arbeitnow.com/jobs/companies/simcon/remote-werkstudentin-simulation-application-engineering-174945
senior-product-owner-program-manager-hamburg-338884,Senior Product Owner / Program Manager (m/f/d),Oh So,Hamburg,False,"Experienced, Permanent, Full time",,0,2026-09-10,Arbeitnow,https://www.arbeitnow.com/jobs/companies/oh-so/senior-product-owner-program-manager-hamburg-338884
senior-social-media-video-editor-berlin-259192,(Senior) Social Media & Video Editor (m/w/d),Friendventure,Berlin,False,"Experienced, Permanent, Full time","Social Media, Video, Adobe",3,2026-09-10,Arbeitnow,https://www.arbeitnow.com/jobs/companies/friendventure/senior-social-media-video-editor-berlin-259192
senior-social-media-video-editor-koln-375912,(Senior) Social Media & Video Editor (m/w/d),Friendventure,Köln,False,"Experienced, Permanent, Full time","Social Media, Video, Adobe",3,2026-09-10,Arbeitnow,https://www.arbeitnow.com/jobs/companies/friendventure/senior-social-media-video-editor-koln-375912
senior-account-manager-berlin-387292,(Senior) Account Manager (m/w/d),Friendventure,Berlin,False,"Experienced, Permanent, Full time","Account Management, Social Media, Social-Ads, Performance-Ads, Performance",5,2026-09-10,Arbeitnow,https://www.arbeitnow.com/jobs/companies/friendventure/senior-account-manager-berlin-387292
senior-account-manager-koln-26581,(Senior) Account Manager (m/w/d),Friendventure,Köln,False,"Experienced, Permanent, Full time","Account Management, Social Media, Social-Ads, Performance-Ads, Performance",5,2026-09-10,Arbeitnow,https://www.arbeitnow.com/jobs/companies/friendventure/senior-account-manager-koln-26581
projektleitung-versicherungs-software-all-genders-munchen-76579,Projektleitung Versicherungs-Software (all Genders),Global Side Gmbh,München,False,"Experienced, Permanent, Full time","Projektmanagement, IT, Consulting, Implementierung, Software, private Krankenversicherung, Beihilfe, PKV, Versicherung",9,2026-09-10,Arbeitnow,https://www.arbeitnow.com/jobs/companies/global-side-gmbh/projektleitung-versicherungs-software-all-genders-munchen-76579
it-administrator-operativer-betrieb-devops-all-genders-munchen-388224,IT Administrator – operativer Betrieb & DevOps (all Genders),Global Side Gmbh,München,False,"Experienced, Permanent, Full or part time","IT admin, admin, netzwerk, infrastruktur, devops",5,2026-09-10,Arbeitnow,https://www.arbeitnow.com/jobs/companies/global-side-gmbh/it-administrator-operativer-betrieb-devops-all-genders-munchen-388224
director-public-sales-berlin-449999,Director Public Sales (d/w/m),Rulemapping,Berlin,False,"Experienced, Permanent, Full time","sales, public sector, government, saas, business development",5,2026-09-10,Arbeitnow,https://www.arbeitnow.com/jobs/companies/rulemapping/director-public-sales-berlin-449999
working-student-marketing-b2b-saas-startup-berlin-206190,Working Student Marketing (B2B SaaS Startup),Traide Ai,Berlin,False,"Entry, Intern, Part time",,0,2026-09-10,Arbeitnow,https://www.arbeitnow.com/jobs/companies/traide-ai/working-student-marketing-b2b-saas-startup-berlin-206190
senior-product-designer-b2b-saas-startup-berlin-378223,Senior Product Designer (B2B SaaS Startup),Traide Ai,Berlin,False,"Experienced, Permanent, Full time",,0,2026-09-10,Arbeitnow,https://www.arbeitnow.com/jobs/companies/traide-ai/senior-product-designer-b2b-saas-startup-berlin-378223
data-analystin-fundraising-berlin-418251,Data Analyst:in Fundraising (m/w/d),Albert Schweitzer Stiftung,Berlin,False,"Experienced, Permanent, Full time","Data Analyst, Fundraising, NGO, Tierschutz, Data Science, Digital Fundraising, Non Profit",7,2026-09-10,Arbeitnow,https://www.arbeitnow.com/jobs/companies/albert-schweitzer-stiftung/data-analystin-fundraising-berlin-418251
werkstudent-im-projekt-und-accountmanagement-im-facility-management-essen-326446,Werkstudent im Projekt- und Accountmanagement (m/w/d) im Facility Management,Es Group,Essen,False,"Student, Working student, Part time","Werkstudent Projektmanagement, Werkstudent Account Management, Werkstudent Facility Management, Werkstudent Facility Services, Werkstudent kaufmännischer Bereich, Studentische Hilfskraft Facility Services",6,2026-09-10,Arbeitnow,https://www.arbeitnow.com/jobs/companies/es-group/werkstudent-im-projekt-und-accountmanagement-im-facility-management-essen-326446
chief-of-staff-stragegie-operations-berlin-193300,Chief of Staff - Stragegie & Operations (m/w/d),Es Group,Berlin,False,"Experienced, Permanent, Full time",,0,2026-09-10,Arbeitnow,https://www.arbeitnow.com/jobs/companies/es-group/chief-of-staff-stragegie-operations-berlin-193300
praktikum-im-bereich-social-media-und-influencer-marketing-berlin-103520,Praktikum im Bereich Social Media und Influencer Marketing,HOLZRICHTER Berlin,Berlin,False,Internship,Social Media Manager,1,2026-09-10,Arbeitnow,https://www.arbeitnow.com/jobs/companies/holzrichter-berlin/praktikum-im-bereich-social-media-und-influencer-marketing-berlin-103520
projektleiter-wasserloschanlagen-sprinkleranlagen-gladbeck-14169,Projektleiter Wasserlöschanlagen / Sprinkleranlagen (m/w/d),Riverstate Premium Recruiting,Gladbeck,False,berufserfahren,"Building, Supply, Safety Services Engineering",3,2026-09-10,Arbeitnow,https://www.arbeitnow.com/jobs/companies/riverstate-premium-recruiting/projektleiter-wasserloschanlagen-sprinkleranlagen-gladbeck-14169
hauptbuchhalter-in-hamburg-395431,Hauptbuchhalter/in (m/w/d),Waldemar Link GmbH & Co. KG,Hamburg,False,berufserfahren,Finance,1,2026-09-10,Arbeitnow,https://www.arbeitnow.com/jobs/companies/waldemar-link-gmbh-co-kg/hauptbuchhalter-in-hamburg-395431
ai-engineer-implementation-consulting-frankfurt-am-main-268365,AI Engineer (m/w/d) - Implementation & Consulting,Feldion GmbH,Frankfurt am Main,False,berufserfahren,"Consulting, Engineering",2,2026-09-12,Arbeitnow,https://www.arbeitnow.com/jobs/companies/feldion-gmbh/ai-engineer-implementation-consulting-frankfurt-am-main-268365
werkstudent-it-im-bereich-informatik-und-webentwicklung-stuttgart-478368,Werkstudent IT im Bereich Informatik und Webentwicklung (m/w/d),Agentur Anmut GmbH,Stuttgart,False,Working student,Web Development,1,2026-09-10,Arbeitnow,https://www.arbeitnow.com/jobs/companies/agentur-anmut-gmbh/werkstudent-it-im-bereich-informatik-und-webentwicklung-stuttgart-478368
technischer-vertriebsmitarbeiter-wasserloschanlagen-60-90k-gladbeck-144176,Technischer Vertriebsmitarbeiter Wasserlöschanlagen (m/w/d) 60-90k,Riverstate Premium Recruiting,Gladbeck,False,berufserfahren,"Building, Supply, Safety Services Engineering",3,2026-09-10,Arbeitnow,https://www.arbeitnow.com/jobs/companies/riverstate-premium-recruiting/technischer-vertriebsmitarbeiter-wasserloschanlagen-60-90k-gladbeck-144176
senior-projektcontroller-munich-41266,(Senior) Projektcontroller (m/w/d),MY Humancapital GmbH,Munich,False,Full Time,Controlling,1,2026-09-10,Arbeitnow,https://www.arbeitnow.com/jobs/companies/my-humancapital-gmbh/senior-projektcontroller-munich-41266
ausbildung-mediengestalter-in-digital-und-print-digitalmedien-stuttgart-253360,Ausbildung Mediengestalter/in Digital und Print - Digitalmedien (m/w/d),Agentur Anmut GmbH,Stuttgart,False,Apprenticeship,Web Development,1,2026-09-10,Arbeitnow,https://www.arbeitnow.com/jobs/companies/agentur-anmut-gmbh/ausbildung-mediengestalter-in-digital-und-print-digitalmedien-stuttgart-253360
founding-engineer-atmo-berlin-based-hybrid-413678,Founding Engineer - atmo (Berlin-based / Hybrid),ATMO Technologies GmbH,Berlin,False,Full Time,Software Development,1,2026-09-10,Arbeitnow,https://www.arbeitnow.com/jobs/companies/atmo-technologies-gmbh/founding-engineer-atmo-berlin-based-hybrid-413678
servicetechniker-fur-schienenschmiersystemen-holzwickede-189330,Servicetechniker für Schienenschmiersystemen (m/w/d),PolyTALENT GmbH,Holzwickede,False,berufserfahren,IT,1,2026-09-10,Arbeitnow,https://www.arbeitnow.com/jobs/companies/polytalent-gmbh/servicetechniker-fur-schienenschmiersystemen-holzwickede-189330
it-systemadministrator-windows-cloud-infrastrukturen-burbach-317918,IT-Systemadministrator Windows & Cloud Infrastrukturen (m/w/d),Intercon Solutions GmbH,Burbach,False,Full Time,System and Network Administration,1,2026-09-10,Arbeitnow,https://www.arbeitnow.com/jobs/companies/intercon-solutions-gmbh/it-systemadministrator-windows-cloud-infrastrukturen-burbach-317918
erfahrener-it-systemadministrator-fur-internationales-und-modernes-unternehmen-gesucht-burbach-368145,Erfahrener IT-Systemadministrator (m/w/d) für internationales und modernes Unternehmen gesucht,Intercon Solutions GmbH,Burbach,False,Full Time,System and Network Administration,1,2026-09-10,Arbeitnow,https://www.arbeitnow.com/jobs/companies/intercon-solutions-gmbh/erfahrener-it-systemadministrator-fur-internationales-und-modernes-unternehmen-gesucht-burbach-368145
projektleiter-elektrotechnik-fur-anlagenautomatisierung-region-hamburg-oder-osnabruck-363655,Projektleiter Elektrotechnik (M/W/D) Für Anlagenautomatisierung (Region Hamburg Oder Osnabrück),Stephan Gräfer HR Consulting,Hamburg,False,Full Time,Engineering,1,2026-09-10,Arbeitnow,https://www.arbeitnow.com/jobs/companies/stephan-grafer-hr-consulting/projektleiter-elektrotechnik-fur-anlagenautomatisierung-region-hamburg-oder-osnabruck-363655
pflichtpraktikum-recruiting-braunschweig-20155,Pflichtpraktikum Recruiting (m/w/d),TecFox GmbH,Braunschweig,True,hilfstätigkeit / student,"Remote, Recruitment and Selection",2,2026-09-10,Arbeitnow,https://www.arbeitnow.com/jobs/companies/tecfox-gmbh/pflichtpraktikum-recruiting-braunschweig-20155
junior-marketplace-manager-grafschaft-367544,Junior Marketplace Manager (m/w/d),Nutrition-Plus GmbH,Grafschaft,True,Full Time,"Remote, Online Marketing",2,2026-09-10,Arbeitnow,https://www.arbeitnow.com/jobs/companies/nutrition-plus-gmbh/junior-marketplace-manager-grafschaft-367544
junior-risk-manager-frankfurt-am-main-459205,(Junior) Risk Manager,Tradias GmbH,Frankfurt am Main,False,Full Time,Finance,1,2026-09-10,Arbeitnow,https://www.arbeitnow.com/jobs/companies/tradias-gmbh/junior-risk-manager-frankfurt-am-main-459205
logistikcontroller-stuttgart-342023,Logistikcontroller (m/w/d),fenster.com,Stuttgart,False,berufserfahren,Controlling,1,2026-09-10,Arbeitnow,https://www.arbeitnow.com/jobs/companies/fenstercom/logistikcontroller-stuttgart-342023
pflichtpraktikum-social-media-fur-eine-rap-kunstlerin-magdeburg-368316,Remote Pflichtpraktikum im Social Media & Digital Marketing für eine Rap-Künstlerin,[Mady Host] | Frau Host - Independent Artist & Creative Business,Magdeburg,True,Internship,"Remote, Online Marketing",2,2026-09-11,Arbeitnow,https://www.arbeitnow.com/jobs/companies/mady-host-frau-host-independent-artist-creative-business/pflichtpraktikum-social-media-fur-eine-rap-kunstlerin-magdeburg-368316
geschaftsfuhrer-quereinsteiger-franchise-partner-franchise-nehmer-selbststandiger-unternehmer-fur-den-standort-ludwigshafen-393024,Geschäftsführer / Quereinsteiger / Franchise-Partner / Franchise-Nehmer / Selbstständiger / Unternehmer für den Standort Ludwigshafen (m/w/d),Pflegehelden Franchise GmbH,Ludwigshafen,False,Freelance,"Management, Team Leader",2,2026-09-10,Arbeitnow,https://www.arbeitnow.com/jobs/companies/pflegehelden-franchise-gmbh/geschaftsfuhrer-quereinsteiger-franchise-partner-franchise-nehmer-selbststandiger-unternehmer-fur-den-standort-ludwigshafen-393024
mitarbeiter-service-it-software-ki-freiburg-im-breisgau-110439,"Mitarbeiter Service (m/w/d) - IT, Software & KI",SIDOUN International GmbH,Freiburg im Breisgau,False,Full Time,Customer Service,1,2026-09-10,Arbeitnow,https://www.arbeitnow.com/jobs/companies/sidoun-international-gmbh/mitarbeiter-service-it-software-ki-freiburg-im-breisgau-110439
frontend-software-developer-webstack-regensburg-95321,Frontend Software Developer - Webstack (m/w/d),Hallo Welt! GmbH,Regensburg,False,Full Time,Software Development,1,2026-09-10,Arbeitnow,https://www.arbeitnow.com/jobs/companies/hallo-welt-gmbh/frontend-software-developer-webstack-regensburg-95321
quereinsteiger-copywriter-werbetexte-dusseldorf-113670,Quereinsteiger Copywriter/Werbetexte (m/w/d),Rügamer & Steiner Consulting GmbH,Düsseldorf,False,Full Time,Marketing Manager,1,2026-09-10,Arbeitnow,https://www.arbeitnow.com/jobs/companies/rugamer-steiner-consulting-gmbh/quereinsteiger-copywriter-werbetexte-dusseldorf-113670
quereinsteiger-design-dusseldorf-302876,Quereinsteiger Design (m/w/d),Rügamer & Steiner Consulting GmbH,Düsseldorf,False,Full Time,Marketing Manager,1,2026-09-10,Arbeitnow,https://www.arbeitnow.com/jobs/companies/rugamer-steiner-consulting-gmbh/quereinsteiger-design-dusseldorf-302876
quereinsteiger-e-commerce-dusseldorf-128760,Quereinsteiger E-Commerce (m/w/d),Rügamer & Steiner Consulting GmbH,Düsseldorf,False,Full Time,Marketing Manager,1,2026-09-10,Arbeitnow,https://www.arbeitnow.com/jobs/companies/rugamer-steiner-consulting-gmbh/quereinsteiger-e-commerce-dusseldorf-128760
quereinsteiger-marketing-dusseldorf-252929,Quereinsteiger Marketing (m/w/d),Rügamer & Steiner Consulting GmbH,Düsseldorf,False,Full Time,Marketing Manager,1,2026-09-10,Arbeitnow,https://www.arbeitnow.com/jobs/companies/rugamer-steiner-consulting-gmbh/quereinsteiger-marketing-dusseldorf-252929
praktikum-fur-studierende-junior-consultant-marketing-mwd-tubingen-50387,"Praktikum für Studierende: Junior Consultant Marketing (m,w,d)",Neckar Hub,Tübingen,False,Internship,Marketing and Communication,1,2026-09-10,Arbeitnow,https://www.arbeitnow.com/jobs/companies/neckar-hub/praktikum-fur-studierende-junior-consultant-marketing-mwd-tubingen-50387
backend-developer-datenmigration-regensburg-6104,Backend Developer Datenmigration (m/w/d),Hallo Welt! GmbH,Regensburg,False,Full Time,Software Development,1,2026-09-10,Arbeitnow,https://www.arbeitnow.com/jobs/companies/hallo-welt-gmbh/backend-developer-datenmigration-regensburg-6104
remote-part-time-media-search-analyst-german-de-berlin-78860,Remote Part-time Media Search Analyst - German (DE),TELUS Digital,Berlin,True,"Freelance, professional / experienced","Remote, Business Intelligence",2,2026-09-10,Arbeitnow,https://www.arbeitnow.com/jobs/companies/telus-digital/remote-part-time-media-search-analyst-german-de-berlin-78860
it-servicetechniker-onsite-support-standort-berlin-darmstadt-126985,IT Servicetechniker Onsite Support (w/m/d) - Standort Berlin,SAC GmbH,Darmstadt,False,Full Time,Helpdesk,1,2026-09-10,Arbeitnow,https://www.arbeitnow.com/jobs/companies/sac-gmbh/it-servicetechniker-onsite-support-standort-berlin-darmstadt-126985
senior-analytics-engineer-run-grow-berlin-359633,Senior Analytics Engineer - Run & Grow,sumup,Berlin,False,Full Time,Data Engineer/Scientist,1,2026-09-10,Arbeitnow,https://www.arbeitnow.com/jobs/companies/sumup/senior-analytics-engineer-run-grow-berlin-359633
backend-engineer-golang-transfers-eu-berlin-291024,Backend Engineer (Golang) - Transfers EU,sumup,Berlin,False,Full Time,Backend,1,2026-09-10,Arbeitnow,https://www.arbeitnow.com/jobs/companies/sumup/backend-engineer-golang-transfers-eu-berlin-291024
remote-staff-lead-software-developer-ai-agents-integrations-435211,Staff/Lead Software Developer (AI Agents & Integrations),jetbrains,Berlin; Munich; Remote,False,Full Time,C/C++ Ecosystem,1,2026-09-10,Arbeitnow,https://www.arbeitnow.com/jobs/companies/jetbrains/remote-staff-lead-software-developer-ai-agents-integrations-435211
remote-staff-ai-engineer-developer-tools-237775,Staff  AI Engineer- Developer Tools,jetbrains,Berlin; Munich; Remote,False,Full Time,C/C++ Ecosystem,1,2026-09-10,Arbeitnow,https://www.arbeitnow.com/jobs/companies/jetbrains/remote-staff-ai-engineer-developer-tools-237775
remote-software-developer-for-thinkrail-innovation-hub-463531,Software Developer for ThinkRail (Innovation Hub),jetbrains,Berlin; Munich; Remote,False,Full Time,Bonsai,1,2026-09-10,Arbeitnow,https://www.arbeitnow.com/jobs/companies/jetbrains/remote-software-developer-for-thinkrail-innovation-hub-463531
remote-senior-test-automation-engineer-teamcity-138995,Senior Test Automation Engineer (TeamCity),jetbrains,Berlin; Munich; Remote,False,Full Time,TeamCity,1,2026-09-10,Arbeitnow,https://www.arbeitnow.com/jobs/companies/jetbrains/remote-senior-test-automation-engineer-teamcity-138995
remote-senior-enterprise-account-executive-new-business-54601,Senior Enterprise Account Executive - New Business,jetbrains,Berlin; Munich; Remote,False,Full Time,Live Debugger,1,2026-09-10,Arbeitnow,https://www.arbeitnow.com/jobs/companies/jetbrains/remote-senior-enterprise-account-executive-new-business-54601
senior-talent-acquisition-partner-people-experience-europe-berlin-27390,(Senior) Talent Acquisition Partner (m/w/d) - People eXperience,sonymusicentertainment,Remote,True,Full Time,SME Germany,1,2026-09-10,Arbeitnow,https://www.arbeitnow.com/jobs/companies/sonymusicentertainment/senior-talent-acquisition-partner-people-experience-europe-berlin-27390
senior-grc-analyst-mfx-berlin-berlin-357788,"Senior GRC Analyst (m,f,x)",hellofresh,"Berlin, Berlin",False,Full Time,Tech,1,2026-09-10,Arbeitnow,https://www.arbeitnow.com/jobs/companies/hellofresh/senior-grc-analyst-mfx-berlin-berlin-357788
senior-director-health-safety-operations-europe-berlin-berlin-262094,"Senior Director, Health & Safety Operations Europe",hellofresh,"Berlin, Berlin",False,Full Time,Supply Chain Management & Operations,1,2026-09-10,Arbeitnow,https://www.arbeitnow.com/jobs/companies/hellofresh/senior-director-health-safety-operations-europe-berlin-berlin-262094
robotics-software-engineer-grasping-munich-277308,Robotics Software Engineer - Grasping,intrinsicrobotics,Munich,False,Full Time,Engineering,1,2026-09-10,Arbeitnow,https://www.arbeitnow.com/jobs/companies/intrinsicrobotics/robotics-software-engineer-grasping-munich-277308
warehouse-trainer-bischofsheim-496554,Warehouse Trainer (m/w/d),Rohlik,"Bischofsheim bei Frankfurt, Germany",False,Full Time,Operations & Supply Chain,1,2026-09-10,Arbeitnow,https://www.arbeitnow.com/jobs/companies/rohlik/warehouse-trainer-bischofsheim-496554
warehouse-trainer-garching-bei-munchen-408331,Warehouse Trainer (m/w/d),Rohlik,"Garching bei München, Germany",False,Full Time,Operations & Supply Chain,1,2026-09-10,Arbeitnow,https://www.arbeitnow.com/jobs/companies/rohlik/warehouse-trainer-garching-bei-munchen-408331
warehouse-trainer-garching-bei-munchen-63606,Warehouse Trainer (m/w/d),Rohlik,"Garching bei München, Germany",False,Full Time,Operations & Supply Chain,1,2026-09-10,Arbeitnow,https://www.arbeitnow.com/jobs/companies/rohlik/warehouse-trainer-garching-bei-munchen-63606
warehouse-trainer-bischofsheim-403498,Warehouse Trainer (m/w/d),Rohlik,"Bischofsheim bei Frankfurt, Germany",False,Full Time,Operations & Supply Chain,1,2026-09-10,Arbeitnow,https://www.arbeitnow.com/jobs/companies/rohlik/warehouse-trainer-bischofsheim-403498
it-systemadministrator-moderne-it-flexible-arbeitszeiten-viel-homeoffice-lilienthal-435124,"IT-Systemadministrator - moderne IT, flexible Arbeitszeiten & viel Homeoffice (m/w/d)",Intercon Solutions GmbH,Lilienthal,False,Full Time,System and Network Administration,1,2026-09-10,Arbeitnow,https://www.arbeitnow.com/jobs/companies/intercon-solutions-gmbh/it-systemadministrator-moderne-it-flexible-arbeitszeiten-viel-homeoffice-lilienthal-435124
it-systemadministrator-50-remote-inhouse-bremen-114879,IT-Systemadministrator 50% remote Inhouse (m/w/d),Intercon Solutions GmbH,Bremen,False,Full Time,System and Network Administration,1,2026-09-10,Arbeitnow,https://www.arbeitnow.com/jobs/companies/intercon-solutions-gmbh/it-systemadministrator-50-remote-inhouse-bremen-114879
pflichtpraktikum-social-media-marketing-heilbronnlebt-94379,Pflichtpraktikum: Social-Media Marketing - Heilbronnlebt,Heilbronnlebt.de,Heilbronn,False,Internship,Social Media Manager,1,2026-09-10,Arbeitnow,https://www.arbeitnow.com/jobs/companies/heilbronnlebtde/pflichtpraktikum-social-media-marketing-heilbronnlebt-94379
growth-marketing-manager-performance-marketing-cologne-226571,Growth Marketing Manager - Performance Marketing (m/f/d),Placetel,Cologne,False,professional / experienced,Online Marketing,1,2026-09-10,Arbeitnow,https://www.arbeitnow.com/jobs/companies/placetel/growth-marketing-manager-performance-marketing-cologne-226571
chief-executive-officer-gn-healthcare-plattform-dusseldorf-193409,Chief Executive Officer (gn) Healthcare Plattform,prötzl executive search,Düsseldorf,False,geschäftsleitung,"Directors, Chief Executives",2,2026-09-10,Arbeitnow,https://www.arbeitnow.com/jobs/companies/protzl-executive-search/chief-executive-officer-gn-healthcare-plattform-dusseldorf-193409
remote-working-student-growth-strategy-karlsruhe-29309,"Working Student, Growth & Strategy (m/f/d)",Chaos,Remote job,True,"Entry, parttime minijob","Sales, Remote",2,2026-09-10,Arbeitnow,https://www.arbeitnow.com/jobs/companies/chaos/remote-working-student-growth-strategy-karlsruhe-29309
werkstudent-pmo-all-genders-hamburg-1437,Werkstudent PMO (all genders),Apoprojekt,Hamburg,False,"Student, Intern, Part time",,0,2026-09-10,Arbeitnow,https://www.arbeitnow.com/jobs/companies/apoprojekt/werkstudent-pmo-all-genders-hamburg-1437
senior-product-designer-munchen-192082,Senior Product Designer (m/f/d),Impower,München,False,"Experienced, Permanent, Full time",,0,2026-09-10,Arbeitnow,https://www.arbeitnow.com/jobs/companies/impower/senior-product-designer-munchen-192082
senior-beraterin-und-programm-managerin-kooperationen-collective-impact-berlin-83223,Senior Berater*in und Programm-Manager*in Kooperationen & Collective Impact (m/w/d),Phineo,Berlin,False,"Experienced, Temporary, Full or part time","Beratung, Kooperationen, Collective Impact",3,2026-09-10,Arbeitnow,https://www.arbeitnow.com/jobs/companies/phineo/senior-beraterin-und-programm-managerin-kooperationen-collective-impact-berlin-83223
working-student-content-and-data-management-all-genders-berlin-42676,Working Student – Content and Data Management (all genders),Ctrl Qs,Berlin,False,"Student, Working student, Part time","Content management, PIM, CMS, Data management, DAM",5,2026-09-10,Arbeitnow,https://www.arbeitnow.com/jobs/companies/ctrl-qs/working-student-content-and-data-management-all-genders-berlin-42676
steuerfachangestellter-oder-fachinformatiker-schwerpunkt-kanzleiorganisation-datev-hamburg-270613,Steuerfachangestellter oder Fachinformatiker (m/w/d) Schwerpunkt Kanzleiorganisation & DATEV,Ba Tax Gmbh,Hamburg,False,"Experienced, Permanent, Full or part time","DATEV, Steuerfachangestellter, Steuerfachangestellte, Kanzleiorganisation, KOB, FAIT, IT, Systembetreuung, Fachinformatiker",9,2026-09-10,Arbeitnow,https://www.arbeitnow.com/jobs/companies/ba-tax-gmbh/steuerfachangestellter-oder-fachinformatiker-schwerpunkt-kanzleiorganisation-datev-hamburg-270613
senior-sap-consultant-real-estate-management-re-re-fx-berlin-227287,"Senior SAP Consultant (m/w/d) - Real Estate Management (RE, RE-FX)",Promos Consult Gmbh,Berlin,False,"Experienced, Permanent, Full or part time",,0,2026-09-10,Arbeitnow,https://www.arbeitnow.com/jobs/companies/promos-consult-gmbh/senior-sap-consultant-real-estate-management-re-re-fx-berlin-227287
senior-project-management-officer-berlin-104595,Senior Project Management Officer (m/w/d),Promos Consult Gmbh,Berlin,False,"Experienced, Permanent, Full or part time",,0,2026-09-10,Arbeitnow,https://www.arbeitnow.com/jobs/companies/promos-consult-gmbh/senior-project-management-officer-berlin-104595
werkstudentin-business-operations-hamburg-349354,Werkstudent:in Business Operations (m/w/d),Acture Germany,Hamburg,False,"Entry, Working student, Part time","Betriebliches Gesundheitmanagement, BGM, Betriebliche Gesundheitsförderung, BGF, Management, Business Operations",6,2026-09-10,Arbeitnow,https://www.arbeitnow.com/jobs/companies/acture-germany/werkstudentin-business-operations-hamburg-349354
managing-director-koln-18476,Managing Director (m/w/d),Acture Germany,Köln,False,"Executive, Permanent, Full time","Geschäftsführung, Unternehmensberatung, Diagnostik, Managementberatung, consulting, Organisationsentwicklung, Leadership Development, Change Management, Transformation, Personalentwicklung, Geschäftsentwicklung, Strategieentwicklung, Organisationsberatung, Managing Director, General Management, Management Team, Unternehmensführung, Wachstum",18,2026-09-10,Arbeitnow,https://www.arbeitnow.com/jobs/companies/acture-germany/managing-director-koln-18476
remote-werkstudentin-public-sector-ki-strategie-innovation-berlin-376664,Werkstudent*in Public Sector - KI Strategie & Innovation,Dida,Berlin,True,"Entry, Intern, Part time","eGov, Innovation, Digitaler Staat, Machine Learning, Tech, Berlin, Hybrid, Remote, Egovernment, Public Sector, Politik, Behörden, Staat, Akquise, AI, KI, Artificial Intelligence, StartUp, Agentur, Öffentliche Stakeholder, Öffentlichkeitsarbeit, EU, Bund, Länder, Werkstudent, Public Services",26,2026-09-10,Arbeitnow,https://www.arbeitnow.com/jobs/companies/dida/remote-werkstudentin-public-sector-ki-strategie-innovation-berlin-376664
werkstudentin-information-security-awareness-automation-munchen-499257,Werkstudent*in Information Security Awareness & Automation,QAware GmbH,München,False,"Student, Intern, Part time","Informationssicherheit, Cyber Security, IT-Sicherheit, Datenschutz, ISO 27001, TISAX",6,2026-09-10,Arbeitnow,https://www.arbeitnow.com/jobs/companies/qaware-gmbh/werkstudentin-information-security-awareness-automation-munchen-499257
senior-implementation-specialist-digital-analytics-munich-118308,Senior Implementation Specialist Digital Analytics (w/m/d),FELD M,Munich,False,"Experienced, Permanent, Full or part time","implementation, data layer, web tracking, digital analytics",4,2026-09-10,Arbeitnow,https://www.arbeitnow.com/jobs/companies/feld-m/senior-implementation-specialist-digital-analytics-munich-118308
creative-strategist-paid-social-cologne-215991,Creative Strategist - Paid Social (m/f/d),Placetel,Cologne,False,Full Time,Online Marketing,1,2026-09-10,Arbeitnow,https://www.arbeitnow.com/jobs/companies/placetel/creative-strategist-paid-social-cologne-215991
pflichtpraktikum-als-crm-manager-fur-b2b-software-bochum-240709,Pflichtpraktikum als CRM-Manager für B2B Software (m/w/d),CENDAS GmbH,Bochum,True,Internship,"Remote, CRM, Direct Marketing",3,2026-09-10,Arbeitnow,https://www.arbeitnow.com/jobs/companies/cendas-gmbh/pflichtpraktikum-als-crm-manager-fur-b2b-software-bochum-240709
database-administrator-starnberg-345484,Database Administrator (m/w/d),hubside - Die Recruitingwerkstatt,Starnberg,False,berufserfahren,IT,1,2026-09-10,Arbeitnow,https://www.arbeitnow.com/jobs/companies/hubside-die-recruitingwerkstatt/database-administrator-starnberg-345484
softwarearchitekt-cnet-starnberg-322230,Softwarearchitekt (m/w/d) C#.NET,hubside - Die Recruitingwerkstatt,Starnberg,False,berufserfahren,IT,1,2026-09-10,Arbeitnow,https://www.arbeitnow.com/jobs/companies/hubside-die-recruitingwerkstatt/softwarearchitekt-cnet-starnberg-322230
chief-executive-officer-gn-maschinenbau-bielefeld-39165,Chief Executive Officer (gn) Maschinenbau,prötzl executive search,Bielefeld,False,geschäftsleitung,"Directors, Chief Executives",2,2026-09-10,Arbeitnow,https://www.arbeitnow.com/jobs/companies/protzl-executive-search/chief-executive-officer-gn-maschinenbau-bielefeld-39165
growth-marketing-manager-automation-cologne-367694,Growth Marketing Manager - Automation (m/f/d),Placetel,Cologne,False,Full Time,Online Marketing,1,2026-09-10,Arbeitnow,https://www.arbeitnow.com/jobs/companies/placetel/growth-marketing-manager-automation-cologne-367694
remote-werkstudent-minijob-ikundenservice-flexible-arbeitszeiten-home-office-im-e-commerce-start-up-stuttgart-11900,Remote Werkstudent Kundenservice flexible Arbeitszeiten & Home Office im E-Commerce Start-up (m/w/d),Sayano Deutschland GmbH,Stuttgart,False,Working student,Administration,1,2026-09-11,Arbeitnow,https://www.arbeitnow.com/jobs/companies/sayano-deutschland-gmbh/remote-werkstudent-minijob-ikundenservice-flexible-arbeitszeiten-home-office-im-e-commerce-start-up-stuttgart-11900
finance-grants-manager-berlin-447220,Finance & Grants Manager,Seqana GmbH,Berlin,False,teamleitung,Finance,1,2026-09-10,Arbeitnow,https://www.arbeitnow.com/jobs/companies/seqana-gmbh/finance-grants-manager-berlin-447220
geschaftsleitung-reha-standard-sanitatshaus-kamp-lintfort-274732,Geschäftsleitung Reha-Standard & Sanitätshaus (m/w/d),VitalCentrum HODEY KG,Kamp-Lintfort,False,Full Time,"Management, Team Leader",2,2026-09-10,Arbeitnow,https://www.arbeitnow.com/jobs/companies/vitalcentrum-hodey-kg/geschaftsleitung-reha-standard-sanitatshaus-kamp-lintfort-274732
reparatur-und-logistikmitarbeiter-tumi-store-munchen-munich-323674,Reparatur- und Logistikmitarbeiter (m/w/d) TUMI Store München,TUMI,Munich,False,Full Time,Customer Service,1,2026-09-10,Arbeitnow,https://www.arbeitnow.com/jobs/companies/tumi/reparatur-und-logistikmitarbeiter-tumi-store-munchen-munich-323674
datev-techniker-operations-manager-remote-vollzeit-teilzeit-munich-18836,"DATEV Techniker & Operations Manager (m/w/d) Remote, Vollzeit/Teilzeit",Jessyworks,Munich,True,Full Time,"Remote, System and Network Administration",2,2026-09-10,Arbeitnow,https://www.arbeitnow.com/jobs/companies/jessyworks/datev-techniker-operations-manager-remote-vollzeit-teilzeit-munich-18836
people-operations-manager-berlin-16394,People & Operations Manager,Seqana GmbH,Berlin,False,berufserfahren,Administration,1,2026-09-10,Arbeitnow,https://www.arbeitnow.com/jobs/companies/seqana-gmbh/people-operations-manager-berlin-16394
mitarbeiter-buchungsmanagement-gasteservice-vorstetten-443652,Mitarbeiter Buchungsmanagement & Gästeservice (m/w/d),Homery Living GmbH,Vörstetten,False,berufserfahren,Business Operations,1,2026-09-10,Arbeitnow,https://www.arbeitnow.com/jobs/companies/homery-living-gmbh/mitarbeiter-buchungsmanagement-gasteservice-vorstetten-443652
senior-it-systems-engineer-windows-nuremberg-233950,Senior IT Systems Engineer Windows (m/w/d),noris network AG,Nuremberg,True,Full Time,"Remote, Applications Administration",2,2026-09-10,Arbeitnow,https://www.arbeitnow.com/jobs/companies/noris-network-ag/senior-it-systems-engineer-windows-nuremberg-233950
senior-azure-cloud-security-consultant-munich-165179,Senior Azure Cloud Security Consultant (m/w/d),NVISO,Munich,False,professional / experienced,IT Security,1,2026-09-10,Arbeitnow,https://www.arbeitnow.com/jobs/companies/nviso/senior-azure-cloud-security-consultant-munich-165179
privatkundenbetreuer-emden-246644,Privatkundenbetreuer (m/w/d),Ostfriesische Volksbank eG,Emden,False,Full Time,Private Banking,1,2026-09-10,Arbeitnow,https://www.arbeitnow.com/jobs/companies/ostfriesische-volksbank-eg/privatkundenbetreuer-emden-246644
senior-azure-cloud-security-consultant-frankfurt-am-main-331918,Senior Azure Cloud Security Consultant (m/w/d),NVISO,Frankfurt am Main,False,professional / experienced,IT Security,1,2026-09-10,Arbeitnow,https://www.arbeitnow.com/jobs/companies/nviso/senior-azure-cloud-security-consultant-frankfurt-am-main-331918
head-of-social-media-berlin-197387,Head of Social Media (m/w/d),RealStudio GmbH,Berlin,False,Full Time,Marketing and Communication,1,2026-09-10,Arbeitnow,https://www.arbeitnow.com/jobs/companies/realstudio-gmbh/head-of-social-media-berlin-197387
senior-creative-berlin-100209,Senior Creative (m/w/d),gocomo GmbH,Berlin,False,berufserfahren,Marketing and Communication,1,2026-09-10,Arbeitnow,https://www.arbeitnow.com/jobs/companies/gocomo-gmbh/senior-creative-berlin-100209
senior-creator-marketing-coordinator-berlin-222135,(Senior) Creator Marketing Coordinator (m/w/d),gocomo GmbH,Berlin,False,berufserfahren,Marketing and Communication,1,2026-09-10,Arbeitnow,https://www.arbeitnow.com/jobs/companies/gocomo-gmbh/senior-creator-marketing-coordinator-berlin-222135
projektmanager-wegerecht-und-flachensicherung-erneuerbare-energien-molbergen-476427,Projektmanager (m/w/d) Wegerecht und Flächensicherung - Erneuerbare Energien,Deutscher Bauservice GmbH,Molbergen,False,Full Time,Project Management,1,2026-09-10,Arbeitnow,https://www.arbeitnow.com/jobs/companies/deutscher-bauservice-gmbh/projektmanager-wegerecht-und-flachensicherung-erneuerbare-energien-molbergen-476427
test-manager-communication-management-berlin-81075,Test Manager Communication Management (m/w/d),citema systems GmbH,Berlin,False,berufserfahren,Software Development,1,2026-09-10,Arbeitnow,https://www.arbeitnow.com/jobs/companies/citema-systems-gmbh/test-manager-communication-management-berlin-81075
customer-support-manager-fur-kobold-frankfurt-am-main-49233,Customer Support Manager - für Kobold (m/w/d) | Frankfurt am Main,everii Group GmbH,Frankfurt am Main,False,Full Time,Helpdesk,1,2026-09-10,Arbeitnow,https://www.arbeitnow.com/jobs/companies/everii-group-gmbh/customer-support-manager-fur-kobold-frankfurt-am-main-49233
content-creator-dusseldorf-173263,Content Creator (m/w/d),Rügamer & Steiner Consulting GmbH,Düsseldorf,False,Full Time,Marketing Manager,1,2026-09-10,Arbeitnow,https://www.arbeitnow.com/jobs/companies/rugamer-steiner-consulting-gmbh/content-creator-dusseldorf-173263
shop-lead-shopify-e-commerce-hamburg-230354,Shop Lead (m/w/d) Shopify & E-Commerce,Qstar GmbH,Hamburg,False,berufserfahren,Online Marketing,1,2026-09-10,Arbeitnow,https://www.arbeitnow.com/jobs/companies/qstar-gmbh/shop-lead-shopify-e-commerce-hamburg-230354
servicetechniker-im-aussendienst-gn-kassel-24438,Servicetechniker im Außendienst (gn),Remmert GmbH,Kassel,False,Full Time,Engineering,1,2026-09-10,Arbeitnow,https://www.arbeitnow.com/jobs/companies/remmert-gmbh/servicetechniker-im-aussendienst-gn-kassel-24438
servicetechniker-im-aussendienst-gn-bremen-159842,Servicetechniker im Außendienst (gn),Remmert GmbH,Bremen,False,Full Time,Engineering,1,2026-09-10,Arbeitnow,https://www.arbeitnow.com/jobs/companies/remmert-gmbh/servicetechniker-im-aussendienst-gn-bremen-159842
ausbildung-zum-fachinformatiker-fur-systemintegration-010227-hamburg-299512,Ausbildung zum Fachinformatiker für Systemintegration (m/w/d) 01.02.27,sambus GmbH,Hamburg,False,"Apprenticeship, berufseinstieg",System and Network Administration,1,2026-09-10,Arbeitnow,https://www.arbeitnow.com/jobs/companies/sambus-gmbh/ausbildung-zum-fachinformatiker-fur-systemintegration-010227-hamburg-299512
praktikantin-business-development-berlin-339648,Praktikant:in Business Development (m/w/d),audibene,Berlin,False,Full Time,"Training, Development",2,2026-09-10,Arbeitnow,https://www.arbeitnow.com/jobs/companies/audibene/praktikantin-business-development-berlin-339648
servicetechniker-im-aussendienst-gn-gottingen-26126,Servicetechniker im Außendienst (gn),Remmert GmbH,Göttingen,False,Full Time,Engineering,1,2026-09-10,Arbeitnow,https://www.arbeitnow.com/jobs/companies/remmert-gmbh/servicetechniker-im-aussendienst-gn-gottingen-26126
servicetechniker-im-aussendienst-gn-braunschweig-168665,Servicetechniker im Außendienst (gn),Remmert GmbH,Braunschweig,False,Full Time,Engineering,1,2026-09-10,Arbeitnow,https://www.arbeitnow.com/jobs/companies/remmert-gmbh/servicetechniker-im-aussendienst-gn-braunschweig-168665
lead-software-engineer-berlin-250844,Lead Software Engineer (m/f/d),Novanta Europe GmbH,Berlin,False,manager,Software Development,1,2026-09-10,Arbeitnow,https://www.arbeitnow.com/jobs/companies/novanta-europe-gmbh/lead-software-engineer-berlin-250844
working-student-growth-strategy-karlsruhe-40031,"Working Student, Growth & Strategy (m/f/d)",Chaos,Karlsruhe,False,"Part-time minijob, entry","Sales, bachelor's degree",2,2026-09-10,Arbeitnow,https://www.arbeitnow.com/jobs/companies/chaos/working-student-growth-strategy-karlsruhe-40031
servicetechniker-im-aussendienst-gn-braunschweig-386153,Servicetechniker im Außendienst (gn),Remmert GmbH,Braunschweig,False,Full Time,Engineering,1,2026-09-10,Arbeitnow,https://www.arbeitnow.com/jobs/companies/remmert-gmbh/servicetechniker-im-aussendienst-gn-braunschweig-386153
servicetechniker-im-aussendienst-gn-hanover-274716,Servicetechniker im Außendienst (gn),Remmert GmbH,Hanover,False,Full Time,Engineering,1,2026-09-10,Arbeitnow,https://www.arbeitnow.com/jobs/companies/remmert-gmbh/servicetechniker-im-aussendienst-gn-hanover-274716
servicetechniker-im-aussendienst-gn-cologne-362734,Servicetechniker im Außendienst (gn),Remmert GmbH,Cologne,False,Full Time,Engineering,1,2026-09-10,Arbeitnow,https://www.arbeitnow.com/jobs/companies/remmert-gmbh/servicetechniker-im-aussendienst-gn-cologne-362734
servicetechniker-im-aussendienst-gn-essen-429499,Servicetechniker im Außendienst (gn),Remmert GmbH,Essen,False,Full Time,Engineering,1,2026-09-10,Arbeitnow,https://www.arbeitnow.com/jobs/companies/remmert-gmbh/servicetechniker-im-aussendienst-gn-essen-429499
servicetechniker-im-aussendienst-gn-dortmund-130342,Servicetechniker im Außendienst (gn),Remmert GmbH,Dortmund,False,Full Time,Engineering,1,2026-09-10,Arbeitnow,https://www.arbeitnow.com/jobs/companies/remmert-gmbh/servicetechniker-im-aussendienst-gn-dortmund-130342
servicetechniker-im-aussendienst-gn-rostock-205753,Servicetechniker im Außendienst (gn),Remmert GmbH,Rostock,False,Full Time,Engineering,1,2026-09-10,Arbeitnow,https://www.arbeitnow.com/jobs/companies/remmert-gmbh/servicetechniker-im-aussendienst-gn-rostock-205753
servicetechniker-im-aussendienst-gn-dessau-rosslau-329432,Servicetechniker im Außendienst (gn),Remmert GmbH,Dessau-Roßlau,False,Full Time,Engineering,1,2026-09-10,Arbeitnow,https://www.arbeitnow.com/jobs/companies/remmert-gmbh/servicetechniker-im-aussendienst-gn-dessau-rosslau-329432
servicetechniker-im-aussendienst-gn-magdeburg-398567,Servicetechniker im Außendienst (gn),Remmert GmbH,Magdeburg,False,Full Time,Engineering,1,2026-09-10,Arbeitnow,https://www.arbeitnow.com/jobs/companies/remmert-gmbh/servicetechniker-im-aussendienst-gn-magdeburg-398567
servicetechniker-im-aussendienst-gn-suhl-312360,Servicetechniker im Außendienst (gn),Remmert GmbH,Suhl,False,Full Time,Engineering,1,2026-09-10,Arbeitnow,https://www.arbeitnow.com/jobs/companies/remmert-gmbh/servicetechniker-im-aussendienst-gn-suhl-312360
servicetechniker-im-aussendienst-gn-eisenach-454467,Servicetechniker im Außendienst (gn),Remmert GmbH,Eisenach,False,Full Time,Engineering,1,2026-09-10,Arbeitnow,https://www.arbeitnow.com/jobs/companies/remmert-gmbh/servicetechniker-im-aussendienst-gn-eisenach-454467
servicetechniker-im-aussendienst-gn-erfurt-191683,Servicetechniker im Außendienst (gn),Remmert GmbH,Erfurt,False,Full Time,Engineering,1,2026-09-10,Arbeitnow,https://www.arbeitnow.com/jobs/companies/remmert-gmbh/servicetechniker-im-aussendienst-gn-erfurt-191683
servicetechniker-im-aussendienst-gn-jena-403179,Servicetechniker im Außendienst (gn),Remmert GmbH,Jena,False,Full Time,Engineering,1,2026-09-10,Arbeitnow,https://www.arbeitnow.com/jobs/companies/remmert-gmbh/servicetechniker-im-aussendienst-gn-jena-403179
it-support-specialist-weissensberg-223576,IT Support Specialist (m/w/d),tecnotron elektronik gmbh,Weißensberg,False,Full Time,Helpdesk,1,2026-09-10,Arbeitnow,https://www.arbeitnow.com/jobs/companies/tecnotron-elektronik-gmbh/it-support-specialist-weissensberg-223576
servicetechniker-im-aussendienst-gn-cottbus-483301,Servicetechniker im Außendienst (gn),Remmert GmbH,Cottbus,False,Full Time,Engineering,1,2026-09-10,Arbeitnow,https://www.arbeitnow.com/jobs/companies/remmert-gmbh/servicetechniker-im-aussendienst-gn-cottbus-483301
servicetechniker-im-aussendienst-gn-bautzen-376579,Servicetechniker im Außendienst (gn),Remmert GmbH,Bautzen,False,Full Time,Engineering,1,2026-09-10,Arbeitnow,https://www.arbeitnow.com/jobs/companies/remmert-gmbh/servicetechniker-im-aussendienst-gn-bautzen-376579
servicetechniker-im-aussendienst-gn-plauen-499195,Servicetechniker im Außendienst (gn),Remmert GmbH,Plauen,False,Full Time,Engineering,1,2026-09-10,Arbeitnow,https://www.arbeitnow.com/jobs/companies/remmert-gmbh/servicetechniker-im-aussendienst-gn-plauen-499195
servicetechniker-im-aussendienst-gn-leipzig-315954,Servicetechniker im Außendienst (gn),Remmert GmbH,Leipzig,False,Full Time,Engineering,1,2026-09-10,Arbeitnow,https://www.arbeitnow.com/jobs/companies/remmert-gmbh/servicetechniker-im-aussendienst-gn-leipzig-315954
servicetechniker-im-aussendienst-gn-dresden-141662,Servicetechniker im Außendienst (gn),Remmert GmbH,Dresden,False,Full Time,Engineering,1,2026-09-10,Arbeitnow,https://www.arbeitnow.com/jobs/companies/remmert-gmbh/servicetechniker-im-aussendienst-gn-dresden-141662
servicetechniker-im-aussendienst-gn-zwickau-139439,Servicetechniker im Außendienst (gn),Remmert GmbH,Zwickau,False,Full Time,Engineering,1,2026-09-10,Arbeitnow,https://www.arbeitnow.com/jobs/companies/remmert-gmbh/servicetechniker-im-aussendienst-gn-zwickau-139439
servicetechniker-im-aussendienst-gn-chemnitz-416221,Servicetechniker im Außendienst (gn),Remmert GmbH,Chemnitz,False,Full Time,Engineering,1,2026-09-10,Arbeitnow,https://www.arbeitnow.com/jobs/companies/remmert-gmbh/servicetechniker-im-aussendienst-gn-chemnitz-416221
it-forensiker-analysten-miwid-frankfurt-am-main-146608,IT-Forensiker / Analysten (mIwId),LeySelect GmbH,Frankfurt am Main,False,Full Time,IT Security,1,2026-09-10,Arbeitnow,https://www.arbeitnow.com/jobs/companies/leyselect-gmbh/it-forensiker-analysten-miwid-frankfurt-am-main-146608
creator-marketing-coordinator-berlin-277092,Creator Marketing Coordinator (m/w/d),gocomo GmbH,Berlin,False,berufserfahren,Marketing and Communication,1,2026-09-10,Arbeitnow,https://www.arbeitnow.com/jobs/companies/gocomo-gmbh/creator-marketing-coordinator-berlin-277092
lead-solutions-architect-munich-297257,Lead Solutions Architect,databricks,Munich,False,Full Time,Field Engineering - Other,1,2026-09-10,Arbeitnow,https://www.arbeitnow.com/jobs/companies/databricks/lead-solutions-architect-munich-297257
senior-key-account-managerin-berlin-berlin-78325,Senior Key Account Manager*in (d/w/m),toogoodtogo,"Berlin, Berlin",False,Full Time,Key Accounts,1,2026-09-10,Arbeitnow,https://www.arbeitnow.com/jobs/companies/toogoodtogo/senior-key-account-managerin-berlin-berlin-78325
senior-amazon-retail-media-consultant-356171,Senior Amazon Retail Media Consultant (d/f/m),dept,,False,Full Time,Retail Media/Marketplaces,1,2026-09-10,Arbeitnow,https://www.arbeitnow.com/jobs/companies/dept/senior-amazon-retail-media-consultant-356171
remote-senior-data-scientist-german-speaking-224551,Senior Data Scientist (German-speaking),dataiku,Remote,True,Full Time,Data Science,1,2026-09-10,Arbeitnow,https://www.arbeitnow.com/jobs/companies/dataiku/remote-senior-data-scientist-german-speaking-224551
werkstudent-mensch-business-intelligence-business-development-hamburg-213765,Werkstudent (Mensch) Business Intelligence & Business Development,wppmedia,Hamburg,False,Full Time,Technology & Data,1,2026-09-10,Arbeitnow,https://www.arbeitnow.com/jobs/companies/wppmedia/werkstudent-mensch-business-intelligence-business-development-hamburg-213765
werkstudent-media-mensch-hamburg-195742,Werkstudent Media (Mensch),wppmedia,Hamburg,False,Full Time,Client Teams,1,2026-09-10,Arbeitnow,https://www.arbeitnow.com/jobs/companies/wppmedia/werkstudent-media-mensch-hamburg-195742
senior-planner-ooh-mit-schwerpunkt-programmatic-dooh-mensch-dusseldorf-306079,Senior Planner OOH mit Schwerpunkt Programmatic DOOH (Mensch),wppmedia,Düsseldorf,False,Full Time,Media Management & Delivery,1,2026-09-10,Arbeitnow,https://www.arbeitnow.com/jobs/companies/wppmedia/senior-planner-ooh-mit-schwerpunkt-programmatic-dooh-mensch-dusseldorf-306079
senior-planner-ooh-mensch-dusseldorf-134660,Senior Planner OOH (Mensch),wppmedia,Düsseldorf,False,Full Time,Media Management & Delivery,1,2026-09-10,Arbeitnow,https://www.arbeitnow.com/jobs/companies/wppmedia/senior-planner-ooh-mensch-dusseldorf-134660
senior-performance-marketing-manager-mensch-dusseldorf-405630,Senior Performance Marketing Manager (Mensch),wppmedia,Dusseldorf,False,Full Time,Media Management & Delivery,1,2026-09-10,Arbeitnow,https://www.arbeitnow.com/jobs/companies/wppmedia/senior-performance-marketing-manager-mensch-dusseldorf-405630
senior-online-marketing-strategy-manager-mensch-hamburg-95121,Senior Online Marketing Strategy Manager (Mensch),wppmedia,Hamburg,False,Full Time,Media Management & Delivery,1,2026-09-10,Arbeitnow,https://www.arbeitnow.com/jobs/companies/wppmedia/senior-online-marketing-strategy-manager-mensch-hamburg-95121
senior-online-marketing-strategy-manager-mensch-dusseldorf-472084,Senior Online Marketing Strategy Manager (Mensch),wppmedia,Düsseldorf,False,Full Time,Media Management & Delivery,1,2026-09-10,Arbeitnow,https://www.arbeitnow.com/jobs/companies/wppmedia/senior-online-marketing-strategy-manager-mensch-dusseldorf-472084
senior-media-consultant-mensch-westlotto-dusseldorf-89867,Senior Media Consultant (Mensch) Westlotto,wppmedia,Dusseldorf,False,Full Time,Client Teams,1,2026-09-10,Arbeitnow,https://www.arbeitnow.com/jobs/companies/wppmedia/senior-media-consultant-mensch-westlotto-dusseldorf-89867
senior-manager-media-investment-mensch-tv-advanced-tv-dusseldorf-93011,Senior Manager Media Investment (Mensch) - TV & Advanced TV,wppmedia,Dusseldorf,False,Full Time,Operations,1,2026-09-10,Arbeitnow,https://www.arbeitnow.com/jobs/companies/wppmedia/senior-manager-media-investment-mensch-tv-advanced-tv-dusseldorf-93011
senior-investment-manager-video-mensch-dusseldorf-frankfurt-33059,Senior  Investment Manager  Video  (Mensch),wppmedia,Dusseldorf; Frankfurt,False,Full Time,Operations,1,2026-09-10,Arbeitnow,https://www.arbeitnow.com/jobs/companies/wppmedia/senior-investment-manager-video-mensch-dusseldorf-frankfurt-33059
senior-investment-manager-mensch-dusseldorf-451019,Senior Investment Manager (Mensch),wppmedia,Dusseldorf,False,Full Time,Operations,1,2026-09-10,Arbeitnow,https://www.arbeitnow.com/jobs/companies/wppmedia/senior-investment-manager-mensch-dusseldorf-451019
senior-data-manager-mensch-dusseldorf-495930,(Senior) Data Manager (Mensch),wppmedia,Dusseldorf,False,Full Time,Client Teams,1,2026-09-10,Arbeitnow,https://www.arbeitnow.com/jobs/companies/wppmedia/senior-data-manager-mensch-dusseldorf-495930
working-student-business-development-growth-strategy-all-genders-munchen-189700,Working Student Business Development & Growth Strategy (all genders),Wemolo,Munich,False,Part Time,Early Careers,1,2026-09-10,Arbeitnow,https://www.arbeitnow.com/jobs/companies/wemolo/working-student-business-development-growth-strategy-all-genders-munchen-189700
performance-marketing-manager-berlin-273240,Performance Marketing Manager (m/f/d),Yepoda,Berlin,False,Full Time,Growth,1,2026-09-10,Arbeitnow,https://www.arbeitnow.com/jobs/companies/yepoda/performance-marketing-manager-berlin-273240
growth-manager-berlin-186716,Growth Manager (Berlin),Almedia,Berlin,False,Full Time,Growth,1,2026-09-10,Arbeitnow,https://www.arbeitnow.com/jobs/companies/almedia/growth-manager-berlin-186716
senior-growth-manager-berlin-256955,Senior Growth Manager (Berlin),Almedia,Berlin,False,Full Time,Growth,1,2026-09-10,Arbeitnow,https://www.arbeitnow.com/jobs/companies/almedia/senior-growth-manager-berlin-256955
frontend-engineer-germany-87472,Frontend Engineer,Bjak,Germany,False,Full Time,ActAI Engineering,1,2026-09-10,Arbeitnow,https://www.arbeitnow.com/jobs/companies/bjak/frontend-engineer-germany-87472
manufacturing-engineer-magnet-industrialisation-munich-267359,Manufacturing Engineer – Magnet Industrialisation,Proxima Fusion GmbH,Munich,False,Full Time,Magnet Engineering,1,2026-09-10,Arbeitnow,https://www.arbeitnow.com/jobs/companies/proxima-fusion-gmbh/manufacturing-engineer-magnet-industrialisation-munich-267359
automation-engineer-magnet-industrialisation-munich-204654,Automation Engineer – Magnet Industrialisation,Proxima Fusion GmbH,Munich,False,Full Time,Magnet Engineering,1,2026-09-10,Arbeitnow,https://www.arbeitnow.com/jobs/companies/proxima-fusion-gmbh/automation-engineer-magnet-industrialisation-munich-204654
remote-market-fleet-manager-dach-9673,Market Fleet Manager - DACH,Roadsurfer,Remote (Germany),False,Full Time,Fleet Operations,1,2026-09-10,Arbeitnow,https://www.arbeitnow.com/jobs/companies/roadsurfer/remote-market-fleet-manager-dach-9673
remote-senior-manager-fpa-274281,"Senior Manager, FP&A",Camunda,Remote,True,Full Time,Finance,1,2026-09-10,Arbeitnow,https://www.arbeitnow.com/jobs/companies/camunda/remote-senior-manager-fpa-274281
remote-senior-software-engineer-backend-data-streaming-333804,"Senior Software Engineer, Backend - Data Streaming",Camunda,Remote,True,Full Time,Products,1,2026-09-10,Arbeitnow,https://www.arbeitnow.com/jobs/companies/camunda/remote-senior-software-engineer-backend-data-streaming-333804
remote-senior-software-engineer-backend-data-layer-479869,"Senior Software Engineer, Backend - Data Layer",Camunda,Remote,True,Full Time,Products,1,2026-09-10,Arbeitnow,https://www.arbeitnow.com/jobs/companies/camunda/remote-senior-software-engineer-backend-data-layer-479869
product-analyst-hamburg-50111,Product Analyst (f/m/d),adjoe,Hamburg,False,Full Time,adjoe,1,2026-09-10,Arbeitnow,https://www.arbeitnow.com/jobs/companies/adjoe/product-analyst-hamburg-50111
mait-additive-manufacturing-materials-intern-dusseldorf-176762,MAIT Additive Manufacturing Materials Intern,The Exploration Company,Düsseldorf,False,Intern,MAIT,1,2026-09-10,Arbeitnow,https://www.arbeitnow.com/jobs/companies/the-exploration-company/mait-additive-manufacturing-materials-intern-dusseldorf-176762
junior-it-supporter-1st-2nd-level-weissensberg-382913,Junior IT-Supporter (m/w/d) - 1st/2nd Level,tecnotron elektronik gmbh,Weißensberg,False,Full Time,Helpdesk,1,2026-09-10,Arbeitnow,https://www.arbeitnow.com/jobs/companies/tecnotron-elektronik-gmbh/junior-it-supporter-1st-2nd-level-weissensberg-382913
werkstudentin-projektentwicklung-batteriespeicher-munich-314051,Werkstudent:in: Projektentwicklung Batteriespeicher (m/w/d),moverloop GmbH,Munich,False,Working student,Power Engineering and Environmental Engineering,1,2026-09-10,Arbeitnow,https://www.arbeitnow.com/jobs/companies/moverloop-gmbh/werkstudentin-projektentwicklung-batteriespeicher-munich-314051
microsoft-dynamics-365-business-central-consultant-russelsheim-444382,Microsoft Dynamics 365 Business Central Consultant (m/w/d),ZeinPharma Germany GmbH,Rüsselsheim,False,Full Time,IT,1,2026-09-10,Arbeitnow,https://www.arbeitnow.com/jobs/companies/zeinpharma-germany-gmbh/microsoft-dynamics-365-business-central-consultant-russelsheim-444382
software-support-testing-spezialist-fur-microsoft-dynamics-crm-weinstadt-261844,Software Support & Testing Spezialist (m/w/d) für Microsoft Dynamics CRM,audius SE,Weinstadt,False,Full Time,IT,1,2026-09-10,Arbeitnow,https://www.arbeitnow.com/jobs/companies/audius-se/software-support-testing-spezialist-fur-microsoft-dynamics-crm-weinstadt-261844
senior-dynamics-365-consultant-weinstadt-143086,Senior Dynamics 365 Consultant (m/w/d),audius SE,Weinstadt,True,Full Time,"Remote, Consulting, Engineering",3,2026-09-10,Arbeitnow,https://www.arbeitnow.com/jobs/companies/audius-se/senior-dynamics-365-consultant-weinstadt-143086
grafikdesign-branding-werkstudentin-teilzeit-20-std-woche-100-remote-berlin-333458,Grafikdesign & Branding - Werkstudent:in / Teilzeit 20 Std/Woche - 100 % remote,everydays,Berlin,True,"Working student, berufseinstieg","Remote, Graphic Arts and Communication Design",2,2026-09-12,Arbeitnow,https://www.arbeitnow.com/jobs/companies/everydays/grafikdesign-branding-werkstudentin-teilzeit-20-std-woche-100-remote-berlin-333458
remote-sales-director-dach-335357,Sales Director DACH,Exeon Analytics,Remote job,True,"Manager, fulltime permanent","Sales, Remote",2,2026-09-10,Arbeitnow,https://www.arbeitnow.com/jobs/companies/exeon-analytics/remote-sales-director-dach-335357
it-systemadministratorin-all-genders-frankfurt-am-main-426091,IT Systemadministrator:in (all genders),teccle group GmbH,"Frankfurt am Main, Hessen, Deutschland",False,"Mid, fulltime permanent",Professional,1,2026-09-10,Arbeitnow,https://www.arbeitnow.com/jobs/companies/teccle-group-gmbh/it-systemadministratorin-all-genders-frankfurt-am-main-426091
azure-infrastructure-engineer-in-koln-buro-koln-288433,Azure Infrastructure Engineer (m/w/d) in Köln,GRÜNE'S LEIHHÄUSER GmbH & Co. KG,Büro Köln,False,"Experienced, Permanent, Full time","Microsoft Azure, Azure Cloud, Cloud Infrastructure, Azure Infrastructure, Cloud Engineer, Azure Engineer, Infrastructure Engineer, Microsoft Entra ID, Microsoft Cloud, Azure Active Directory, Azure + Terraform, Cloud Infrastructure Engineer",12,2026-09-10,Arbeitnow,https://www.arbeitnow.com/jobs/companies/grunes-leihhauser-gmbh-co-kg/azure-infrastructure-engineer-in-koln-buro-koln-288433
quality-manager-quality-control-quality-assurance-all-genders-berlin-75232,Quality Manager – Quality Control & Quality Assurance (all genders),YOSHI,Berlin,False,"Experienced, Permanent, Full time",,0,2026-09-10,Arbeitnow,https://www.arbeitnow.com/jobs/companies/yoshi/quality-manager-quality-control-quality-assurance-all-genders-berlin-75232
senior-accountant-all-genders-berlin-377918,(Senior) Accountant (all genders),YOSHI,Berlin,False,"Experienced, Permanent, Full time",,0,2026-09-10,Arbeitnow,https://www.arbeitnow.com/jobs/companies/yoshi/senior-accountant-all-genders-berlin-377918
senior-business-development-strategy-manager-augsburg-53064,Senior Business Development & Strategy Manager (m/w/d),Studyflix Gmbh,Augsburg,False,"Experienced, Permanent, Full time",,0,2026-09-10,Arbeitnow,https://www.arbeitnow.com/jobs/companies/studyflix-gmbh/senior-business-development-strategy-manager-augsburg-53064
teamleiter-it-infrastructure-karlsruhe-fautenbruchstrasse-84827,Teamleiter IT Infrastructure (m/w/d),IPG Automotive - Personio,Karlsruhe Fautenbruchstraße,False,"Experienced, Permanent, Full time",,0,2026-09-10,Arbeitnow,https://www.arbeitnow.com/jobs/companies/ipg-automotive-personio/teamleiter-it-infrastructure-karlsruhe-fautenbruchstrasse-84827
praktikant-werkstudent-forschung-innovation-datengetriebene-entwicklung-autonomer-systeme-karlsruhe-fautenbruchstrasse-382716,Praktikant/Werkstudent „Forschung & Innovation – Datengetriebene Entwicklung autonomer Systeme“ (m/w/d),IPG Automotive - Personio,Karlsruhe Fautenbruchstraße,False,"Student, Intern, Full or part time",,0,2026-09-10,Arbeitnow,https://www.arbeitnow.com/jobs/companies/ipg-automotive-personio/praktikant-werkstudent-forschung-innovation-datengetriebene-entwicklung-autonomer-systeme-karlsruhe-fautenbruchstrasse-382716
praktikant-werkstudent-automatisiertes-infotainment-testing-stuttgart-385283,Praktikant/Werkstudent „Automatisiertes Infotainment Testing“ (m/w/d),IPG Automotive - Personio,Stuttgart,False,"Student, Intern, Full or part time",,0,2026-09-10,Arbeitnow,https://www.arbeitnow.com/jobs/companies/ipg-automotive-personio/praktikant-werkstudent-automatisiertes-infotainment-testing-stuttgart-385283
praktikant-werkstudent-ai-based-passenger-simulation-stuttgart-56268,Praktikant/Werkstudent „AI based passenger simulation“ (m/w/d),IPG Automotive - Personio,Stuttgart,False,"Student, Intern, Full or part time",,0,2026-09-10,Arbeitnow,https://www.arbeitnow.com/jobs/companies/ipg-automotive-personio/praktikant-werkstudent-ai-based-passenger-simulation-stuttgart-56268
senior-compliance-legal-manager-karlsruhe-fautenbruchstrasse-433731,(Senior) Compliance & Legal Manager (m/w/d),IPG Automotive - Personio,Karlsruhe Fautenbruchstraße,False,"Experienced, Permanent, Full time",,0,2026-09-10,Arbeitnow,https://www.arbeitnow.com/jobs/companies/ipg-automotive-personio/senior-compliance-legal-manager-karlsruhe-fautenbruchstrasse-433731
remote-working-student-sales-operations-gn-230532,Working Student Sales Operations (gn),Bikeleasing,Remote Deutschland,False,"Student, Working student, Part time","Bikeleasing, Probonio, CRM, HubSpot, Working Student, Benefits, Multi Benefits, B2B, Sales, Operations, Sales Ops",11,2026-09-10,Arbeitnow,https://www.arbeitnow.com/jobs/companies/bikeleasing/remote-working-student-sales-operations-gn-230532
remote-senior-digital-creative-gn-ai-focus-226612,Senior Digital Creative (gn) AI Focus,Bikeleasing,Remote Deutschland,False,"Experienced, Permanent, Full time",,0,2026-09-10,Arbeitnow,https://www.arbeitnow.com/jobs/companies/bikeleasing/remote-senior-digital-creative-gn-ai-focus-226612
remote-senior-sales-operations-manager-gn-59773,(Senior) Sales Operations Manager (gn),Bikeleasing,Remote Deutschland,False,"Experienced, Permanent, Full time","Bikeleasing, Probonio, SaaS, Benefits, Sales, CRM, HubSpot, Dynamics, Multi Benefits, B2B, Dienstrad",11,2026-09-10,Arbeitnow,https://www.arbeitnow.com/jobs/companies/bikeleasing/remote-senior-sales-operations-manager-gn-59773
werkstudentin-public-sector-consulting-projektmanagement-dusseldorf-221722,Werkstudent:in Public Sector Consulting / Projektmanagement,Imap Gmbh 1,Düsseldorf,False,"Student, Intern, Part time","werkstudent, werkstudentin, beratung, unternehmensberatung, consulting, projektmanagement, organisationsentwicklung",7,2026-09-10,Arbeitnow,https://www.arbeitnow.com/jobs/companies/imap-gmbh-1/werkstudentin-public-sector-consulting-projektmanagement-dusseldorf-221722
werkstudentin-marketing-und-design-dusseldorf-274079,Werkstudent:in Marketing und Design,Imap Gmbh 1,Düsseldorf,False,"Entry, Intern, Part time","Marketing, Content Creation, Social Media, Design, Kreativ",5,2026-09-10,Arbeitnow,https://www.arbeitnow.com/jobs/companies/imap-gmbh-1/werkstudentin-marketing-und-design-dusseldorf-274079
senior-consultant-mit-schwerpunkt-organisationsentwicklung-und-strategie-im-public-sector-dusseldorf-155522,(Senior) Consultant mit Schwerpunkt Organisationsentwicklung und Strategie im Public Sector,Imap Gmbh 1,Düsseldorf,False,"Experienced, Permanent, Full time","consulting, unternehmensberatung",2,2026-09-10,Arbeitnow,https://www.arbeitnow.com/jobs/companies/imap-gmbh-1/senior-consultant-mit-schwerpunkt-organisationsentwicklung-und-strategie-im-public-sector-dusseldorf-155522
senior-fullstack-developer-munchen-159373,Senior Fullstack Developer (m/w/d),Techpilot,München,False,"Experienced, Permanent, Full time",,0,2026-09-10,Arbeitnow,https://www.arbeitnow.com/jobs/companies/techpilot/senior-fullstack-developer-munchen-159373
chemical-laboratory-assistant-lab-technician-analytics-synthesis-leipzig-196673,Chemical Laboratory Assistant / Lab Technician (f/m/d) Analytics & Synthesis,Career Site bei aevoloop - Personio,Leipzig,False,"Experienced, Permanent, Full time",,0,2026-09-10,Arbeitnow,https://www.arbeitnow.com/jobs/companies/career-site-bei-aevoloop-personio/chemical-laboratory-assistant-lab-technician-analytics-synthesis-leipzig-196673
senior-product-manager-claims-x-berlin-471320,Senior Product Manager Claims (w/m/d/x),Emil Group Gmbh,Berlin,False,"Experienced, Permanent, Full time",join,1,2026-09-10,Arbeitnow,https://www.arbeitnow.com/jobs/companies/emil-group-gmbh/senior-product-manager-claims-x-berlin-471320
it-systemadministrator-windows-server-frankfurt-am-main-191233,IT-Systemadministrator (m/w/d) – Windows Server,Reservix GmbH,Frankfurt am Main,False,"Experienced, Permanent, Full time",,0,2026-09-10,Arbeitnow,https://www.arbeitnow.com/jobs/companies/reservix-gmbh/it-systemadministrator-windows-server-frankfurt-am-main-191233
senior-systems-engineer-munich-germany-183495,Senior Systems Engineer,CesiumAstro,"Munich, Germany",False,Full-time,Engineering,1,2026-09-10,Arbeitnow,https://www.arbeitnow.com/jobs/companies/cesiumastro/senior-systems-engineer-munich-germany-183495
senior-sales-support-technician-munich-germany-282057,Senior Sales Support Technician,CesiumAstro,"Munich, Germany",False,Full-time,Business Development,1,2026-09-10,Arbeitnow,https://www.arbeitnow.com/jobs/companies/cesiumastro/senior-sales-support-technician-munich-germany-282057
senior-embedded-software-engineer-i-munich-germany-258724,Senior Embedded Software Engineer I,CesiumAstro,"Munich, Germany",False,Full-time,Engineering,1,2026-09-10,Arbeitnow,https://www.arbeitnow.com/jobs/companies/cesiumastro/senior-embedded-software-engineer-i-munich-germany-258724
lead-communications-architect-munich-germany-56043,Lead Communications Architect,CesiumAstro,"Munich, Germany",False,Full-time,Engineering,1,2026-09-10,Arbeitnow,https://www.arbeitnow.com/jobs/companies/cesiumastro/lead-communications-architect-munich-germany-56043
people-culture-supervisor-personalsachbearbeiter-in-ingolstadt-210820,People & Culture Supervisor / Personalsachbearbeiter (w/m/d) in Ingolstadt,Primark Mode Ltd. & Co. KG,Ingolstadt,False,berufseinstieg,HR,1,2026-09-10,Arbeitnow,https://www.arbeitnow.com/jobs/companies/primark-mode-ltd-co-kg/people-culture-supervisor-personalsachbearbeiter-in-ingolstadt-210820
werkstudent-im-people-culture-team-hannover-hanover-153571,Werkstudent (w/m/d) im People & Culture Team Hannover,Primark Mode Ltd. & Co. KG,Hanover,False,"Working student, hilfstätigkeit / student",HR,1,2026-09-10,Arbeitnow,https://www.arbeitnow.com/jobs/companies/primark-mode-ltd-co-kg/werkstudent-im-people-culture-team-hannover-hanover-153571
it-onsite-techniker-mainz-477432,IT Onsite Techniker (m/w/d),audius SE,Mainz,False,berufserfahren,Helpdesk,1,2026-09-10,Arbeitnow,https://www.arbeitnow.com/jobs/companies/audius-se/it-onsite-techniker-mainz-477432
auszubildender-fachinformatiker-systemintegration-2027-kotz-393949,Auszubildender Fachinformatiker Systemintegration 2027 (m/w/d),esko-systems GmbH,Kötz,False,"Apprenticeship, berufseinstieg",IT Security,1,2026-09-10,Arbeitnow,https://www.arbeitnow.com/jobs/companies/esko-systems-gmbh/auszubildender-fachinformatiker-systemintegration-2027-kotz-393949
campaign-manager-munich-311325,Campaign Manager (m/w/d),Lini's Bites,Munich,False,berufserfahren,Strategic Marketing,1,2026-09-10,Arbeitnow,https://www.arbeitnow.com/jobs/companies/linis-bites/campaign-manager-munich-311325
serviceberater-berlin-13766,Serviceberater (m/w/d),Stellantis &You Deutschland GmbH,Berlin,False,Full Time,Customer Service,1,2026-09-10,Arbeitnow,https://www.arbeitnow.com/jobs/companies/stellantis-you-deutschland-gmbh/serviceberater-berlin-13766
working-student-system-administration-all-genders-berlin-413727,Working Student System Administration (all genders),Helpling GmbH & Co. KG,Berlin,False,"Internship, entry",Software Development,1,2026-09-10,Arbeitnow,https://www.arbeitnow.com/jobs/companies/helpling-gmbh-co-kg/working-student-system-administration-all-genders-berlin-413727
senior-consultant-information-security-aalen-351527,Senior Consultant Information Security (m/w/d),EZcon Network GmbH,Aalen,False,berufserfahren,IT Security,1,2026-09-10,Arbeitnow,https://www.arbeitnow.com/jobs/companies/ezcon-network-gmbh/senior-consultant-information-security-aalen-351527
product-engineer-ai-native-berlin-104380,Product Engineer (m/w/d) AI Native,meinphysio+ GmbH,Berlin,False,berufserfahren,IT,1,2026-09-10,Arbeitnow,https://www.arbeitnow.com/jobs/companies/meinphysio-gmbh/product-engineer-ai-native-berlin-104380
softwareentwickler-wetzlar-106151,Softwareentwickler (m/w/d),Janitza electronics GmbH,Wetzlar,False,"Full-time permanent, mid","Internet and software, high school coursework",2,2026-09-10,Arbeitnow,https://www.arbeitnow.com/jobs/companies/janitza-electronics-gmbh/softwareentwickler-wetzlar-106151
teamleiter-softwareentwicklung-wetzlar-175720,Teamleiter (m/w/d) Softwareentwicklung,Janitza electronics GmbH,Wetzlar,False,"Full-time permanent, mid","Internet and software, high school coursework",2,2026-09-10,Arbeitnow,https://www.arbeitnow.com/jobs/companies/janitza-electronics-gmbh/teamleiter-softwareentwicklung-wetzlar-175720
founding-growth-partner-ai-marketing-lead-berlin-294314,Founding Growth Partner / AI Marketing Lead (m/w/d),Accessful GmbH,Berlin,True,"Freelance, berufserfahren","Remote, Online Marketing",2,2026-09-10,Arbeitnow,https://www.arbeitnow.com/jobs/companies/accessful-gmbh/founding-growth-partner-ai-marketing-lead-berlin-294314
head-of-peopleculure-all-genders-modefachhandler-heide-316840,Head of People&Culure (all genders) Modefachhändler,FLÄCHENHELDEN KG,Heide,False,Full Time,"Management, Team Leader",2,2026-09-10,Arbeitnow,https://www.arbeitnow.com/jobs/companies/flachenhelden-kg/head-of-peopleculure-all-genders-modefachhandler-heide-316840
head-of-peopleculure-all-genders-modefachhandler-flensburg-83654,Head of People&Culure (all genders) Modefachhändler,FLÄCHENHELDEN KG,Flensburg,False,berufserfahren,"Management, Team Leader",2,2026-09-10,Arbeitnow,https://www.arbeitnow.com/jobs/companies/flachenhelden-kg/head-of-peopleculure-all-genders-modefachhandler-flensburg-83654
head-of-security-berlin-66725,Head of Security (f/m/d),1KOMMA5˚,Berlin,True,professional / experienced,"Remote, Software Development",2,2026-09-10,Arbeitnow,https://www.arbeitnow.com/jobs/companies/1komma50/head-of-security-berlin-66725
steuerberater-in-johanngeorgenstadt-auf-wunsch-mit-partnerperspektive-gesucht-mindestens-90000eur-223160,"Steuerberater (m/w/d) in Johanngeorgenstadt, auf Wunsch mit Partnerperspektive, gesucht - mindestens 90.000€",Taxtalente.de,Johanngeorgenstadt,False,Full Time,"Directors, Chief Executives",2,2026-09-10,Arbeitnow,https://www.arbeitnow.com/jobs/companies/taxtalentede/steuerberater-in-johanngeorgenstadt-auf-wunsch-mit-partnerperspektive-gesucht-mindestens-90000eur-223160
steuerberater-in-stendal-auf-wunsch-mit-partnerperspektive-gesucht-mindestens-90000eur-212763,"Steuerberater (m/w/d) in Stendal, auf Wunsch mit Partnerperspektive, gesucht - mindestens 90.000€",Taxtalente.de,Stendal,False,Full Time,"Directors, Chief Executives",2,2026-09-10,Arbeitnow,https://www.arbeitnow.com/jobs/companies/taxtalentede/steuerberater-in-stendal-auf-wunsch-mit-partnerperspektive-gesucht-mindestens-90000eur-212763
steuerberater-in-oberhaching-auf-wunsch-mit-partnerperspektive-gesucht-mindestens-90000eur-406808,"Steuerberater (m/w/d) in Oberhaching, auf Wunsch mit Partnerperspektive, gesucht - mindestens 90.000€",Taxtalente.de,Oberhaching,False,Full Time,"Directors, Chief Executives",2,2026-09-10,Arbeitnow,https://www.arbeitnow.com/jobs/companies/taxtalentede/steuerberater-in-oberhaching-auf-wunsch-mit-partnerperspektive-gesucht-mindestens-90000eur-406808
steuerberater-in-giebelstadt-auf-wunsch-mit-partnerperspektive-gesucht-mindestens-90000eur-132578,"Steuerberater (m/w/d) in Giebelstadt, auf Wunsch mit Partnerperspektive, gesucht - mindestens 90.000€",Taxtalente.de,Giebelstadt,False,Full Time,"Directors, Chief Executives",2,2026-09-10,Arbeitnow,https://www.arbeitnow.com/jobs/companies/taxtalentede/steuerberater-in-giebelstadt-auf-wunsch-mit-partnerperspektive-gesucht-mindestens-90000eur-132578
steuerberater-in-ludenscheid-auf-wunsch-mit-partnerperspektive-gesucht-mindestens-90000eur-222448,"Steuerberater (m/w/d) in Lüdenscheid, auf Wunsch mit Partnerperspektive, gesucht - mindestens 90.000€",Taxtalente.de,Lüdenscheid,False,Full Time,"Directors, Chief Executives",2,2026-09-10,Arbeitnow,https://www.arbeitnow.com/jobs/companies/taxtalentede/steuerberater-in-ludenscheid-auf-wunsch-mit-partnerperspektive-gesucht-mindestens-90000eur-222448
steuerberater-in-feucht-auf-wunsch-mit-partnerperspektive-gesucht-mindestens-90000eur-53049,"Steuerberater (m/w/d) in Feucht, auf Wunsch mit Partnerperspektive, gesucht - mindestens 90.000€",Taxtalente.de,Feucht,False,Full Time,"Directors, Chief Executives",2,2026-09-10,Arbeitnow,https://www.arbeitnow.com/jobs/companies/taxtalentede/steuerberater-in-feucht-auf-wunsch-mit-partnerperspektive-gesucht-mindestens-90000eur-53049
steuerberater-in-dormagen-auf-wunsch-mit-partnerperspektive-gesucht-mindestens-90000eur-193049,"Steuerberater (m/w/d) in Dormagen, auf Wunsch mit Partnerperspektive, gesucht - mindestens 90.000€",Taxtalente.de,Dormagen,False,Full Time,"Directors, Chief Executives",2,2026-09-10,Arbeitnow,https://www.arbeitnow.com/jobs/companies/taxtalentede/steuerberater-in-dormagen-auf-wunsch-mit-partnerperspektive-gesucht-mindestens-90000eur-193049
steuerberater-in-wildenfels-auf-wunsch-mit-partnerperspektive-gesucht-mindestens-90000eur-117998,"Steuerberater (m/w/d) in Wildenfels, auf Wunsch mit Partnerperspektive, gesucht - mindestens 90.000€",Taxtalente.de,Wildenfels,False,Full Time,"Directors, Chief Executives",2,2026-09-10,Arbeitnow,https://www.arbeitnow.com/jobs/companies/taxtalentede/steuerberater-in-wildenfels-auf-wunsch-mit-partnerperspektive-gesucht-mindestens-90000eur-117998
senior-solutions-architect-emea-dach-german-speaking-226482,Senior Solutions Architect - EMEA / DACH (German Speaking),chainguard,,False,Full Time,Professional Services,1,2026-09-10,Arbeitnow,https://www.arbeitnow.com/jobs/companies/chainguard/senior-solutions-architect-emea-dach-german-speaking-226482
senior-solution-architect-germany-munich-498114,Senior Solution Architect (Germany),veeamsoftware,Munich,False,Full Time,WW Center of Expertise 1009367,1,2026-09-10,Arbeitnow,https://www.arbeitnow.com/jobs/companies/veeamsoftware/senior-solution-architect-germany-munich-498114
account-executive-commercial-accounts-public-munich-357236,"Account Executive, Commercial Accounts (Public)",veeamsoftware,Munich,False,Full Time,"Field Sales, Central 1000030",2,2026-09-10,Arbeitnow,https://www.arbeitnow.com/jobs/companies/veeamsoftware/account-executive-commercial-accounts-public-munich-357236
senior-ai-engineer-219471,Senior Ai Engineer,typeform,,False,Full Time,Information Technology,1,2026-09-10,Arbeitnow,https://www.arbeitnow.com/jobs/companies/typeform/senior-ai-engineer-219471
senior-software-engineer-munich-389272,Senior Software Engineer,celonis,Munich,False,Full Time,Engineering,1,2026-09-10,Arbeitnow,https://www.arbeitnow.com/jobs/companies/celonis/senior-software-engineer-munich-389272
senior-frontend-engineer-visual-experiences-munich-299236,(Senior) Frontend Engineer - Visual Experiences,celonis,Munich,False,Full Time,Engineering,1,2026-09-10,Arbeitnow,https://www.arbeitnow.com/jobs/companies/celonis/senior-frontend-engineer-visual-experiences-munich-299236
senior-engineering-manager-berlin-20585,Senior Engineering Manager (m/f/d),affinidi,Berlin,False,Full Time,Engineering,1,2026-09-10,Arbeitnow,https://www.arbeitnow.com/jobs/companies/affinidi/senior-engineering-manager-berlin-20585
engineering-manager-berlin-109173,Engineering Manager (m/f/d),affinidi,Berlin,False,Full Time,Engineering,1,2026-09-10,Arbeitnow,https://www.arbeitnow.com/jobs/companies/affinidi/engineering-manager-berlin-109173
working-student-professional-services-berlin-291724,"Working Student, Professional Services",planetlabs,Berlin,False,Full Time,Pre-Sales and Services,1,2026-09-10,Arbeitnow,https://www.arbeitnow.com/jobs/companies/planetlabs/working-student-professional-services-berlin-291724
solutions-architect-i-berlin-138627,Solutions Architect I,planetlabs,Berlin,False,Full Time,Pre-Sales and Services,1,2026-09-10,Arbeitnow,https://www.arbeitnow.com/jobs/companies/planetlabs/solutions-architect-i-berlin-138627
working-student-digital-creative-copy-berlin-293194,Working Student – Digital Creative Copy,wongdoody,Berlin,False,Full Time,Concept & Strategy,1,2026-09-10,Arbeitnow,https://www.arbeitnow.com/jobs/companies/wongdoody/working-student-digital-creative-copy-berlin-293194
software-engineer-platform-frankfurt-germany-45244,"Software Engineer, Platform - Frankfurt, Germany",speechify,Frankfurt,False,Full Time,Global,1,2026-09-10,Arbeitnow,https://www.arbeitnow.com/jobs/companies/speechify/software-engineer-platform-frankfurt-germany-45244
software-engineer-platform-berlin-germany-367467,"Software Engineer, Platform - Berlin, Germany",speechify,Berlin,False,Full Time,Global,1,2026-09-10,Arbeitnow,https://www.arbeitnow.com/jobs/companies/speechify/software-engineer-platform-berlin-germany-367467
software-engineer-data-infrastructure-acquisition-stuttgart-germany-218032,"Software Engineer, Data Infrastructure & Acquisition - Stuttgart, Germany",speechify,Stuttgart,False,Full Time,Global,1,2026-09-10,Arbeitnow,https://www.arbeitnow.com/jobs/companies/speechify/software-engineer-data-infrastructure-acquisition-stuttgart-germany-218032
software-engineer-data-infrastructure-acquisition-dusseldorf-germany-267171,"Software Engineer, Data Infrastructure & Acquisition - Düsseldorf, Germany",speechify,Düsseldorf,False,Full Time,Global,1,2026-09-10,Arbeitnow,https://www.arbeitnow.com/jobs/companies/speechify/software-engineer-data-infrastructure-acquisition-dusseldorf-germany-267171
senior-software-engineer-core-experiences-dusseldorf-germany-108552,"Senior Software Engineer, Core Experiences - Düsseldorf, Germany",speechify,Düsseldorf,False,Full Time,Global,1,2026-09-10,Arbeitnow,https://www.arbeitnow.com/jobs/companies/speechify/senior-software-engineer-core-experiences-dusseldorf-germany-108552
junior-operations-specialist-berlin-199087,Junior Operations Specialist (w/m/d),Enpal,Berlin,False,Full Time,Sales,1,2026-09-10,Arbeitnow,https://www.arbeitnow.com/jobs/companies/enpal/junior-operations-specialist-berlin-199087
analytics-engineer-berlin-300399,Analytics Engineer (m/f/d),Enpal,Berlin,False,Full Time,Tech,1,2026-09-10,Arbeitnow,https://www.arbeitnow.com/jobs/companies/enpal/analytics-engineer-berlin-300399
senior-manager-business-development-all-genders-berlin-258413,(Senior) Manager Business Development (all genders),Sunday Natural,Berlin,False,Full Time,Business Development,1,2026-09-10,Arbeitnow,https://www.arbeitnow.com/jobs/companies/sunday-natural/senior-manager-business-development-all-genders-berlin-258413
office-manager-empfang-administration-all-genders-berlin-415339,Office Manager – Empfang & Administration (all genders),Sunday Natural,Berlin,False,Full Time,People & Organization,1,2026-09-10,Arbeitnow,https://www.arbeitnow.com/jobs/companies/sunday-natural/office-manager-empfang-administration-all-genders-berlin-415339
remote-sales-director-germany-423204,Sales Director,Shield 1,Germany,True,"Full time, director","Sales, Computer Software, Remote",3,2026-09-10,Arbeitnow,https://www.arbeitnow.com/jobs/companies/shield-1/remote-sales-director-germany-423204
remote-director-customer-success-emea-429624,"Director, Customer Success, EMEA",gitlab,Remote,True,Full Time,Customer Success,1,2026-09-10,Arbeitnow,https://www.arbeitnow.com/jobs/companies/gitlab/remote-director-customer-success-emea-429624
senior-qa-engineer-berlin-254105,(Senior) QA Engineer (x/f/m),dkbcodefactory,Berlin,False,Full Time,Technology & Infrastructure,1,2026-09-10,Arbeitnow,https://www.arbeitnow.com/jobs/companies/dkbcodefactory/senior-qa-engineer-berlin-254105
senior-field-marketing-manager-german-speaking-66359,Senior Field Marketing Manager (German- Speaking),diligentcorporation,,False,Full Time,Field Marketing,1,2026-09-10,Arbeitnow,https://www.arbeitnow.com/jobs/companies/diligentcorporation/senior-field-marketing-manager-german-speaking-66359
manager-agent-architecture-31217,"Manager, Agent Architecture",parloa,,False,Full Time,Professional Services,1,2026-09-10,Arbeitnow,https://www.arbeitnow.com/jobs/companies/parloa/manager-agent-architecture-31217
senior-manager-associate-director-commercial-operations-germany-918,"Senior Manager/Associate Director, Commercial Operations, Germany",Acadia Job Listings,,False,Full Time,General & Administrative,1,2026-09-10,Arbeitnow,https://www.arbeitnow.com/jobs/companies/acadia-job-listings/senior-manager-associate-director-commercial-operations-germany-918
senior-content-manager-seo-aeo-179737,Senior Content Manager SEO/AEO (m/w/d),autoscout24,,False,Full Time,Marketing & Communications,1,2026-09-10,Arbeitnow,https://www.arbeitnow.com/jobs/companies/autoscout24/senior-content-manager-seo-aeo-179737
application-security-engineer-berlin-berlin-342451,Application Security Engineer (f/m/d),Awin,"Berlin, Berlin",False,Full Time,"Product, Research & Development",2,2026-09-10,Arbeitnow,https://www.arbeitnow.com/jobs/companies/awin/application-security-engineer-berlin-berlin-342451
senior-commercial-finance-manager-hamburg-105073,Senior Commercial Finance Manager,freenow,Hamburg,False,Full Time,Finance,1,2026-09-10,Arbeitnow,https://www.arbeitnow.com/jobs/companies/freenow/senior-commercial-finance-manager-hamburg-105073
senior-commercial-finance-manager-berlin-346965,Senior Commercial Finance Manager,freenow,Berlin,False,Full Time,Finance,1,2026-09-10,Arbeitnow,https://www.arbeitnow.com/jobs/companies/freenow/senior-commercial-finance-manager-berlin-346965
senior-search-backend-engineer-berlin-34822,Senior Search Backend Engineer (m/f/x),commercetools,Berlin,False,Full Time,Engineering,1,2026-09-10,Arbeitnow,https://www.arbeitnow.com/jobs/companies/commercetools/senior-search-backend-engineer-berlin-34822
senior-search-backend-engineer-munchen-bayern-372650,Senior Search Backend Engineer,commercetools,"München, Bayern",False,Full Time,Engineering,1,2026-09-10,Arbeitnow,https://www.arbeitnow.com/jobs/companies/commercetools/senior-search-backend-engineer-munchen-bayern-372650
senior-customer-success-manager-berlin-469023,Senior Customer Success Manager (m/f/x),commercetools,Berlin,False,Full Time,Customer,1,2026-09-10,Arbeitnow,https://www.arbeitnow.com/jobs/companies/commercetools/senior-customer-success-manager-berlin-469023
senior-customer-success-manager-munchen-bayern-460974,Senior Customer Success Manager (m/f/x),commercetools,"München, Bayern",False,Full Time,Customer,1,2026-09-10,Arbeitnow,https://www.arbeitnow.com/jobs/companies/commercetools/senior-customer-success-manager-munchen-bayern-460974
principal-site-reliability-engineer-berlin-484740,Principal Site Reliability Engineer (m/f/x),commercetools,Berlin,False,Full Time,Engineering,1,2026-09-10,Arbeitnow,https://www.arbeitnow.com/jobs/companies/commercetools/principal-site-reliability-engineer-berlin-484740
senior-data-scientist-data-cloud-acceleration-berlin-347439,Senior Data Scientist — Data Cloud Acceleration,zetaglobal,Berlin,False,Full Time,Data Science & Analytics,1,2026-09-10,Arbeitnow,https://www.arbeitnow.com/jobs/companies/zetaglobal/senior-data-scientist-data-cloud-acceleration-berlin-347439
staff-product-manager-product-discovery-engine-munich-74636,Staff Product Manager: Product Discovery Engine,Constructor,Remote,False,Full Time,Product,1,2026-09-10,Arbeitnow,https://www.arbeitnow.com/jobs/companies/constructor/staff-product-manager-product-discovery-engine-munich-74636
senior-salesforce-developer-temporary-berlin-231535,Senior Salesforce Developer (Temporary),Angi,Hybrid - Germany - Berlin,False,Full Time,Technology,1,2026-09-10,Arbeitnow,https://www.arbeitnow.com/jobs/companies/angi/senior-salesforce-developer-temporary-berlin-231535
ki-tutor-lehrkraft-all-genders-berlin-78488,KI Tutor/Lehrkraft (all genders),Stackfuel,Berlin,False,Full Time,Operations,1,2026-09-10,Arbeitnow,https://www.arbeitnow.com/jobs/companies/stackfuel/ki-tutor-lehrkraft-all-genders-berlin-78488
tutor-lehrkraft-produkt-projekt-change-management-all-genders-berlin-448650,Tutor/Lehrkraft Produkt/Projekt/Change Management (all genders),Stackfuel,Remote - Germany,False,Full Time,Operations,1,2026-09-10,Arbeitnow,https://www.arbeitnow.com/jobs/companies/stackfuel/tutor-lehrkraft-produkt-projekt-change-management-all-genders-berlin-448650
content-marketing-manager-berlin-398395,Content Marketing Manager,Pergolux,Berlin | SCAN Team,False,Full Time,Marketing,1,2026-09-10,Arbeitnow,https://www.arbeitnow.com/jobs/companies/pergolux/content-marketing-manager-berlin-398395
senior-account-managerin-berlin-473717,Senior Account Manager:in (m/w/d),We Are Social 1,"Berlin, Germany",False,"Full time, mid-senior","Project Management, Online Media, Client Services",3,2026-09-10,Arbeitnow,https://www.arbeitnow.com/jobs/companies/we-are-social-1/senior-account-managerin-berlin-473717
senior-account-managerin-munich-435544,Senior Account Manager:in (m/w/d),We Are Social 1,"Munich, Germany",False,"Full time, mid-senior","Project Management, Online Media, Client Services",3,2026-09-10,Arbeitnow,https://www.arbeitnow.com/jobs/companies/we-are-social-1/senior-account-managerin-munich-435544
web-grafikdesignerin-fur-e-mail-marketing-klaviyo-hamburg-248156,Web- & Grafikdesigner:in für E-Mail-Marketing / Klaviyo (m/w/d),Heimer Marketing GmbH,Hamburg,True,berufserfahren,"Remote, Graphic Arts and Communication Design",2,2026-09-10,Arbeitnow,https://www.arbeitnow.com/jobs/companies/heimer-marketing-gmbh/web-grafikdesignerin-fur-e-mail-marketing-klaviyo-hamburg-248156
1st-2nd-level-support-bad-homburg-215115,1st & 2nd Level Support (m/w/d),Nexgate IT GmbH,Bad Homburg,True,"Freelance, berufserfahren","Remote, Helpdesk",2,2026-09-10,Arbeitnow,https://www.arbeitnow.com/jobs/companies/nexgate-it-gmbh/1st-2nd-level-support-bad-homburg-215115
director-customer-success-259308,"Director, Customer Success",nice,,False,Full Time,CX - Agentic Experience Automation,1,2026-09-10,Arbeitnow,https://www.arbeitnow.com/jobs/companies/nice/director-customer-success-259308
strategic-alliances-director-497217,Strategic Alliances Director,Redwoodsoftware,,False,Full Time,Sales,1,2026-09-10,Arbeitnow,https://www.arbeitnow.com/jobs/companies/redwoodsoftware/strategic-alliances-director-497217
senior-consultant-manager-operational-transformation-in-energy-utilities-resources-dusseldorf-munich-298865,"Senior Consultant | Manager (m/w/d) - Operational Transformation in Energy, Utilities & Resources",Baringa,Dusseldorf; Munich,False,Full Time,"Retail, Networks and Water",2,2026-09-10,Arbeitnow,https://www.arbeitnow.com/jobs/companies/baringa/senior-consultant-manager-operational-transformation-in-energy-utilities-resources-dusseldorf-munich-298865
venture-development-new-products-uk-market-ai-x-greentech-berlin-258841,Venture Development - New Products UK Market (AI x Greentech) (m/f/d),Reonic,Berlin,False,Full Time,Operations,1,2026-09-10,Arbeitnow,https://www.arbeitnow.com/jobs/companies/reonic/venture-development-new-products-uk-market-ai-x-greentech-berlin-258841
gestionnaire-de-produit-iii-experience-vendeurse-berlin-26460,"Gestionnaire de produit III, Expérience vendeur·se",Lightspeedhq,Berlin,False,Full Time,Product,1,2026-09-10,Arbeitnow,https://www.arbeitnow.com/jobs/companies/lightspeedhq/gestionnaire-de-produit-iii-experience-vendeurse-berlin-26460
product-manager-iii-seller-experience-berlin-367795,"Product Manager III, Seller Experience",Lightspeedhq,Berlin,False,Full Time,Product,1,2026-09-10,Arbeitnow,https://www.arbeitnow.com/jobs/companies/lightspeedhq/product-manager-iii-seller-experience-berlin-367795
customer-success-manager-berlin-2508,Customer Success Manager,Rootglobal,Berlin,False,Full Time,Account Management,1,2026-09-10,Arbeitnow,https://www.arbeitnow.com/jobs/companies/rootglobal/customer-success-manager-berlin-2508
senior-customer-engineer-stuttgart-76594,Senior Customer Engineer (m/w/d),Flip GmbH,Stuttgart & Remote,False,Full Time,Customer Delivery,1,2026-09-10,Arbeitnow,https://www.arbeitnow.com/jobs/companies/flip-gmbh/senior-customer-engineer-stuttgart-76594
senior-customer-engineer-stuttgart-243530,Senior Customer Engineer (m/f/d),Flip GmbH,Stuttgart & Remote,False,Full Time,Customer Delivery,1,2026-09-10,Arbeitnow,https://www.arbeitnow.com/jobs/companies/flip-gmbh/senior-customer-engineer-stuttgart-243530
senior-forward-deployed-engineer-stuttgart-373240,Senior Forward Deployed Engineer (m/w/d),Flip GmbH,Stuttgart & Remote,False,Full Time,Customer Delivery,1,2026-09-10,Arbeitnow,https://www.arbeitnow.com/jobs/companies/flip-gmbh/senior-forward-deployed-engineer-stuttgart-373240
senior-forward-deployed-engineer-stuttgart-258011,Senior Forward Deployed Engineer (m/f/d),Flip GmbH,Stuttgart & Remote,False,Full Time,Customer Delivery,1,2026-09-10,Arbeitnow,https://www.arbeitnow.com/jobs/companies/flip-gmbh/senior-forward-deployed-engineer-stuttgart-258011
werkstudent-business-development-offenbach-am-main-54121,Werkstudent (w/m/d) Business Development,Holzland Becker,"Offenbach am Main, Hessen, Deutschland",False,"Student college, parttime fixed term",Werkstudenten OFB,1,2026-09-10,Arbeitnow,https://www.arbeitnow.com/jobs/companies/holzland-becker/werkstudent-business-development-offenbach-am-main-54121
working-student-it-service-management-governance-regensburg-435333,Working student IT Service Management & Governance (m/f/d),SGB-SMIT Group,"Regensburg, Bayern, Germany",False,"Student college, parttime fixed term",IT,1,2026-09-10,Arbeitnow,https://www.arbeitnow.com/jobs/companies/sgb-smit-group/working-student-it-service-management-governance-regensburg-435333
working-student-sap-coc-regensburg-336970,Working student SAP CoC  (m/f/d),SGB-SMIT Group,"Regensburg, Bayern, Germany",False,"Student college, parttime fixed term",IT,1,2026-09-10,Arbeitnow,https://www.arbeitnow.com/jobs/companies/sgb-smit-group/working-student-sap-coc-regensburg-336970
gis-systemarchitekt-arcgis-enterprise-bonn-360346,GIS Systemarchitekt (m/w/x) – ArcGIS Enterprise,VertiGIS GmbH,"Bonn, Nordrhein-Westfalen, Deutschland",False,"Mid, fulltime permanent",Professional Service,1,2026-09-10,Arbeitnow,https://www.arbeitnow.com/jobs/companies/vertigis-gmbh/gis-systemarchitekt-arcgis-enterprise-bonn-360346
senior-accountant-buchhalter-in-standort-herne-2-tage-homeoffice-51278,Senior Accountant / Buchhalter/in (m/w/d) - Standort Herne | 2 Tage Homeoffice,Arsipa GmbH,"Herne, Nordrhein-Westfalen, Deutschland",False,"Mid, fulltime permanent",Arsipa GmbH,1,2026-09-10,Arbeitnow,https://www.arbeitnow.com/jobs/companies/arsipa-gmbh/senior-accountant-buchhalter-in-standort-herne-2-tage-homeoffice-51278
quereinsteiger-im-vertrieb-mannheim-293498,Quereinsteiger im Vertrieb (m/w/d),Pure Werte Consulting,Mannheim,False,"Traineeship, teamleitung","Asset, Fonds Management",2,2026-09-10,Arbeitnow,https://www.arbeitnow.com/jobs/companies/pure-werte-consulting/quereinsteiger-im-vertrieb-mannheim-293498
senior-fullstack-engineer-llms-ai-agents-munich-248284,Senior Fullstack Engineer (LLMs & AI Agents),Tappz GmbH,Munich,False,professional / experienced,Engineering,1,2026-09-10,Arbeitnow,https://www.arbeitnow.com/jobs/companies/tappz-gmbh/senior-fullstack-engineer-llms-ai-agents-munich-248284
social-media-und-influencer-lead-all-genders-berlin-337881,Social Media und Influencer Lead (all genders),mammaly,Berlin,False,berufserfahren,Marketing and Communication,1,2026-09-10,Arbeitnow,https://www.arbeitnow.com/jobs/companies/mammaly/social-media-und-influencer-lead-all-genders-berlin-337881
senior-director-legal-compliance-ous-regions-munich-bavaria-451028,"Senior Director, Legal & Compliance, OUS Regions",Corcepttherapeutics,"Munich, Bavaria",False,Full Time,Corporate Functions,1,2026-09-10,Arbeitnow,https://www.arbeitnow.com/jobs/companies/corcepttherapeutics/senior-director-legal-compliance-ous-regions-munich-bavaria-451028
solutions-engineer-emea-munich-285871,Solutions Engineer - EMEA,Tulip,Munich,False,Full Time,Professional Services,1,2026-09-10,Arbeitnow,https://www.arbeitnow.com/jobs/companies/tulip/solutions-engineer-emea-munich-285871
student-postions-unsolicited-application-all-genders-munich-303888,Student Postions - Unsolicited Application (all genders),væridion,Munich HQ,False,Intern,General,1,2026-09-10,Arbeitnow,https://www.arbeitnow.com/jobs/companies/vaeridion/student-postions-unsolicited-application-all-genders-munich-303888
remote-customer-experience-dental-lab-technician-germany-113001,Customer Experience - Dental Lab Technician (Germany),Dandy,Germany - Remote,False,Full Time,Commercial,1,2026-09-10,Arbeitnow,https://www.arbeitnow.com/jobs/companies/dandy/remote-customer-experience-dental-lab-technician-germany-113001
success-story-communicator-cologne-369331,Success Story Communicator,Auf- und Umbruch im Gesundheitswesen GmbH,Cologne,False,"Working student, hilfstätigkeit / student",Online Marketing,1,2026-09-10,Arbeitnow,https://www.arbeitnow.com/jobs/companies/auf-und-umbruch-im-gesundheitswesen-gmbh/success-story-communicator-cologne-369331
tech-guy-automatisierungsexperte-munster-466718,Tech-Guy / Automatisierungsexperte (m/w/d),Versianer - Eine Marke der Versuro Gruppe,Münster,False,Full Time,Process Management,1,2026-09-10,Arbeitnow,https://www.arbeitnow.com/jobs/companies/versianer-eine-marke-der-versuro-gruppe/tech-guy-automatisierungsexperte-munster-466718
working-student-people-and-culture-site-operations-munich-305773,Working Student - People and Culture (Site operations) (f/m/d),TYTAN Technologies GmbH,"Munich, Bayern, Germany",False,"Student college, parttime fixed term",People and Culture,1,2026-09-10,Arbeitnow,https://www.arbeitnow.com/jobs/companies/tytan-technologies-gmbh/working-student-people-and-culture-site-operations-munich-305773
engineering-manager-stuttgart-72092,Engineering Manager (f/m/d),Markt Pilot,Stuttgart,False,Full-time,Software Development,1,2026-09-10,Arbeitnow,https://www.arbeitnow.com/jobs/companies/markt-pilot/engineering-manager-stuttgart-72092
java-full-stack-developer-martinsried-85702,Java Full Stack Developer (m/f/d),Epay,"Martinsried, Germany",False,"Full time, mid-senior","Information Technology, Information Technology and Services, epay Germany (Transact)",3,2026-09-10,Arbeitnow,https://www.arbeitnow.com/jobs/companies/epay/java-full-stack-developer-martinsried-85702
senior-customer-success-manager-berlin-428918,Senior Customer Success Manager,Walkme,Berlin,False,Full-time,Customer Success,1,2026-09-10,Arbeitnow,https://www.arbeitnow.com/jobs/companies/walkme/senior-customer-success-manager-berlin-428918
data-engineer-mid-level-berlin-de-63464,Data Engineer Mid-Level (m/w/d),Octopus Energy Group,Berlin (DE),False,Full-time,Data/Engineering,1,2026-09-10,Arbeitnow,https://www.arbeitnow.com/jobs/companies/octopus-energy-group/data-engineer-mid-level-berlin-de-63464
senior-sales-manager-heidenheim-451495,(Senior) Sales Manager (m/w/d),hairfree,Heidenheim,False,"Full-time permanent, mid","Sales, vocational",2,2026-09-10,Arbeitnow,https://www.arbeitnow.com/jobs/companies/hairfree/senior-sales-manager-heidenheim-451495
team-lead-it-infrastructure-it-operations-all-genders-berlin-48061,Team Lead IT Infrastructure & IT Operations (all genders),GIATA GmbH,Berlin,False,berufserfahren,Software Development,1,2026-09-10,Arbeitnow,https://www.arbeitnow.com/jobs/companies/giata-gmbh/team-lead-it-infrastructure-it-operations-all-genders-berlin-48061
werkstudent-technisches-projektmanagement-berlin-370633,Werkstudent - Technisches Projektmanagement,Voltir,Berlin,False,Part Time,Operations,1,2026-09-10,Arbeitnow,https://www.arbeitnow.com/jobs/companies/voltir/werkstudent-technisches-projektmanagement-berlin-370633
working-student-electronics-munich-86628,Working Student - Electronics (f/m/d),Munich Electrification,Munich,False,Intern,Munich Electrification,1,2026-09-10,Arbeitnow,https://www.arbeitnow.com/jobs/companies/munich-electrification/working-student-electronics-munich-86628
associate-account-executive-germany-berlin-293879,Associate Account Executive Germany (f/m/d),Upvest,Berlin,False,Full Time,Growth,1,2026-09-10,Arbeitnow,https://www.arbeitnow.com/jobs/companies/upvest/associate-account-executive-germany-berlin-293879
network-intern-berlin-307939,Network Intern (f/m/d),Upvest,Berlin,False,Intern,Operations,1,2026-09-10,Arbeitnow,https://www.arbeitnow.com/jobs/companies/upvest/network-intern-berlin-307939
german-tax-specialist-berlin-498378,German Tax Specialist (f/m/d),Upvest,Berlin,False,Full Time,Operations,1,2026-09-10,Arbeitnow,https://www.arbeitnow.com/jobs/companies/upvest/german-tax-specialist-berlin-498378
senior-software-engineer-cloud-platform-berlin-123705,"Senior Software Engineer, Cloud Platform",Rivianvw.tech,Berlin,False,Full Time,Technology and Innovation,1,2026-09-10,Arbeitnow,https://www.arbeitnow.com/jobs/companies/rivianvwtech/senior-software-engineer-cloud-platform-berlin-123705
senior-programmatic-manager-display-paid-social-bonn-169784,Senior Programmatic Manager Display & Paid Social (m/w/d),emetriq GmbH,"Bonn, Nordrhein-Westfalen, Deutschland",False,"Mid, fulltime permanent",Magenta,1,2026-09-10,Arbeitnow,https://www.arbeitnow.com/jobs/companies/emetriq-gmbh/senior-programmatic-manager-display-paid-social-bonn-169784
remote-senior-sales-engineer-berlin-348663,Senior Sales Engineer (m/w/d),Natuvion GmbH,Remote job,True,"Mid, fulltime permanent","Sales, Remote",2,2026-09-10,Arbeitnow,https://www.arbeitnow.com/jobs/companies/natuvion-gmbh/remote-senior-sales-engineer-berlin-348663
senior-motion-vfx-designer-gn-berlin-402094,Senior Motion & VFX Designer (gn),Intermate Media GmbH,"Berlin, Berlin, Deutschland",False,"Experienced, fulltime permanent",Visual Content,1,2026-09-10,Arbeitnow,https://www.arbeitnow.com/jobs/companies/intermate-media-gmbh/senior-motion-vfx-designer-gn-berlin-402094
marketing-manager-augsburg-263645,Marketing Manager (m/w/d),B:O:S Engergieberatung,Augsburg,False,Full Time,Marketing and Communication,1,2026-09-10,Arbeitnow,https://www.arbeitnow.com/jobs/companies/bos-engergieberatung/marketing-manager-augsburg-263645
head-of-finance-and-operations-berlin-470195,Head of Finance and Operations (m/w/d),Ninox Software GmbH,Berlin,False,teamleitung,"Management, Team Leader",2,2026-09-10,Arbeitnow,https://www.arbeitnow.com/jobs/companies/ninox-software-gmbh/head-of-finance-and-operations-berlin-470195
customer-success-manager-b2b-all-genders-berlin-242501,Customer Success Manager B2B (all genders),Helpling GmbH & Co. KG,Berlin,False,berufserfahren,Customer Service,1,2026-09-11,Arbeitnow,https://www.arbeitnow.com/jobs/companies/helpling-gmbh-co-kg/customer-success-manager-b2b-all-genders-berlin-242501
crm-manager-all-genders-berlin-477700,CRM Manager (all genders),Helpling GmbH & Co. KG,Berlin,False,berufserfahren,Marketing and Communication,1,2026-09-09,Arbeitnow,https://www.arbeitnow.com/jobs/companies/helpling-gmbh-co-kg/crm-manager-all-genders-berlin-477700
kaufmannischer-sachbearbeiter-deko-onlineshop-tegernheim-60760,Kaufmännischer Sachbearbeiter Deko-Onlineshop (m/w/d),Logbuch-Verlag GmbH,Tegernheim,True,berufserfahren,"Remote, Online Marketing",2,2026-09-09,Arbeitnow,https://www.arbeitnow.com/jobs/companies/logbuch-verlag-gmbh/kaufmannischer-sachbearbeiter-deko-onlineshop-tegernheim-60760
founders-associate-praktikum-all-genders-berlin-371403,Founders Associate Praktikum (all genders),Code Gaia,Berlin,True,"Internship, hilfstätigkeit / student","Remote, Business Development",2,2026-09-09,Arbeitnow,https://www.arbeitnow.com/jobs/companies/code-gaia/founders-associate-praktikum-all-genders-berlin-371403
mechatronics-engineering-50-prozent-studentische-stelle-bochum-169203,Mechatronics Engineering - 50 Prozent studentische Stelle (m/w/d),XRbit gUG (haftungsbeschränkt),Bochum,False,Working student,Engineering,1,2026-09-09,Arbeitnow,https://www.arbeitnow.com/jobs/companies/xrbit-gug-haftungsbeschrankt/mechatronics-engineering-50-prozent-studentische-stelle-bochum-169203
personalberater-berlin-bau-handwerksbranche-347737,Personalberater m/w/d Berlin | Bau & Handwerksbranche,Impledio GmbH,Berlin,False,berufserfahren,HR,1,2026-09-09,Arbeitnow,https://www.arbeitnow.com/jobs/companies/impledio-gmbh/personalberater-berlin-bau-handwerksbranche-347737
landwirt-feldbau-manager-teamleiter-pflanzenproduktion-im-gemuseanbau-kothen-anhalt-ot-arensdorf-233475,Landwirt / Feldbau Manager / Teamleiter Pflanzenproduktion (m/w/d) im Gemüseanbau,Wimex-Gruppe,Köthen (Anhalt) OT Arensdorf,False,"Full-time fixed-term, mid","Agriculture, vocational",2,2026-09-09,Arbeitnow,https://www.arbeitnow.com/jobs/companies/wimex-gruppe/landwirt-feldbau-manager-teamleiter-pflanzenproduktion-im-gemuseanbau-kothen-anhalt-ot-arensdorf-233475
senior-berater-customer-communication-output-management-wurzburg-270763,Senior Berater (w/m/d) – Customer Communication / Output Management,Pentadoc Gruppe,Würzburg,True,berufserfahren,"Remote, Consulting",2,2026-09-09,Arbeitnow,https://www.arbeitnow.com/jobs/companies/pentadoc-gruppe/senior-berater-customer-communication-output-management-wurzburg-270763
automatisierungstechniker-baruth-mark-112656,Automatisierungstechniker (m/w/d),Classen Industries GmbH,Baruth/Mark,False,berufserfahren,Automation Engineering,1,2026-09-09,Arbeitnow,https://www.arbeitnow.com/jobs/companies/classen-industries-gmbh/automatisierungstechniker-baruth-mark-112656
enterprise-account-executive-73682,Enterprise Account Executive,Anaplan,,False,Full Time,Field Sales,1,2026-09-09,Arbeitnow,https://www.arbeitnow.com/jobs/companies/anaplan/enterprise-account-executive-73682
senior-software-engineer-meta-ai-berlin-239493,"Senior Software Engineer, Meta AI",Kayak,Berlin Office,False,Full Time,Cost Centers,1,2026-09-09,Arbeitnow,https://www.arbeitnow.com/jobs/companies/kayak/senior-software-engineer-meta-ai-berlin-239493
senior-product-manager-full-remote-europe-germany-113907,Senior Product Manager (Full Remote - Europe),EverAI,Germany,False,Full Time,R&D,1,2026-09-09,Arbeitnow,https://www.arbeitnow.com/jobs/companies/everai/senior-product-manager-full-remote-europe-germany-113907
remote-revenue-operations-manager-retention-expansion-208454,Revenue Operations Manager - Retention & Expansion,SoSafe,Germany Remote,False,Full Time,Sales,1,2026-09-09,Arbeitnow,https://www.arbeitnow.com/jobs/companies/sosafe/remote-revenue-operations-manager-retention-expansion-208454
senior-manager-logistics-supply-chain-aachen-229807,Senior Manager Logistics & Supply Chain (f/m/d),Black Semiconductor GmbH,"Aachen, Germany",False,Full Time,Procurement Group,1,2026-09-09,Arbeitnow,https://www.arbeitnow.com/jobs/companies/black-semiconductor-gmbh/senior-manager-logistics-supply-chain-aachen-229807
sales-development-representative-sme-growth-business-berlin-406618,"Sales Development Representative, SME & Growth Business",Airwallex,DE - Berlin,False,Full Time,SME & Growth Business,1,2026-09-09,Arbeitnow,https://www.arbeitnow.com/jobs/companies/airwallex/sales-development-representative-sme-growth-business-berlin-406618
account-manager-sme-growth-berlin-483356,"Account Manager, SME & Growth",Airwallex,DE - Berlin,False,Full Time,SME & Growth Business,1,2026-09-09,Arbeitnow,https://www.arbeitnow.com/jobs/companies/airwallex/account-manager-sme-growth-berlin-483356
testingenieurin-software-aufbau-testframwork-in-python-berlin-hybrid-65000-85000-ingolstadt-216673,"Testingenieur:in Software Aufbau Testframwork in Python, Berlin hybrid, 65.000 - 85.000",wabcon,Ingolstadt,False,berufserfahren,"Quality Assurance, Inspection",2,2026-09-10,Arbeitnow,https://www.arbeitnow.com/jobs/companies/wabcon/testingenieurin-software-aufbau-testframwork-in-python-berlin-hybrid-65000-85000-ingolstadt-216673
senior-java-developer-e-commerce-accounting-marketplaces-remote-in-eu-hamburg-267555,Senior Java Developer - E-Commerce + Accounting & Marketplaces - remote in EU,pathway solutions gmbh,Hamburg,True,Full Time,"Remote, IT",2,2026-09-10,Arbeitnow,https://www.arbeitnow.com/jobs/companies/pathway-solutions-gmbh/senior-java-developer-e-commerce-accounting-marketplaces-remote-in-eu-hamburg-267555
web-analyst-cologne-188241,Web Analyst (m/w/d),morefire GmbH,Cologne,False,berufserfahren,Online Marketing,1,2026-09-09,Arbeitnow,https://www.arbeitnow.com/jobs/companies/morefire-gmbh/web-analyst-cologne-188241
produktionsmitarbeiter-produktprufung-teilzeit-befristet-munich-415688,Produktionsmitarbeiter Produktprüfung – Teilzeit (m/w/d) - befristet,Blickfeld GmbH,Munich,False,"Contract, berufseinstieg",Business Operations,1,2026-09-09,Arbeitnow,https://www.arbeitnow.com/jobs/companies/blickfeld-gmbh/produktionsmitarbeiter-produktprufung-teilzeit-befristet-munich-415688
accountant-all-genders-berlin-264279,Accountant (all genders),Code Gaia,Berlin,True,berufserfahren,"Remote, Finance",2,2026-09-09,Arbeitnow,https://www.arbeitnow.com/jobs/companies/code-gaia/accountant-all-genders-berlin-264279
senior-purchasing-manager-cuas-gilching-36183,Senior Purchasing Manager- cUAS  (m/f/d),Quantum-Systems GmbH,"Gilching, Bayern, Germany",False,"Mid, fulltime permanent",Supply Chain,1,2026-09-09,Arbeitnow,https://www.arbeitnow.com/jobs/companies/quantum-systems-gmbh/senior-purchasing-manager-cuas-gilching-36183
remote-senior-post-market-surveillance-manager-germany-426071,Senior Post-Market Surveillance Manager (m/f/d),Hilobyaktiia,Germany,True,"Full time, mid-senior","Quality Assurance, Medical Devices, Quality and Regulatory, Remote",4,2026-09-09,Arbeitnow,https://www.arbeitnow.com/jobs/companies/hilobyaktiia/remote-senior-post-market-surveillance-manager-germany-426071
business-development-director-solution-sales-de-r-19082-frankfurt-germany-77195,"Business Development Director, Solution Sales DE - m/f/d (R-19082)",Dnb,Frankfurt - Germany,False,Employee: Full Time,Sales,1,2026-09-09,Arbeitnow,https://www.arbeitnow.com/jobs/companies/dnb/business-development-director-solution-sales-de-r-19082-frankfurt-germany-77195
social-media-werkstudent-berlin-460244,Social Media Werkstudent (m/w/d),Qonto,Berlin,False,Working Student,Growth Central - Marketing,1,2026-09-09,Arbeitnow,https://www.arbeitnow.com/jobs/companies/qonto/social-media-werkstudent-berlin-460244
product-manager-koln-250773,Product Manager (m/w/d),Doonails,Köln,False,Fulltime,Product,1,2026-09-09,Arbeitnow,https://www.arbeitnow.com/jobs/companies/doonails/product-manager-koln-250773
data-engineer-berlin-370280,Data Engineer (m/w/d),ANGEHEUERT GmbH Personalberatung,Berlin,False,Full Time,IT,1,2026-09-09,Arbeitnow,https://www.arbeitnow.com/jobs/companies/angeheuert-gmbh-personalberatung/data-engineer-berlin-370280
projektleiter-tga-heizung-sanitar-60000-85000-eur-landshut-476880,Projektleiter TGA - Heizung / Sanitär (m/w/d) | 60.000 - 85.000 €,Riverstate Premium Recruiting,Landshut,False,berufserfahren,"Building, Supply, Safety Services Engineering",3,2026-09-09,Arbeitnow,https://www.arbeitnow.com/jobs/companies/riverstate-premium-recruiting/projektleiter-tga-heizung-sanitar-60000-85000-eur-landshut-476880
senior-buchhalter-ifrs-hgb-hamburg-116120,Senior Buchhalter IFRS & HGB (m/w/d),ANGEHEUERT GmbH Personalberatung,Hamburg,False,Full Time,Finance,1,2026-09-09,Arbeitnow,https://www.arbeitnow.com/jobs/companies/angeheuert-gmbh-personalberatung/senior-buchhalter-ifrs-hgb-hamburg-116120
product-owner-mit-ki-fokus-40000-eur-60000-eur-jahresgehalt-zwickau-116328,Product Owner mit KI Fokus (m/w/d) | 40.000 € - 60.000 € Jahresgehalt,Ines Scholz Steuerberatungsgesellschaft,Zwickau,False,Full Time,Product Management,1,2026-09-09,Arbeitnow,https://www.arbeitnow.com/jobs/companies/ines-scholz-steuerberatungsgesellschaft/product-owner-mit-ki-fokus-40000-eur-60000-eur-jahresgehalt-zwickau-116328
solutions-engineer-emea-munich-265198,Solutions Engineer - EMEA,Tulip Interfaces,"Munich, Bavaria, Germany",False,Full Time,,0,2026-09-09,Arbeitnow,https://www.arbeitnow.com/jobs/companies/tulip-interfaces/solutions-engineer-emea-munich-265198
werkstudent-buchhaltung-accounting-berlin-75603,Werkstudent Buchhaltung/ Accounting (m/w/d),Flix,"Berlin, Berlin, Germany",False,Full Time,,0,2026-09-09,Arbeitnow,https://www.arbeitnow.com/jobs/companies/flix/werkstudent-buchhaltung-accounting-berlin-75603
senior-hr-tech-business-analyst-automation-ai-berlin-76054,Senior HR Tech Business Analyst — Automation & AI (m/f/d),Flix,"Berlin, Germany",False,Full Time,,0,2026-09-09,Arbeitnow,https://www.arbeitnow.com/jobs/companies/flix/senior-hr-tech-business-analyst-automation-ai-berlin-76054
expert-hr-tech-solution-architect-berlin-392063,Expert HR Tech Solution Architect (m/f/d),Flix,"Berlin, Germany",False,Full Time,,0,2026-09-09,Arbeitnow,https://www.arbeitnow.com/jobs/companies/flix/expert-hr-tech-solution-architect-berlin-392063
werkstudent-buchhaltung-accounting-munich-416422,Werkstudent Buchhaltung/ Accounting (m/w/d),Flix,"Munich, Bavaria, Germany",False,Full Time,,0,2026-09-09,Arbeitnow,https://www.arbeitnow.com/jobs/companies/flix/werkstudent-buchhaltung-accounting-munich-416422
principal-corporate-law-corporate-financing-berlin-133584,Principal Corporate Law & Corporate Financing (m/f/d),Flix,"Berlin, Germany",False,Full Time,,0,2026-09-09,Arbeitnow,https://www.arbeitnow.com/jobs/companies/flix/principal-corporate-law-corporate-financing-berlin-133584
backend-engineer-golang-transfers-eu-berlin-10798,Backend Engineer (Golang) - Transfers EU,SumUp,"Berlin, Germany",False,Full Time,,0,2026-09-09,Arbeitnow,https://www.arbeitnow.com/jobs/companies/sumup/backend-engineer-golang-transfers-eu-berlin-10798
werkstudentin-projektunterstutzung-nuremberg-268304,Werkstudent:in (m/w/d) Projektunterstützung,Kultify,Nuremberg,False,Working student,Business Operations,1,2026-09-10,Arbeitnow,https://www.arbeitnow.com/jobs/companies/kultify/werkstudentin-projektunterstutzung-nuremberg-268304
werkstudent-sales-marketing-frankfurt-am-main-272730,Werkstudent (m/w/d) Sales & Marketing,parasus GmbH,Frankfurt am Main,True,Working student,"Remote, Business Development",2,2026-09-09,Arbeitnow,https://www.arbeitnow.com/jobs/companies/parasus-gmbh/werkstudent-sales-marketing-frankfurt-am-main-272730
creator-coach-social-media-langweid-am-lech-239809,Creator Coach (m/w/d) - Social Media,Picmondoo GmbH,Langweid am Lech,True,berufserfahren,"Remote, Social Media Manager",2,2026-09-11,Arbeitnow,https://www.arbeitnow.com/jobs/companies/picmondoo-gmbh/creator-coach-social-media-langweid-am-lech-239809
teamleiterin-design-koln-486918,Teamleiter:in Design (m/w/d),DocCheck AG,Köln,False,"Full-time fixed-term, experienced","Design and creative, vocational",2,2026-09-09,Arbeitnow,https://www.arbeitnow.com/jobs/companies/doccheck-ag/teamleiterin-design-koln-486918
seo-specialist-wiesbaden-497635,SEO Specialist,Yalwa GmbH,Wiesbaden,False,"Full-time permanent, experienced","Internet and software, high school coursework",2,2026-09-09,Arbeitnow,https://www.arbeitnow.com/jobs/companies/yalwa-gmbh/seo-specialist-wiesbaden-497635
vertriebsinnendienst-teamleiter-greven-osnabruck-337936,Vertriebsinnendienst Teamleiter (m/w/d) - Greven,MR-Shop GmbH,Osnabrück,False,"Full-time permanent, experienced","Sales, college coursework completed",2,2026-09-09,Arbeitnow,https://www.arbeitnow.com/jobs/companies/mr-shop-gmbh/vertriebsinnendienst-teamleiter-greven-osnabruck-337936
ux-designer-fur-digitale-produkte-espelkamp-369131,UX Designer für digitale Produkte (m/w/d),Mittwald CM Service GmbH & Co. KG,Espelkamp,False,"Full-time permanent, experienced","Internet and software, professional",2,2026-09-09,Arbeitnow,https://www.arbeitnow.com/jobs/companies/mittwald-cm-service-gmbh-co-kg/ux-designer-fur-digitale-produkte-espelkamp-369131
werkstudent-ki-visbek-rechterfeld-53752,Werkstudent KI (m/w/d),PHW-Gruppe,Visbek-Rechterfeld,False,"Full-time permanent, mid","Consulting, vocational",2,2026-09-09,Arbeitnow,https://www.arbeitnow.com/jobs/companies/phw-gruppe/werkstudent-ki-visbek-rechterfeld-53752
ai-product-engineer-bielefeld-499105,AI Product Engineer (w/m/d),Ole KG,Bielefeld,False,Full Time,Software Development,1,2026-09-09,Arbeitnow,https://www.arbeitnow.com/jobs/companies/ole-kg/ai-product-engineer-bielefeld-499105
senior-backend-developer-java-paderborn-154798,(Senior) Backend Developer Java (m/w/d),WPS Management GmbH,Paderborn,True,Full Time,"Remote, Software Development",2,2026-09-09,Arbeitnow,https://www.arbeitnow.com/jobs/companies/wps-management-gmbh/senior-backend-developer-java-paderborn-154798
video-editor-fur-social-media-berlin-386952,Video Editor für Social Media (m/w/d),TIM Company GmbH,Berlin,False,berufserfahren,Online Marketing,1,2026-09-09,Arbeitnow,https://www.arbeitnow.com/jobs/companies/tim-company-gmbh/video-editor-fur-social-media-berlin-386952
performance-marketing-manager-paid-social-dortmund-909,Performance Marketing Manager Paid Social (m/w/d),likeyaa GmbH,Dortmund,False,Full Time,Social Media Manager,1,2026-09-10,Arbeitnow,https://www.arbeitnow.com/jobs/companies/likeyaa-gmbh/performance-marketing-manager-paid-social-dortmund-909
teamleiter-vertriebsinnendienst-greven-osnabruck-464099,Teamleiter Vertriebsinnendienst (m/w/d) - Greven,MR-Shop GmbH,Osnabrück,False,Full Time,"Management, Team Leader",2,2026-09-09,Arbeitnow,https://www.arbeitnow.com/jobs/companies/mr-shop-gmbh/teamleiter-vertriebsinnendienst-greven-osnabruck-464099
werkstudent-softwareentwicklung-wurzburg-178085,Werkstudent/-in Softwareentwicklung (m/w/d),Vision4Quality GmbH,Würzburg,False,Full Time,Engineering,1,2026-09-10,Arbeitnow,https://www.arbeitnow.com/jobs/companies/vision4quality-gmbh/werkstudent-softwareentwicklung-wurzburg-178085
co-founder-cto-halle-saale-1305,Co-Founder / CTO,Baumetric,Halle (Saale),True,Full Time,"Remote, Software Development",2,2026-09-09,Arbeitnow,https://www.arbeitnow.com/jobs/companies/baumetric/co-founder-cto-halle-saale-1305
working-student-in-building-energy-software-development-freiburg-im-breisgau-243409,Working Student in Building Energy & Software Development,greenventory GmbH,Freiburg im Breisgau,False,"Working student, no experience required / student",Software Development,1,2026-09-09,Arbeitnow,https://www.arbeitnow.com/jobs/companies/greenventory-gmbh/working-student-in-building-energy-software-development-freiburg-im-breisgau-243409
werkstudent-in-content-marketing-wurzburg-189157,Werkstudent/-in Content Marketing (m/w/d),Vision4Quality GmbH,Würzburg,False,Full Time,Marketing and Communication,1,2026-09-09,Arbeitnow,https://www.arbeitnow.com/jobs/companies/vision4quality-gmbh/werkstudent-in-content-marketing-wurzburg-189157
software-engineer-hannover-265973,Software Engineer (m/w/d),citema systems GmbH,Hannover,False,berufserfahren,Software Development,1,2026-09-09,Arbeitnow,https://www.arbeitnow.com/jobs/companies/citema-systems-gmbh/software-engineer-hannover-265973
data-engineer-dresden-216553,Data Engineer (m/w/d),citema systems GmbH,Dresden,False,berufserfahren,Data Scientist,1,2026-09-09,Arbeitnow,https://www.arbeitnow.com/jobs/companies/citema-systems-gmbh/data-engineer-dresden-216553
automatisierungsingenieur-siemens-s7-tia-portal-fanuc-bodensee-wiesbaden-378676,Automatisierungsingenieur | Siemens S7 / TIA Portal | Fanuc | Bodensee,NXT Hero GmbH,Wiesbaden,False,Full Time,Engineering,1,2026-09-09,Arbeitnow,https://www.arbeitnow.com/jobs/companies/nxt-hero-gmbh/automatisierungsingenieur-siemens-s7-tia-portal-fanuc-bodensee-wiesbaden-378676
controller-finance-frankfurt-am-main-5782,Controller (m/w/d) Finance,Biomatch GmbH,Frankfurt am Main,False,Full Time,Controlling,1,2026-09-09,Arbeitnow,https://www.arbeitnow.com/jobs/companies/biomatch-gmbh/controller-finance-frankfurt-am-main-5782
it-support-stuttgart-340013,IT-Support,Film- und Medienfestival gGmbH,Stuttgart,False,Side,IT,1,2026-09-09,Arbeitnow,https://www.arbeitnow.com/jobs/companies/film-und-medienfestival-ggmbh/it-support-stuttgart-340013
sachbearbeiter-back-office-in-teil-oder-vollzeit-karlsruhe-268019,Sachbearbeiter (m/w/d) Back Office in Teil- oder Vollzeit,Sparkasse Karlsruhe,Karlsruhe,False,Full Time,Finance,1,2026-09-09,Arbeitnow,https://www.arbeitnow.com/jobs/companies/sparkasse-karlsruhe/sachbearbeiter-back-office-in-teil-oder-vollzeit-karlsruhe-268019
customer-service-auftragssteuerung-sonderanfertigung-norderstedt-314909,Customer Service & Auftragssteuerung / Sonderanfertigung (m/w/d),Waldemar Link GmbH & Co. KG,Norderstedt,False,berufseinstieg,Customer Service,1,2026-09-09,Arbeitnow,https://www.arbeitnow.com/jobs/companies/waldemar-link-gmbh-co-kg/customer-service-auftragssteuerung-sonderanfertigung-norderstedt-314909
sap-fi-finance-consultant-hamburg-47414,SAP FI / Finance Consultant,cink AG,Hamburg,False,berufseinstieg,Business Consulting,1,2026-09-09,Arbeitnow,https://www.arbeitnow.com/jobs/companies/cink-ag/sap-fi-finance-consultant-hamburg-47414
machine-learning-consultant-munich-299191,Machine Learning Consultant (m/w/d),Machine Learning Reply,"Munich, Bayern, Germany",False,"Entry, fulltime permanent",Data Frameworks,1,2026-09-09,Arbeitnow,https://www.arbeitnow.com/jobs/companies/machine-learning-reply/machine-learning-consultant-munich-299191
agentic-ai-software-engineer-munich-284357,Agentic AI Software Engineer,Machine Learning Reply,"Munich, Bayern, Germany",False,"Entry, fulltime permanent",Data Frameworks,1,2026-09-09,Arbeitnow,https://www.arbeitnow.com/jobs/companies/machine-learning-reply/agentic-ai-software-engineer-munich-284357
head-of-technology-munchen-204533,Head of Technology (m/w/d),ISA Telematics GmbH,München,False,geschäftsleitung,IT,1,2026-09-09,Arbeitnow,https://www.arbeitnow.com/jobs/companies/isa-telematics-gmbh/head-of-technology-munchen-204533
werkstudent-in-performance-marketing-wurzburg-365855,Werkstudent/-in Performance Marketing (m/w/d),Vision4Quality GmbH,Würzburg,False,Full Time,Marketing and Communication,1,2026-09-09,Arbeitnow,https://www.arbeitnow.com/jobs/companies/vision4quality-gmbh/werkstudent-in-performance-marketing-wurzburg-365855
working-student-ai-process-business-excellence-berlin-366265,Working Student – AI Process & Business Excellence (m/f/d),1KOMMA5˚,Berlin,True,"Working student, professional / experienced","Remote, Software Development",2,2026-09-09,Arbeitnow,https://www.arbeitnow.com/jobs/companies/1komma50/working-student-ai-process-business-excellence-berlin-366265
senior-gtm-engineer-berlin-215857,(Senior) GTM-Engineer (m/w/d),Boardwise GmbH,Berlin,True,berufserfahren,"Remote, Marketing and Communication",2,2026-09-09,Arbeitnow,https://www.arbeitnow.com/jobs/companies/boardwise-gmbh/senior-gtm-engineer-berlin-215857
freelance-senior-qa-engineer-mobile-berlin-168351,Freelance Senior QA Engineer (Mobile),Unzer,Berlin,False,Freelance,QA,1,2026-09-09,Arbeitnow,https://www.arbeitnow.com/jobs/companies/unzer/freelance-senior-qa-engineer-mobile-berlin-168351
senior-python-engineer-datafeed-team-berlin-197836,"Senior Python Engineer, DataFeed Team",Fliff,Berlin,False,Contract,Backend Engineering,1,2026-09-09,Arbeitnow,https://www.arbeitnow.com/jobs/companies/fliff/senior-python-engineer-datafeed-team-berlin-197836
senior-rf-engineer-ii-munich-germany-418498,Senior RF Engineer II,CesiumAstro,"Munich, Germany",False,Full-time,Engineering,1,2026-09-09,Arbeitnow,https://www.arbeitnow.com/jobs/companies/cesiumastro/senior-rf-engineer-ii-munich-germany-418498
enterprise-account-executive-dach-berlin-germany-308059,Enterprise Account Executive - DACH,Insider One,"Berlin, Germany",False,Full-Time,Sales,1,2026-09-09,Arbeitnow,https://www.arbeitnow.com/jobs/companies/insider-one/enterprise-account-executive-dach-berlin-germany-308059
werkstudent-ai-automation-n8n-make-zapier-hamburg-249231,"Werkstudent AI & Automation (m/w/d) n8n, Make, Zapier",AdKochMarketing GmbH,Hamburg,False,Working student,IT,1,2026-09-09,Arbeitnow,https://www.arbeitnow.com/jobs/companies/adkochmarketing-gmbh/werkstudent-ai-automation-n8n-make-zapier-hamburg-249231
schichtleiterin-berlin-210906,Schichtleiter:in,BUYA Ramen,Berlin,False,manager,"Management, Team Leader",2,2026-09-09,Arbeitnow,https://www.arbeitnow.com/jobs/companies/buya-ramen/schichtleiterin-berlin-210906
senior-backend-engineer-python-typescript-microservices-data-pipelines-berlin-484090,"Senior Backend Engineer (Python & TypeScript, Microservices & Data Pipelines)",EquiMatch GmbH,Berlin,False,professional / experienced,Software Development,1,2026-09-11,Arbeitnow,https://www.arbeitnow.com/jobs/companies/equimatch-gmbh/senior-backend-engineer-python-typescript-microservices-data-pipelines-berlin-484090
influencer-marketing-manager-dusseldorf-331568,Influencer Marketing Manager (m/w/d),MORE MONEY MORE LOVE,Düsseldorf,False,Full Time,Marketing and Communication,1,2026-09-09,Arbeitnow,https://www.arbeitnow.com/jobs/companies/more-money-more-love/influencer-marketing-manager-dusseldorf-331568
odoo-prozessdigitalisierung-stuttgart-114916,Odoo & Prozessdigitalisierung (m/w/d),KODRA GmbH & Co. KG,Stuttgart,False,Full Time,Information Systems,1,2026-09-09,Arbeitnow,https://www.arbeitnow.com/jobs/companies/kodra-gmbh-co-kg/odoo-prozessdigitalisierung-stuttgart-114916
senior-controller-magdeburg-686,Senior Controller (m/w/d),SelectLine Group,Magdeburg,False,Full Time,Controlling,1,2026-09-09,Arbeitnow,https://www.arbeitnow.com/jobs/companies/selectline-group/senior-controller-magdeburg-686
embedded-softwareentwickler-c-munich-475394,Embedded Softwareentwickler C++ (m/w/d),citema systems GmbH,Munich,False,Full Time,IT,1,2026-09-09,Arbeitnow,https://www.arbeitnow.com/jobs/companies/citema-systems-gmbh/embedded-softwareentwickler-c-munich-475394
erp-manager-microsoft-dynamics-nav-business-central-berlin-174342,ERP Manager Microsoft Dynamics NAV/ Business Central (m/w/d),Heilpflanzenwohl GmbH,Berlin,False,berufserfahren,IT,1,2026-09-09,Arbeitnow,https://www.arbeitnow.com/jobs/companies/heilpflanzenwohl-gmbh/erp-manager-microsoft-dynamics-nav-business-central-berlin-174342
initiativbewerbung-unsolicited-application-kamp-lintfort-367061,Initiativbewerbung / Unsolicited Application (f/m/d),Coduct Solutions GmbH,Kamp-Lintfort,False,Full Time,IT,1,2026-09-09,Arbeitnow,https://www.arbeitnow.com/jobs/companies/coduct-solutions-gmbh/initiativbewerbung-unsolicited-application-kamp-lintfort-367061
junior-grafikdesigner-e-commerce-dusseldorf-242856,(Junior) Grafikdesigner E-Commerce (m/w/d),RM COMMERCE GmbH,Düsseldorf,False,Full Time,Graphic Arts and Communication Design,1,2026-09-09,Arbeitnow,https://www.arbeitnow.com/jobs/companies/rm-commerce-gmbh/junior-grafikdesigner-e-commerce-dusseldorf-242856
mitarbeiter-buchhaltung-minijob-stuttgart-486625,Mitarbeiter Buchhaltung (m/w/d) - Minijob,Kanzlei Königstraße,Stuttgart,True,berufserfahren,"Remote, Finance",2,2026-09-09,Arbeitnow,https://www.arbeitnow.com/jobs/companies/kanzlei-konigstrasse/mitarbeiter-buchhaltung-minijob-stuttgart-486625
techniker-gebaudetechnik-wohnimmobilien-berlin-428759,Techniker Gebäudetechnik (m/w/d) - Wohnimmobilien,Trigon Gruppe GmbH,Berlin,False,berufserfahren,"Building, Supply, Safety Services Engineering",3,2026-09-09,Arbeitnow,https://www.arbeitnow.com/jobs/companies/trigon-gruppe-gmbh/techniker-gebaudetechnik-wohnimmobilien-berlin-428759
senior-spezialist-gesamtbanksteuerung-straubing-233755,Senior Spezialist (w/m/d) Gesamtbanksteuerung,V-HEAL GmbH,Straubing,False,Full Time,Controlling,1,2026-09-09,Arbeitnow,https://www.arbeitnow.com/jobs/companies/v-heal-gmbh/senior-spezialist-gesamtbanksteuerung-straubing-233755
senior-it-systems-administrator-network-security-berlin-230604,Senior IT Systems Administrator (m/f/d) Network & Security,MOTOR Ai,Berlin,False,Full Time,System and Network Administration,1,2026-09-09,Arbeitnow,https://www.arbeitnow.com/jobs/companies/motor-ai/senior-it-systems-administrator-network-security-berlin-230604
senior-kreditrestrukturierungsspezialist-im-internationalen-bankensektor-frankfurt-am-main-226282,Senior - Kreditrestrukturierungsspezialist im internationalen Bankensektor (m/w/d),Jan Pethe Interim Management & Consulting GmbH - JPIMC®,Frankfurt am Main,False,berufserfahren,Credit Analysis,1,2026-09-09,Arbeitnow,https://www.arbeitnow.com/jobs/companies/jan-pethe-interim-management-consulting-gmbh-jpimc/senior-kreditrestrukturierungsspezialist-im-internationalen-bankensektor-frankfurt-am-main-226282
konstrukteur-projektplanung-3d-konstruktion-projektplanung-nersingen-157998,Konstrukteur/ Projektplanung (m/w/d) - 3D- Konstruktion & Projektplanung,Taguss GmbH,Nersingen,False,Full Time,Engineering,1,2026-09-09,Arbeitnow,https://www.arbeitnow.com/jobs/companies/taguss-gmbh/konstrukteur-projektplanung-3d-konstruktion-projektplanung-nersingen-157998
ausbildung-fachinformatiker-fur-systemintegration-2027-weinstadt-255051,Ausbildung Fachinformatiker für Systemintegration (m/w/d) 2027,audius SE,Weinstadt,False,Apprenticeship,System and Network Administration,1,2026-09-09,Arbeitnow,https://www.arbeitnow.com/jobs/companies/audius-se/ausbildung-fachinformatiker-fur-systemintegration-2027-weinstadt-255051
it-infrastruktur-admin-project-manager-wetzlar-177397,IT Infrastruktur Admin & Project Manager (m/w/d),Satisloh GmbH,Wetzlar,False,Full Time,IT,1,2026-09-09,Arbeitnow,https://www.arbeitnow.com/jobs/companies/satisloh-gmbh/it-infrastruktur-admin-project-manager-wetzlar-177397
kfz-serviceberater-in-darmstadt-415953,KFZ-Serviceberater/in,Autohaus am Prinzert GmbH,Darmstadt,False,Full Time,Customer Service,1,2026-09-09,Arbeitnow,https://www.arbeitnow.com/jobs/companies/autohaus-am-prinzert-gmbh/kfz-serviceberater-in-darmstadt-415953
digitale-vertriebsassistenz-remote-sales-support-beeskow-471960,Digitale Vertriebsassistenz/ Remote Sales Support (m/w/d),Julia Schüler,Beeskow,True,Freelance,"Remote, Marketing and Communication",2,2026-09-09,Arbeitnow,https://www.arbeitnow.com/jobs/companies/julia-schuler/digitale-vertriebsassistenz-remote-sales-support-beeskow-471960
it-systemadministrator-infrastruktur-produktion-achim-410425,IT-Systemadministrator (m/w/d) - Infrastruktur & Produktion,53acht GmbH,Achim,False,berufserfahren,System and Network Administration,1,2026-09-10,Arbeitnow,https://www.arbeitnow.com/jobs/companies/53acht-gmbh/it-systemadministrator-infrastruktur-produktion-achim-410425
founding-marketer-berlin-245703,Founding Marketer (m/f/x),xHeron Solutions,Berlin,False,Full Time,Marketing and Communication,1,2026-09-09,Arbeitnow,https://www.arbeitnow.com/jobs/companies/xheron-solutions/founding-marketer-berlin-245703
anlagenmechaniker-servicetechniker-shk-hamburg-306023,Anlagenmechaniker / Servicetechniker SHK ( m/w/d),PolyTALENT GmbH,Hamburg,False,berufseinstieg,Engineering,1,2026-09-09,Arbeitnow,https://www.arbeitnow.com/jobs/companies/polytalent-gmbh/anlagenmechaniker-servicetechniker-shk-hamburg-306023
baugrundgutachter-geotechniker-mit-homeoffice-option-munich-349727,Baugrundgutachter / Geotechniker mit Homeoffice-Option (m/w/d),PolyTALENT GmbH,Munich,False,berufserfahren,Engineering,1,2026-09-10,Arbeitnow,https://www.arbeitnow.com/jobs/companies/polytalent-gmbh/baugrundgutachter-geotechniker-mit-homeoffice-option-munich-349727
working-student-commercial-planning-leipzig-299731,Working Student - Commercial Planning (f/m/d),Spread Group,"Leipzig, Sachsen, Germany",False,"Student college, parttime fixed term",Marketing,1,2026-09-09,Arbeitnow,https://www.arbeitnow.com/jobs/companies/spread-group/working-student-commercial-planning-leipzig-299731
colour-material-experience-designer-im-bereich-bus-design-munich-131986,Colour Material Experience Designer im Bereich Bus-Design (m/w/d),Actana Consulting Services GmbH,Munich,False,Full Time,Engineering,1,2026-09-09,Arbeitnow,https://www.arbeitnow.com/jobs/companies/actana-consulting-services-gmbh/colour-material-experience-designer-im-bereich-bus-design-munich-131986
field-service-experts-fur-den-rhein-neckar-raum-plz-68xxx-69xxx-mannheim-171918,Field Service Experts (m/w/d) für den Rhein-Neckar-Raum (PLZ 68xxx/69xxx),Radio P.O.S.,Mannheim,False,Full Time,Customer Service,1,2026-09-09,Arbeitnow,https://www.arbeitnow.com/jobs/companies/radio-pos/field-service-experts-fur-den-rhein-neckar-raum-plz-68xxx-69xxx-mannheim-171918
controller-energiewirtschaft-bergisch-gladbach-297675,Controller Energiewirtschaft (m/w/d),Stromkontor Rostock Port GmbH,Bergisch Gladbach,False,berufserfahren,Controlling,1,2026-09-09,Arbeitnow,https://www.arbeitnow.com/jobs/companies/stromkontor-rostock-port-gmbh/controller-energiewirtschaft-bergisch-gladbach-297675
servicetechniker-im-aussendienst-fur-raum-wiesbaden-mainz-215620,Servicetechniker im Außendienst (m/w/d) für Raum Wiesbaden/Mainz,Radio P.O.S.,Wiesbaden,False,Full Time,Customer Service,1,2026-09-09,Arbeitnow,https://www.arbeitnow.com/jobs/companies/radio-pos/servicetechniker-im-aussendienst-fur-raum-wiesbaden-mainz-215620
servicetechniker-im-aussendienst-fur-den-grossraum-wurzburg-plz-97xxx-431828,Servicetechniker im Außendienst (m/w/d) für den Großraum Würzburg (PLZ 97xxx),Radio P.O.S.,Würzburg,False,Full Time,Customer Service,1,2026-09-09,Arbeitnow,https://www.arbeitnow.com/jobs/companies/radio-pos/servicetechniker-im-aussendienst-fur-den-grossraum-wurzburg-plz-97xxx-431828
disponent-in-einsatzplaner-in-im-sicherheitsunternehmen-hamburg-294022,Disponent *in / Einsatzplaner *in im Sicherheitsunternehmen (m/w/d),proSicherheit GmbH,Hamburg,False,Full Time,Administration,1,2026-09-09,Arbeitnow,https://www.arbeitnow.com/jobs/companies/prosicherheit-gmbh/disponent-in-einsatzplaner-in-im-sicherheitsunternehmen-hamburg-294022
strategischer-leiter-marketing-monchengladbach-400397,Strategischer Leiter Marketing (m/w/d),BASI GmbH,Mönchengladbach,False,teamleitung,"Management, Team Leader",2,2026-09-09,Arbeitnow,https://www.arbeitnow.com/jobs/companies/basi-gmbh/strategischer-leiter-marketing-monchengladbach-400397
technical-product-owner-hamburg-327097,Technical Product Owner (m/w/d),ITA Consulting GmbH,Hamburg,False,berufserfahren,Product Management,1,2026-09-09,Arbeitnow,https://www.arbeitnow.com/jobs/companies/ita-consulting-gmbh/technical-product-owner-hamburg-327097
elektroniker-schaltschrankbau-mit-entwicklung-sps-westerheim-301650,Elektroniker Schaltschrankbau mit Entwicklung SPS (m/w/d),PolyTALENT GmbH,Westerheim,False,berufseinstieg,IT,1,2026-09-09,Arbeitnow,https://www.arbeitnow.com/jobs/companies/polytalent-gmbh/elektroniker-schaltschrankbau-mit-entwicklung-sps-westerheim-301650
bauingenieur-siedlungswasserwirtschaft-traunreut-474687,Bauingenieur Siedlungswasserwirtschaft (m/w/d),PolyTALENT GmbH,Traunreut,False,berufserfahren,Engineering,1,2026-09-09,Arbeitnow,https://www.arbeitnow.com/jobs/companies/polytalent-gmbh/bauingenieur-siedlungswasserwirtschaft-traunreut-474687
architekt-bauingenieur-mit-projektverantwortung-dortmund-412127,Architekt / Bauingenieur mit Projektverantwortung (m/w/d),PolyTALENT GmbH,Dortmund,False,berufserfahren,Engineering,1,2026-09-09,Arbeitnow,https://www.arbeitnow.com/jobs/companies/polytalent-gmbh/architekt-bauingenieur-mit-projektverantwortung-dortmund-412127
mitarbeiter-kundenservice-marketing-events-regensburg-73866,"Mitarbeiter Kundenservice, Marketing & Events (m/w/d)",Feine Räder,Regensburg,False,berufserfahren,Marketing Manager,1,2026-09-09,Arbeitnow,https://www.arbeitnow.com/jobs/companies/feine-rader/mitarbeiter-kundenservice-marketing-events-regensburg-73866
werkstudentinnen-it-consulting-munich-447856,Werkstudent:innen IT Consulting (m/w/d),MESKRU GmbH,Munich,False,Working student,"Consulting, Engineering",2,2026-09-09,Arbeitnow,https://www.arbeitnow.com/jobs/companies/meskru-gmbh/werkstudentinnen-it-consulting-munich-447856
data-engineer-cloud-data-platform-engineer-gescher-239435,Data Engineer / Cloud Data Platform Engineer (m/w/d),group24 AG,Gescher,False,Full Time,Business Consulting,1,2026-09-09,Arbeitnow,https://www.arbeitnow.com/jobs/companies/group24-ag/data-engineer-cloud-data-platform-engineer-gescher-239435
software-developer-junior-typescript-groovy-essen-148110,Software Developer (Junior): TypeScript & Groovy (m/w/d),MESKRU GmbH,Essen,False,Full Time,Software Development,1,2026-09-09,Arbeitnow,https://www.arbeitnow.com/jobs/companies/meskru-gmbh/software-developer-junior-typescript-groovy-essen-148110
software-developer-junior-typescript-groovy-munich-268785,Software Developer (Junior): TypeScript & Groovy (m/w/d),MESKRU GmbH,Munich,False,Full Time,Software Development,1,2026-09-09,Arbeitnow,https://www.arbeitnow.com/jobs/companies/meskru-gmbh/software-developer-junior-typescript-groovy-munich-268785
senior-softwareentwickler-c-testautomatisierung-ulm-64938,Senior Softwareentwickler (m/w/d) C++ Testautomatisierung,Proway GmbH,Ulm,False,berufserfahren,Software Development,1,2026-09-09,Arbeitnow,https://www.arbeitnow.com/jobs/companies/proway-gmbh/senior-softwareentwickler-c-testautomatisierung-ulm-64938
marketing-manager-fokus-b2b-product-marketing-blaustein-357410,Marketing Manager (m/w/d) - Fokus: B2B & Product Marketing,Proway GmbH,Blaustein,False,Full Time,Marketing and Communication,1,2026-09-09,Arbeitnow,https://www.arbeitnow.com/jobs/companies/proway-gmbh/marketing-manager-fokus-b2b-product-marketing-blaustein-357410
software-engineer-platform-berlin-germany-269686,"Software Engineer, Platform - Berlin, Germany",Speechify,"Berlin, Germany",False,Full Time,,0,2026-09-09,Arbeitnow,https://www.arbeitnow.com/jobs/companies/speechify/software-engineer-platform-berlin-germany-269686
software-engineer-data-infrastructure-acquisition-dusseldorf-germany-dusseldorf-101145,"Software Engineer, Data Infrastructure & Acquisition - Düsseldorf, Germany",Speechify,"Dusseldorf, North Rhine-Westphalia, Germany",False,Full Time,,0,2026-09-09,Arbeitnow,https://www.arbeitnow.com/jobs/companies/speechify/software-engineer-data-infrastructure-acquisition-dusseldorf-germany-dusseldorf-101145
software-engineer-data-infrastructure-acquisition-stuttgart-germany-292139,"Software Engineer, Data Infrastructure & Acquisition - Stuttgart, Germany",Speechify,"Stuttgart, Baden-Württemberg, Germany",False,Full Time,,0,2026-09-09,Arbeitnow,https://www.arbeitnow.com/jobs/companies/speechify/software-engineer-data-infrastructure-acquisition-stuttgart-germany-292139
senior-software-engineer-windows-desktop-applications-frankfurt-germany-227938,"Senior Software Engineer, Windows/Desktop Applications - Frankfurt, Germany",Speechify,"Frankfurt, Hesse, Germany",False,Full Time,,0,2026-09-09,Arbeitnow,https://www.arbeitnow.com/jobs/companies/speechify/senior-software-engineer-windows-desktop-applications-frankfurt-germany-227938
senior-software-engineer-core-experiences-dusseldorf-germany-dusseldorf-460599,"Senior Software Engineer, Core Experiences - Düsseldorf, Germany",Speechify,"Dusseldorf, North Rhine-Westphalia, Germany",False,Full Time,,0,2026-09-09,Arbeitnow,https://www.arbeitnow.com/jobs/companies/speechify/senior-software-engineer-core-experiences-dusseldorf-germany-dusseldorf-460599
software-engineer-platform-frankfurt-germany-387886,"Software Engineer, Platform - Frankfurt, Germany",Speechify,"Frankfurt, Hesse, Germany",False,Full Time,,0,2026-09-09,Arbeitnow,https://www.arbeitnow.com/jobs/companies/speechify/software-engineer-platform-frankfurt-germany-387886
steuerberater-in-altenmunster-auf-wunsch-mit-partnerperspektive-gesucht-mindestens-90000eur-447735,"Steuerberater (m/w/d) in Altenmünster, auf Wunsch mit Partnerperspektive, gesucht - mindestens 90.000€",Taxtalente.de,Altenmünster,False,Full Time,"Directors, Chief Executives",2,2026-09-09,Arbeitnow,https://www.arbeitnow.com/jobs/companies/taxtalentede/steuerberater-in-altenmunster-auf-wunsch-mit-partnerperspektive-gesucht-mindestens-90000eur-447735
steuerberater-in-forchheim-auf-wunsch-mit-partnerperspektive-gesucht-mindestens-90000eur-74676,"Steuerberater (m/w/d) in Forchheim, auf Wunsch mit Partnerperspektive, gesucht - mindestens 90.000€",Taxtalente.de,Forchheim,False,Full Time,"Directors, Chief Executives",2,2026-09-09,Arbeitnow,https://www.arbeitnow.com/jobs/companies/taxtalentede/steuerberater-in-forchheim-auf-wunsch-mit-partnerperspektive-gesucht-mindestens-90000eur-74676
steuerberater-in-grunkraut-auf-wunsch-mit-partnerperspektive-gesucht-mindestens-90000eur-489819,"Steuerberater (m/w/d) in Grünkraut, auf Wunsch mit Partnerperspektive, gesucht - mindestens 90.000€",Taxtalente.de,Grünkraut,False,Full Time,"Directors, Chief Executives",2,2026-09-09,Arbeitnow,https://www.arbeitnow.com/jobs/companies/taxtalentede/steuerberater-in-grunkraut-auf-wunsch-mit-partnerperspektive-gesucht-mindestens-90000eur-489819
steuerberater-in-frankfurt-am-main-auf-wunsch-mit-partnerperspektive-gesucht-mindestens-90000eur-153060,"Steuerberater (m/w/d) in Frankfurt am Main, auf Wunsch mit Partnerperspektive, gesucht - mindestens 90.000€",Taxtalente.de,Frankfurt am Main,False,Full Time,"Directors, Chief Executives",2,2026-09-09,Arbeitnow,https://www.arbeitnow.com/jobs/companies/taxtalentede/steuerberater-in-frankfurt-am-main-auf-wunsch-mit-partnerperspektive-gesucht-mindestens-90000eur-153060
steuerberater-in-neuenstadt-am-kocher-auf-wunsch-mit-partnerperspektive-gesucht-mindestens-90000eur-372718,"Steuerberater (m/w/d) in Neuenstadt am Kocher, auf Wunsch mit Partnerperspektive, gesucht - mindestens 90.000€",Taxtalente.de,Neuenstadt am Kocher,False,Full Time,"Directors, Chief Executives",2,2026-09-09,Arbeitnow,https://www.arbeitnow.com/jobs/companies/taxtalentede/steuerberater-in-neuenstadt-am-kocher-auf-wunsch-mit-partnerperspektive-gesucht-mindestens-90000eur-372718
steuerberater-in-eriskirch-auf-wunsch-mit-partnerperspektive-gesucht-mindestens-90000eur-348930,"Steuerberater (m/w/d) in Eriskirch, auf Wunsch mit Partnerperspektive, gesucht - mindestens 90.000€",Taxtalente.de,Eriskirch,False,Full Time,"Directors, Chief Executives",2,2026-09-09,Arbeitnow,https://www.arbeitnow.com/jobs/companies/taxtalentede/steuerberater-in-eriskirch-auf-wunsch-mit-partnerperspektive-gesucht-mindestens-90000eur-348930
steuerberater-in-notzingen-auf-wunsch-mit-partnerperspektive-gesucht-mindestens-90000eur-63999,"Steuerberater (m/w/d) in Notzingen, auf Wunsch mit Partnerperspektive, gesucht - mindestens 90.000€",Taxtalente.de,Notzingen,False,Full Time,"Directors, Chief Executives",2,2026-09-09,Arbeitnow,https://www.arbeitnow.com/jobs/companies/taxtalentede/steuerberater-in-notzingen-auf-wunsch-mit-partnerperspektive-gesucht-mindestens-90000eur-63999
steuerberater-in-massenbachhausen-auf-wunsch-mit-partnerperspektive-gesucht-mindestens-90000eur-211443,"Steuerberater (m/w/d) in Massenbachhausen, auf Wunsch mit Partnerperspektive, gesucht - mindestens 90.000€",Taxtalente.de,Massenbachhausen,False,Full Time,"Directors, Chief Executives",2,2026-09-09,Arbeitnow,https://www.arbeitnow.com/jobs/companies/taxtalentede/steuerberater-in-massenbachhausen-auf-wunsch-mit-partnerperspektive-gesucht-mindestens-90000eur-211443
senior-technical-sales-manager-mechanik-dormagen-249494,Senior Technical Sales Manager Mechanik (m/w/d),CURRENTA GRUPPE,"Dormagen, Nordrhein-Westfalen, Deutschland",False,"Manager, fulltime permanent",TEC - Mechanik,1,2026-09-09,Arbeitnow,https://www.arbeitnow.com/jobs/companies/currenta-gruppe/senior-technical-sales-manager-mechanik-dormagen-249494
senior-technical-sales-manager-bug-leverkusen-81945,Senior Technical Sales Manager BuG (m/w/d),CURRENTA GRUPPE,"Leverkusen, Nordrhein-Westfalen, Deutschland",False,"Manager, fulltime permanent",TEC - Betriebe und Gebäude,1,2026-09-09,Arbeitnow,https://www.arbeitnow.com/jobs/companies/currenta-gruppe/senior-technical-sales-manager-bug-leverkusen-81945
sales-fm-director-germany-408140,Sales FM Director Germany,Ircagroup,Germany,False,Permanent Full-Time,Sales EMEA,1,2026-09-09,Arbeitnow,https://www.arbeitnow.com/jobs/companies/ircagroup/sales-fm-director-germany-408140
remote-sre-manager-249615,SRE Manager,Parity,Remote,True,Full Time,Acceleration,1,2026-09-09,Arbeitnow,https://www.arbeitnow.com/jobs/companies/parity/remote-sre-manager-249615
talent-acquisition-sourcing-specialist-ulm-213295,Talent Acquisition & Sourcing Specialist (m/w/d),encontec GmbH,"Ulm , Baden-Württemberg, Deutschland",False,"Mid, fulltime fixed term",AÜ-Hensoldt,1,2026-09-09,Arbeitnow,https://www.arbeitnow.com/jobs/companies/encontec-gmbh/talent-acquisition-sourcing-specialist-ulm-213295
werkstudent-wirtschaftsinformatik-it-20h-woche-koln-311449,Werkstudent Wirtschaftsinformatik / IT (m/w/d) - 20h/Woche,Conesso,"Köln, Nordrhein-Westfalen, Deutschland",False,"Entry, parttime fixed term",Business Development,1,2026-09-09,Arbeitnow,https://www.arbeitnow.com/jobs/companies/conesso/werkstudent-wirtschaftsinformatik-it-20h-woche-koln-311449
ai-product-owner-lyon-france-berlin-102570,"AI Product Owner (Lyon, France)",Archimed,"Berlin, Germany",False,"Full time, associate","Information Technology, Venture Capital & Private Equity, Archimed",3,2026-09-09,Arbeitnow,https://www.arbeitnow.com/jobs/companies/archimed/ai-product-owner-lyon-france-berlin-102570
regional-account-manager-public-sector-germany-282257,Regional Account Manager - Public Sector,Magnet Forensics,Germany,False,Full-Time,Sales,1,2026-09-09,Arbeitnow,https://www.arbeitnow.com/jobs/companies/magnet-forensics/regional-account-manager-public-sector-germany-282257
werkstudentin-pre-sales-inside-sales-20h-warmepumpen-heidelberg-de-476657,Werkstudent*in Pre-Sales / Inside Sales 20h – Wärmepumpen (m/w/d),Octopus Energy Group,Heidelberg (DE),False,Student,Student*innen/Praktikum,1,2026-09-09,Arbeitnow,https://www.arbeitnow.com/jobs/companies/octopus-energy-group/werkstudentin-pre-sales-inside-sales-20h-warmepumpen-heidelberg-de-476657
customer-success-manager-german-market-berlin-407300,Customer Success Manager - German Market (Berlin),Lexroom,Berlin,False,Full Time,Customer Success,1,2026-09-09,Arbeitnow,https://www.arbeitnow.com/jobs/companies/lexroom/customer-success-manager-german-market-berlin-407300
bdr-team-manager-german-market-berlin-278430,BDR Team Manager - German Market (Berlin),Lexroom,Berlin,False,Full Time,Sales,1,2026-09-09,Arbeitnow,https://www.arbeitnow.com/jobs/companies/lexroom/bdr-team-manager-german-market-berlin-278430
junior-production-engineer-munich-193188,Junior Production Engineer,RobCo,Munich,False,Full Time,Solutions,1,2026-09-09,Arbeitnow,https://www.arbeitnow.com/jobs/companies/robco/junior-production-engineer-munich-193188
senior-partner-manager-dach-cologne-358398,Senior Partner Manager - DACH,Tellent,"Cologne, Nordrhein-Westfalen, Germany",False,"Mid, fulltime fixed term",1. GTM,1,2026-09-09,Arbeitnow,https://www.arbeitnow.com/jobs/companies/tellent/senior-partner-manager-dach-cologne-358398
werkstudent-corporate-banking-sales-frankfurt-am-main-2852,Werkstudent (m/w/d) Corporate Banking Sales,SEB,Frankfurt am Main,False,Full Time,Global Banking,1,2026-09-09,Arbeitnow,https://www.arbeitnow.com/jobs/companies/seb/werkstudent-corporate-banking-sales-frankfurt-am-main-2852
marketing-managerin-social-media-creator-frankfurt-am-main-184162,Marketing Manager*in Social Media & Creator (m/w/d),tāep,Frankfurt am Main,False,Full Time,Social Media Manager,1,2026-09-09,Arbeitnow,https://www.arbeitnow.com/jobs/companies/taep/marketing-managerin-social-media-creator-frankfurt-am-main-184162
senior-full-stack-developer-typescript-nextjs-berlin-101785,Senior Full-Stack Developer (m/w/d) - TypeScript / Next.js,yannick.digital GmbH,Berlin,True,Full Time,"Remote, Software Development",2,2026-09-10,Arbeitnow,https://www.arbeitnow.com/jobs/companies/yannickdigital-gmbh/senior-full-stack-developer-typescript-nextjs-berlin-101785
praktikum-online-marketing-media-design-content-creation-social-media-startup-kultur-berlin-79261,"Praktikum Online Marketing & Media Design (m/w/d) - Content Creation, Social Media & Startup-Kultur",Think3DDD GbR,Berlin,False,Internship,Marketing and Communication,1,2026-09-09,Arbeitnow,https://www.arbeitnow.com/jobs/companies/think3ddd-gbr/praktikum-online-marketing-media-design-content-creation-social-media-startup-kultur-berlin-79261
sales-customer-success-manager-berlin-291940,Sales & Customer Success Manager (m/w/d),yannick.digital GmbH,Berlin,True,berufserfahren,"Remote, Consulting, Engineering",3,2026-09-09,Arbeitnow,https://www.arbeitnow.com/jobs/companies/yannickdigital-gmbh/sales-customer-success-manager-berlin-291940
lead-engineer-b2b-saas-industrieplattform-leipzig-202498,Lead Engineer (m/w/d) -  B2B-SaaS & Industrieplattform,TOOLPLACE GmbH,Leipzig,False,teamleitung,Software Development,1,2026-09-09,Arbeitnow,https://www.arbeitnow.com/jobs/companies/toolplace-gmbh/lead-engineer-b2b-saas-industrieplattform-leipzig-202498
business-development-team-lead-b2b-saas-berlin-hybrid-392794,Business Development Team Lead (m/w/d) | B2B SaaS | Berlin | Hybrid,pplwise,Berlin,False,Full Time,🤩 Work with our clients,1,2026-09-09,Arbeitnow,https://www.arbeitnow.com/jobs/companies/pplwise/business-development-team-lead-b2b-saas-berlin-hybrid-392794
working-student-data-collection-hamburg-391639,Working Student Data Collection,Statista,Hamburg,False,Part Time,Working students / Interns / Trainees,1,2026-09-09,Arbeitnow,https://www.arbeitnow.com/jobs/companies/statista/working-student-data-collection-hamburg-391639
partnerships-lead-berlin-473596,Partnerships Lead (f/m/x),Doinstruct,Berlin,False,Full Time,Sales,1,2026-09-09,Arbeitnow,https://www.arbeitnow.com/jobs/companies/doinstruct/partnerships-lead-berlin-473596
working-student-finance-all-genders-berlin-267153,Working Student Finance (all genders),Q Energy,"Berlin, Germany",False,Part time,Germany Division,1,2026-09-09,Arbeitnow,https://www.arbeitnow.com/jobs/companies/q-energy/working-student-finance-all-genders-berlin-267153
head-of-brand-marketing-berlin-338123,Head of Brand & Marketing (m/w/d),bang bang noodles,Berlin,False,teamleitung,Social Media Manager,1,2026-09-09,Arbeitnow,https://www.arbeitnow.com/jobs/companies/bang-bang-noodles/head-of-brand-marketing-berlin-338123
founders-associate-marketing-berlin-471434,Founder's Associate - Marketing (m/w/d),Sunpeak Capital,Berlin,False,Full Time,Marketing and Communication,1,2026-09-09,Arbeitnow,https://www.arbeitnow.com/jobs/companies/sunpeak-capital/founders-associate-marketing-berlin-471434
growth-manager-renewable-energy-startup-berlin-187808,Growth Manager (m/w/d) - Renewable Energy Startup,Sunpeak Capital,Berlin,False,Full Time,Marketing and Communication,1,2026-09-09,Arbeitnow,https://www.arbeitnow.com/jobs/companies/sunpeak-capital/growth-manager-renewable-energy-startup-berlin-187808
vp-marketing-cologne-48254,Head of Marketing (m/f/d),Ordio GmbH,Cologne,False,manager,Strategic Marketing,1,2026-09-10,Arbeitnow,https://www.arbeitnow.com/jobs/companies/ordio-gmbh/vp-marketing-cologne-48254
controls-engineer-rust-backend-for-the-renewable-energy-industry-berlin-38841,Controls Engineer - Rust Backend (m/f/d) for the renewable energy industry,H.E.A.T. Energie-Software GmbH,Berlin,False,professional / experienced,Software Development,1,2026-09-09,Arbeitnow,https://www.arbeitnow.com/jobs/companies/heat-energie-software-gmbh/controls-engineer-rust-backend-for-the-renewable-energy-industry-berlin-38841
software-engineer-iot-cloud-edge-backend-for-the-renewable-energy-industry-berlin-71176,Software Engineer - IoT/Cloud/Edge Backend (m/f/d) for the renewable energy industry,H.E.A.T. Energie-Software GmbH,Berlin,False,Full Time,Software Development,1,2026-09-09,Arbeitnow,https://www.arbeitnow.com/jobs/companies/heat-energie-software-gmbh/software-engineer-iot-cloud-edge-backend-for-the-renewable-energy-industry-berlin-71176
senior-solutions-engineer-aachen-berlin-236137,Senior Solutions Engineer,Geotab,Aachen; Berlin,False,Full Time,SolEng EMEA,1,2026-09-09,Arbeitnow,https://www.arbeitnow.com/jobs/companies/geotab/senior-solutions-engineer-aachen-berlin-236137
director-of-revenue-operations-berlin-408300,Director of Revenue Operations (m/f/x),Eye Security,Berlin - hybrid,False,Full Time,Business,1,2026-09-09,Arbeitnow,https://www.arbeitnow.com/jobs/companies/eye-security/director-of-revenue-operations-berlin-408300
collection-operations-process-manager-all-genders-munchen-411333,Collection Operations & Process Manager (all genders),Wemolo,Munich,False,Full Time,Operations,1,2026-09-09,Arbeitnow,https://www.arbeitnow.com/jobs/companies/wemolo/collection-operations-process-manager-all-genders-munchen-411333
remotive-1680495,Remote Office Assistant,Coalition Technologies,Worldwide,True,full_time,"CSS, excel, frontend, git, html, illustrator, magento, photoshop, php, shopify, wordpress, MySQL, startup, responsive, themes, bootstrap, insurance, jQuery, Ajax",19,2026-09-11,Remotive,https://remotive.com/remote-jobs/marketing/remote-office-assistant-1680495
remotive-2091126,AI Response Evaluator,iMerit Technology,"France, Japan, Turkey, Vietnam, Mexico, Norway",True,freelance,"AI/ML, research, SOLID",3,2026-09-11,Remotive,https://remotive.com/remote-jobs/artificial-intelligence/ai-response-evaluator-2091126
remotive-2086540,Inside Sales Contractor,"Credit Wellness, LLC",Worldwide,True,full_time,"CRM, google sheets, financial services, Inside Sales",4,2026-09-08,Remotive,https://remotive.com/remote-jobs/sales/inside-sales-contractor-2086540
remotive-2091045,Tier III Service Desk Engineer,Unio Digital,Worldwide,True,full_time,"azure, cisco, security, video, documentation, hardware, helpdesk, onboarding, MSP, ticketing, Microsoft 365, IT systems",12,2026-09-07,Remotive,https://remotive.com/remote-jobs/information-technology/tier-iii-service-desk-engineer-2091045
remotive-1185979,Freelance Writer,IAPWE,Worldwide,True,freelance,REST,1,2026-09-04,Remotive,https://remotive.com/remote-jobs/writing/freelance-writer-1185979
remotive-1749306,Freelance Copywriter,Coalition Technologies,Worldwide,True,freelance,"accounting, excel, research, data analysis, bookkeeping, google sheets, quickbooks, data entry, insurance, G Suite",10,2026-09-02,Remotive,https://remotive.com/remote-jobs/writing/freelance-copywriter-1749306
remotive-2091101,Senior React Full-stack Developer,Lemon.io,"LATAM, Europe, USA, Canada, APAC",True,full_time,".Net, android, AWS, backend, C, C#, C++, data science, fullstack, golang, ios, java, javascript, node.js, php, python, react, react js, ruby/rails, scala, shopify, swift, UI/UX, wordpress, blockchain, AI/ML, automation, project management, react native, rust, unity, electron, spring, laravel, Ethereum, graphic design, Typescript , angular , firebase, data engineering, Site Reliability, Symfony, startup, marketplace, next.js, flutter",46,2026-08-27,Remotive,https://remotive.com/remote-jobs/software-development/senior-react-full-stack-developer-2091101
remotive-2091100,Senior QA Engineer,Lemon.io,Europe,True,full_time,".Net, android, C, C#, C++, data science, golang, ios, java, javascript, node.js, php, python, react, ruby/rails, scala, shopify, swift, UI/UX, wordpress, blockchain, AI/ML, automation, project management, react native, rust, unity, electron, spring, laravel, Ethereum, graphic design, Typescript , cypress, angular , selenium, firebase, data engineering, Site Reliability, Symfony, manual testing, marketplace, testing, next.js, flutter",45,2026-08-26,Remotive,https://remotive.com/remote-jobs/qa/senior-qa-engineer-2091100
remotive-2091099,Senior DevOps Engineer,Lemon.io,"LATAM, Europe, USA, Canada, APAC",True,full_time,".Net, android, AWS, azure, C, C#, C++, data science, golang, heroku, ios, java, javascript, kubernetes, node.js, php, python, react, ruby/rails, scala, shopify, sql, swift, UI/UX, wordpress, blockchain, AI/ML, automation, project management, react native, rust, product management, unity, electron, spring, data analysis, bash, laravel, Ethereum, graphic design, Typescript , terraform, angular , GCP, firebase, data engineering, Site Reliability, Symfony, Linux/Unix, marketplace, next.js, infrastructure, flutter",53,2026-08-25,Remotive,https://remotive.com/remote-jobs/devops/senior-devops-engineer-2091099
remotive-2091105,Content Reviewer - English US,TELUS Digital,USA,True,part_time,"android, ios, social media, AI/ML",4,2026-08-21,Remotive,https://remotive.com/remote-jobs/all-others/content-reviewer-english-us-2091105
remotive-2091098,Senior Golang Developer,Lemon.io,"Europe, USA, UK, Canada, Australia, Singapore",True,full_time,".Net, android, C, C#, C++, data science, golang, ios, java, javascript, kubernetes, node.js, php, python, react, ruby/rails, scala, shopify, swift, UI/UX, wordpress, blockchain, AI/ML, automation, project management, react native, research, rust, product management, unity, electron, spring, data analysis, laravel, Ethereum, graphic design, Typescript , angular , data engineering, Site Reliability, Symfony, marketplace, next.js, flutter",44,2026-08-20,Remotive,https://remotive.com/remote-jobs/software-development/senior-golang-developer-2091098
remotive-2091097,Senior Data Engineer,Lemon.io,"LATAM, Europe, USA, Canada, APAC",True,full_time,".Net, android, apache, AWS, azure, C, C#, C++, data science, golang, ios, java, javascript, node.js, php, python, react, ruby/rails, scala, shopify, sql, swift, UI/UX, wordpress, blockchain, AI/ML, automation, project management, react native, rust, product management, unity, electron, spring, laravel, Ethereum, graphic design, Typescript , angular , GCP, Snowflake, Site Reliability, Symfony, startup, marketplace, next.js, flutter",47,2026-08-19,Remotive,https://remotive.com/remote-jobs/software-development/senior-data-engineer-2091097
remotive-1919266,Senior Independent AI Engineer / Architect,A.Team,"Americas, Europe, Israel",True,contract,"go, UI/UX, wordpress, chat, apple, testing, catalyst",7,2026-08-16,Remotive,https://remotive.com/remote-jobs/software-development/senior-independent-ai-engineer-architect-1919266
remotive-1919265,Senior Independent Software Developer,A.Team,"Americas, Europe, Israel",True,contract,"go, wordpress, chat, apple, testing, catalyst",6,2026-08-16,Remotive,https://remotive.com/remote-jobs/software-development/senior-independent-software-developer-1919265
remotive-2091068,Head of Marketing & Communications,garden3d,Worldwide,True,contract,"C, video, open source, AI/ML, Figma, project management, editing, IoT, testing, themes, mobile development",11,2026-08-15,Remotive,https://remotive.com/remote-jobs/marketing/head-of-marketing-communications-2091068
remotive-2069746,Tech Lead Full-Stack Rails Engineer,Mitre Media,"USA, Canada, USA timezones",True,full_time,"api, CSS, docker, elasticsearch, fullstack, html, javascript, kubernetes, postgresql, react, ror, ruby/rails, AI/ML, CAD, advertising, Redis, ES6, web applications, MySQL, NLP, fintech, Micro services, github, system architecture",24,2026-08-14,Remotive,https://remotive.com/remote-jobs/software-development/tech-lead-full-stack-rails-engineer-2069746
